TransactionID,AccountID,TransactionType,Amount,TransactionDate,Channel,Currency,TransactionStatus
900001,50453,DEBIT,2740.61,2026-07-02,ATM,CAD,SUCCESS
900002,50752,DEBIT,4089.87,2026-07-11,BRANCH,CAD,SUCCESS
900003,51117,DEBIT,2330.63,2026-08-16,ONLINE,CAD,SUCCESS
900004,50397,CREDIT,2065.71,2026-07-20,ONLINE,CAD,SUCCESS
900005,50090,CREDIT,1093.53,2026-09-01,BRANCH,CAD,SUCCESS
900006,50313,CREDIT,1364.78,2026-09-25,ATM,CAD,SUCCESS
900007,50190,CREDIT,2041.25,2026-07-30,POS,CAD,SUCCESS
900008,51196,DEBIT,39.14,2026-09-02,ATM,CAD,SUCCESS
900009,50133,CREDIT,1936.65,2026-08-22,POS,CAD,SUCCESS
900010,50573,CREDIT,4140.81,2026-08-02,ATM,CAD,SUCCESS
900011,50856,DEBIT,2737.61,2026-09-25,POS,CAD,SUCCESS
900012,50123,DEBIT,1484.16,2026-08-05,BRANCH,CAD,SUCCESS
900013,50388,DEBIT,3328.3,2026-08-21,ONLINE,CAD,SUCCESS
900014,50264,CREDIT,4117.09,2026-09-23,ONLINE,CAD,SUCCESS
900015,51076,DEBIT,2262.28,2026-07-02,BRANCH,CAD,SUCCESS
900016,50502,CREDIT,1934.76,2026-09-21,BRANCH,CAD,SUCCESS
900017,51161,CREDIT,1362.7,2026-09-01,POS,CAD,SUCCESS
900018,50887,DEBIT,2253.89,2026-09-09,BRANCH,CAD,SUCCESS
900019,50136,DEBIT,1098.49,2026-09-27,ATM,CAD,SUCCESS
900020,50022,DEBIT,4522.6,2026-09-12,POS,CAD,SUCCESS
900021,50922,DEBIT,2976.52,2026-09-25,POS,CAD,SUCCESS
900022,50975,CREDIT,4989.12,2026-08-03,BRANCH,CAD,SUCCESS
900023,50678,CREDIT,2554.77,2026-08-21,ONLINE,CAD,SUCCESS
900024,50541,CREDIT,266.09,2026-07-09,ONLINE,CAD,SUCCESS
900025,51219,CREDIT,4934.48,2026-09-12,ATM,CAD,SUCCESS
900026,50610,CREDIT,2938.23,2026-08-22,BRANCH,CAD,SUCCESS
900027,51034,CREDIT,127.36,2026-08-25,ONLINE,CAD,SUCCESS
900028,50815,CREDIT,4503.51,2026-07-21,ATM,CAD,SUCCESS
900029,50217,DEBIT,2292.48,2026-08-08,BRANCH,CAD,SUCCESS
900030,50602,DEBIT,753.66,2026-08-06,ONLINE,CAD,SUCCESS
900031,50530,CREDIT,414.21,2026-08-21,ATM,CAD,SUCCESS
900032,50246,CREDIT,153.17,2026-08-14,BRANCH,CAD,SUCCESS
900033,50951,CREDIT,884.89,2026-09-17,BRANCH,CAD,SUCCESS
900034,51232,CREDIT,4396.45,2026-07-09,ATM,CAD,SUCCESS
900035,50134,DEBIT,4463.3,2026-07-20,BRANCH,CAD,SUCCESS
900036,50876,DEBIT,3309.07,2026-07-23,ONLINE,CAD,SUCCESS
900037,50670,DEBIT,102.24,2026-07-07,BRANCH,CAD,SUCCESS
900038,50382,DEBIT,2317.42,2026-07-01,ONLINE,CAD,SUCCESS
900039,51032,DEBIT,724.86,2026-09-02,POS,CAD,SUCCESS
900040,51192,DEBIT,4987.9,2026-09-06,POS,CAD,SUCCESS
900041,50346,CREDIT,1445.06,2026-07-20,POS,CAD,SUCCESS
900042,51165,DEBIT,3873.48,2026-08-26,ATM,CAD,SUCCESS
900043,50885,CREDIT,828.35,2026-08-07,POS,CAD,SUCCESS
900044,50124,CREDIT,2095.32,2026-09-08,POS,CAD,SUCCESS
900045,50792,DEBIT,356.42,2026-09-17,ATM,CAD,SUCCESS
900046,51142,DEBIT,3763.0,2026-07-27,ONLINE,CAD,SUCCESS
900047,50151,DEBIT,2593.91,2026-07-19,ATM,CAD,SUCCESS
900048,50411,DEBIT,2251.61,2026-09-09,POS,CAD,SUCCESS
900049,50930,DEBIT,3473.03,2026-09-10,ONLINE,CAD,SUCCESS
900050,50303,DEBIT,4349.9,2026-08-18,BRANCH,CAD,SUCCESS
900051,50550,DEBIT,1390.19,2026-07-24,BRANCH,CAD,SUCCESS
900052,50037,CREDIT,862.88,2026-08-01,ATM,CAD,SUCCESS
900053,51022,CREDIT,191.52,2026-09-04,BRANCH,CAD,SUCCESS
900054,50322,CREDIT,2610.15,2026-08-16,BRANCH,CAD,SUCCESS
900055,50176,DEBIT,3230.53,2026-09-11,POS,CAD,SUCCESS
900056,50148,DEBIT,2510.07,2026-09-17,BRANCH,CAD,SUCCESS
900057,50611,DEBIT,760.25,2026-08-18,BRANCH,CAD,SUCCESS
900058,50902,DEBIT,1066.33,2026-07-22,BRANCH,CAD,SUCCESS
900059,50928,CREDIT,470.38,2026-08-26,BRANCH,CAD,SUCCESS
900060,50636,CREDIT,2442.93,2026-08-09,ATM,CAD,SUCCESS
900061,50455,CREDIT,4507.39,2026-08-29,BRANCH,CAD,SUCCESS
900062,50963,CREDIT,379.36,2026-08-28,POS,CAD,SUCCESS
900063,50627,DEBIT,4884.78,2026-09-29,POS,CAD,SUCCESS
900064,50408,CREDIT,4269.04,2026-07-11,ATM,CAD,SUCCESS
900065,50651,DEBIT,1217.19,2026-08-20,ATM,CAD,SUCCESS
900066,50107,CREDIT,3460.56,2026-09-08,ONLINE,CAD,SUCCESS
900067,50540,CREDIT,4261.95,2026-08-15,ONLINE,CAD,SUCCESS
900068,51030,CREDIT,4017.65,2026-08-22,ONLINE,CAD,SUCCESS
900069,50258,DEBIT,3969.58,2026-09-17,POS,CAD,SUCCESS
900070,50275,CREDIT,3104.85,2026-08-18,POS,CAD,SUCCESS
900071,50383,DEBIT,1192.14,2026-07-19,BRANCH,CAD,SUCCESS
900072,50255,CREDIT,2564.45,2026-07-09,ATM,CAD,SUCCESS
900073,50131,CREDIT,3891.12,2026-08-02,POS,CAD,SUCCESS
900074,50545,DEBIT,614.24,2026-08-20,ATM,CAD,SUCCESS
900075,50845,DEBIT,3640.68,2026-07-15,ATM,CAD,SUCCESS
900076,50424,DEBIT,4226.08,2026-07-08,POS,CAD,SUCCESS
900077,50353,DEBIT,2935.88,2026-07-05,ATM,CAD,SUCCESS
900078,50329,CREDIT,3595.8,2026-09-26,ONLINE,CAD,SUCCESS
900079,50173,CREDIT,3075.02,2026-07-28,POS,CAD,SUCCESS
900080,50709,CREDIT,1299.27,2026-07-14,POS,CAD,SUCCESS
900081,51065,CREDIT,2691.89,2026-07-20,ONLINE,CAD,SUCCESS
900082,50646,CREDIT,4966.61,2026-09-29,ATM,CAD,SUCCESS
900083,50997,CREDIT,2524.98,2026-08-25,ONLINE,CAD,SUCCESS
900084,50807,CREDIT,3056.04,2026-08-23,POS,CAD,SUCCESS
900085,50929,DEBIT,3067.82,2026-08-03,ATM,CAD,SUCCESS
900086,50660,DEBIT,2950.51,2026-09-10,BRANCH,CAD,SUCCESS
900087,50655,DEBIT,1870.88,2026-08-17,BRANCH,CAD,SUCCESS
900088,51165,CREDIT,1460.99,2026-08-22,POS,CAD,SUCCESS
900089,50465,CREDIT,1518.33,2026-08-28,ATM,CAD,SUCCESS
900090,50428,CREDIT,30.84,2026-09-15,BRANCH,CAD,SUCCESS
900091,50892,CREDIT,1225.26,2026-07-04,ATM,CAD,SUCCESS
900092,50537,DEBIT,322.53,2026-09-22,BRANCH,CAD,SUCCESS
900093,50116,DEBIT,3754.62,2026-09-14,ATM,CAD,SUCCESS
900094,50438,CREDIT,3534.81,2026-07-29,ATM,CAD,SUCCESS
900095,50699,DEBIT,839.42,2026-07-28,POS,CAD,SUCCESS
900096,51021,CREDIT,451.04,2026-07-06,BRANCH,CAD,SUCCESS
900097,50379,DEBIT,3433.65,2026-08-10,ONLINE,CAD,SUCCESS
900098,50648,DEBIT,4916.3,2026-08-27,POS,CAD,SUCCESS
900099,50051,CREDIT,3996.65,2026-07-03,ONLINE,CAD,SUCCESS
900100,50996,CREDIT,2346.12,2026-09-02,ONLINE,CAD,SUCCESS
900101,50898,DEBIT,2133.76,2026-07-02,BRANCH,CAD,SUCCESS
900102,50101,DEBIT,589.75,2026-08-20,POS,CAD,SUCCESS
900103,50517,DEBIT,2919.3,2026-07-06,ONLINE,CAD,SUCCESS
900104,50506,CREDIT,2342.09,2026-09-14,BRANCH,CAD,SUCCESS
900105,50770,DEBIT,614.12,2026-07-01,POS,CAD,SUCCESS
900106,50134,CREDIT,4325.01,2026-09-02,ONLINE,CAD,SUCCESS
900107,50804,DEBIT,2864.92,2026-08-22,ONLINE,CAD,SUCCESS
900108,50326,DEBIT,3604.47,2026-09-19,POS,CAD,SUCCESS
900109,50951,DEBIT,3312.65,2026-07-27,POS,CAD,SUCCESS
900110,51197,DEBIT,1147.99,2026-08-12,ATM,CAD,SUCCESS
900111,50715,DEBIT,383.85,2026-07-13,POS,CAD,SUCCESS
900112,50389,DEBIT,1844.6,2026-07-07,ONLINE,CAD,SUCCESS
900113,50298,DEBIT,4840.22,2026-08-08,POS,CAD,SUCCESS
900114,50882,DEBIT,1080.02,2026-07-20,BRANCH,CAD,SUCCESS
900115,50263,DEBIT,3001.0,2026-08-13,ATM,CAD,SUCCESS
900116,51098,CREDIT,627.68,2026-07-29,ONLINE,CAD,SUCCESS
900117,51147,CREDIT,3547.49,2026-08-19,BRANCH,CAD,SUCCESS
900118,50351,CREDIT,3411.04,2026-09-02,ONLINE,CAD,SUCCESS
900119,50713,DEBIT,3598.41,2026-09-29,BRANCH,CAD,SUCCESS
900120,50020,CREDIT,1319.43,2026-09-05,ONLINE,CAD,SUCCESS
900121,50606,CREDIT,977.43,2026-09-13,ATM,CAD,SUCCESS
900122,51247,CREDIT,4103.84,2026-08-31,ONLINE,CAD,SUCCESS
900123,51188,DEBIT,227.95,2026-09-21,ONLINE,CAD,SUCCESS
900124,50374,DEBIT,2418.13,2026-07-16,BRANCH,CAD,SUCCESS
900125,50607,CREDIT,2037.53,2026-07-18,POS,CAD,SUCCESS
900126,50629,CREDIT,2437.96,2026-08-28,ATM,CAD,SUCCESS
900127,50240,CREDIT,2972.78,2026-07-21,POS,CAD,SUCCESS
900128,50182,CREDIT,1509.27,2026-07-16,ONLINE,CAD,SUCCESS
900129,50217,DEBIT,1237.84,2026-07-11,BRANCH,CAD,SUCCESS
900130,50730,CREDIT,255.37,2026-08-25,POS,CAD,SUCCESS
900131,50950,CREDIT,4608.0,2026-07-08,POS,CAD,SUCCESS
900132,50024,CREDIT,4143.81,2026-07-13,BRANCH,CAD,SUCCESS
900133,50862,DEBIT,2268.49,2026-08-20,ATM,CAD,SUCCESS
900134,50999,CREDIT,906.74,2026-09-29,ONLINE,CAD,SUCCESS
900135,50557,DEBIT,2895.39,2026-07-21,ONLINE,CAD,SUCCESS
900136,51233,DEBIT,4031.59,2026-07-15,BRANCH,CAD,SUCCESS
900137,51002,DEBIT,4363.92,2026-07-11,POS,CAD,SUCCESS
900138,50579,DEBIT,3579.87,2026-07-24,BRANCH,CAD,SUCCESS
900139,51223,CREDIT,1675.39,2026-09-07,BRANCH,CAD,SUCCESS
900140,51133,CREDIT,3858.51,2026-07-05,ONLINE,CAD,SUCCESS
900141,51071,CREDIT,282.4,2026-09-06,POS,CAD,SUCCESS
900142,50560,CREDIT,4410.21,2026-08-22,ONLINE,CAD,SUCCESS
900143,51136,DEBIT,3769.55,2026-07-28,ATM,CAD,SUCCESS
900144,50755,CREDIT,4976.49,2026-09-27,ATM,CAD,SUCCESS
900145,51236,CREDIT,1861.85,2026-09-06,ATM,CAD,SUCCESS
900146,50866,CREDIT,2078.61,2026-08-03,POS,CAD,SUCCESS
900147,50633,CREDIT,3000.87,2026-09-10,ONLINE,CAD,SUCCESS
900148,51035,CREDIT,2257.67,2026-08-01,ATM,CAD,SUCCESS
900149,50433,CREDIT,4965.65,2026-07-17,ONLINE,CAD,SUCCESS
900150,51200,CREDIT,3342.76,2026-08-04,POS,CAD,SUCCESS
900151,50495,CREDIT,558.65,2026-07-01,ONLINE,CAD,SUCCESS
900152,50953,CREDIT,4004.47,2026-07-08,POS,CAD,SUCCESS
900153,50971,CREDIT,2877.41,2026-07-11,BRANCH,CAD,SUCCESS
900154,50049,CREDIT,4947.19,2026-09-08,ONLINE,CAD,SUCCESS
900155,50816,CREDIT,1608.07,2026-07-11,ONLINE,CAD,SUCCESS
900156,51248,DEBIT,4460.16,2026-08-30,ATM,CAD,SUCCESS
900157,50776,CREDIT,895.04,2026-07-26,ATM,CAD,SUCCESS
900158,50717,DEBIT,1478.27,2026-08-27,ATM,CAD,SUCCESS
900159,50946,DEBIT,4917.21,2026-07-05,ONLINE,CAD,SUCCESS
900160,50893,CREDIT,3167.74,2026-09-13,ATM,CAD,SUCCESS
900161,50107,CREDIT,1024.64,2026-08-29,POS,CAD,SUCCESS
900162,50915,DEBIT,4843.81,2026-08-19,POS,CAD,SUCCESS
900163,50695,CREDIT,4721.05,2026-07-30,POS,CAD,SUCCESS
900164,51171,CREDIT,3022.38,2026-08-04,BRANCH,CAD,SUCCESS
900165,50115,DEBIT,3059.88,2026-08-18,POS,CAD,SUCCESS
900166,51035,DEBIT,2769.26,2026-07-18,ONLINE,CAD,SUCCESS
900167,51022,CREDIT,1056.73,2026-07-11,POS,CAD,SUCCESS
900168,50777,CREDIT,4045.6,2026-08-15,BRANCH,CAD,SUCCESS
900169,50791,CREDIT,823.59,2026-07-30,ATM,CAD,SUCCESS
900170,50483,DEBIT,4374.26,2026-09-03,ATM,CAD,SUCCESS
900171,51232,CREDIT,1181.05,2026-08-28,BRANCH,CAD,SUCCESS
900172,50107,CREDIT,1067.09,2026-07-12,ATM,CAD,SUCCESS
900173,50609,DEBIT,4497.09,2026-08-22,ONLINE,CAD,SUCCESS
900174,50275,CREDIT,1342.74,2026-08-22,ATM,CAD,SUCCESS
900175,50641,CREDIT,3385.76,2026-08-18,BRANCH,CAD,SUCCESS
900176,51142,DEBIT,4276.45,2026-07-23,ONLINE,CAD,SUCCESS
900177,50705,DEBIT,4015.48,2026-07-14,POS,CAD,SUCCESS
900178,50828,DEBIT,4701.75,2026-09-03,POS,CAD,SUCCESS
900179,51104,CREDIT,4459.6,2026-08-31,POS,CAD,SUCCESS
900180,50732,CREDIT,591.46,2026-08-02,ONLINE,CAD,SUCCESS
900181,50874,CREDIT,1225.72,2026-08-26,BRANCH,CAD,SUCCESS
900182,50621,DEBIT,4344.73,2026-07-10,POS,CAD,SUCCESS
900183,50560,DEBIT,1986.25,2026-07-21,BRANCH,CAD,SUCCESS
900184,50346,CREDIT,3599.24,2026-09-23,POS,CAD,SUCCESS
900185,50412,DEBIT,3330.87,2026-08-20,POS,CAD,SUCCESS
900186,50613,CREDIT,1762.96,2026-08-01,ATM,CAD,SUCCESS
900187,50065,DEBIT,618.7,2026-07-18,ONLINE,CAD,SUCCESS
900188,50848,DEBIT,2533.39,2026-07-14,ATM,CAD,SUCCESS
900189,50858,DEBIT,128.93,2026-09-18,POS,CAD,SUCCESS
900190,50243,CREDIT,4857.27,2026-09-08,ONLINE,CAD,SUCCESS
900191,50353,DEBIT,4170.08,2026-09-22,ONLINE,CAD,SUCCESS
900192,50093,CREDIT,2580.06,2026-08-03,ATM,CAD,SUCCESS
900193,50497,CREDIT,1899.49,2026-09-14,POS,CAD,SUCCESS
900194,51152,DEBIT,637.18,2026-07-17,POS,CAD,SUCCESS
900195,50056,CREDIT,1977.86,2026-09-08,ONLINE,CAD,SUCCESS
900196,50413,CREDIT,4360.37,2026-07-24,BRANCH,CAD,SUCCESS
900197,50668,DEBIT,2921.85,2026-07-17,BRANCH,CAD,SUCCESS
900198,50353,DEBIT,4509.01,2026-09-13,BRANCH,CAD,SUCCESS
900199,50536,CREDIT,3032.12,2026-09-20,POS,CAD,SUCCESS
900200,51034,CREDIT,739.54,2026-08-07,BRANCH,CAD,SUCCESS
900201,50644,CREDIT,2008.72,2026-08-16,BRANCH,CAD,SUCCESS
900202,51109,DEBIT,3050.93,2026-07-04,ATM,CAD,SUCCESS
900203,50260,DEBIT,4925.77,2026-07-19,ATM,CAD,SUCCESS
900204,50849,CREDIT,1972.59,2026-07-31,BRANCH,CAD,SUCCESS
900205,50014,CREDIT,2969.31,2026-09-21,BRANCH,CAD,SUCCESS
900206,50447,DEBIT,322.9,2026-08-17,POS,CAD,SUCCESS
900207,51041,DEBIT,2681.14,2026-07-07,ONLINE,CAD,SUCCESS
900208,50518,CREDIT,711.18,2026-07-12,ONLINE,CAD,SUCCESS
900209,50033,DEBIT,1021.92,2026-08-14,ATM,CAD,SUCCESS
900210,50926,DEBIT,2937.06,2026-08-28,POS,CAD,SUCCESS
900211,50395,DEBIT,4248.86,2026-09-16,BRANCH,CAD,SUCCESS
900212,50602,CREDIT,1827.94,2026-09-26,BRANCH,CAD,SUCCESS
900213,50993,DEBIT,3958.41,2026-07-07,ONLINE,CAD,SUCCESS
900214,50679,CREDIT,2779.46,2026-09-23,ONLINE,CAD,SUCCESS
900215,50020,CREDIT,1427.15,2026-08-18,ONLINE,CAD,SUCCESS
900216,50746,DEBIT,4549.42,2026-08-15,POS,CAD,SUCCESS
900217,50625,DEBIT,1939.86,2026-07-14,BRANCH,CAD,SUCCESS
900218,50974,DEBIT,2362.31,2026-09-09,POS,CAD,SUCCESS
900219,50493,CREDIT,3412.33,2026-09-27,ATM,CAD,SUCCESS
900220,50367,CREDIT,3011.19,2026-08-23,BRANCH,CAD,SUCCESS
900221,50136,DEBIT,4812.28,2026-09-27,BRANCH,CAD,SUCCESS
900222,50242,CREDIT,3571.98,2026-08-05,ONLINE,CAD,SUCCESS
900223,51125,DEBIT,2974.93,2026-08-04,ONLINE,CAD,SUCCESS
900224,50304,DEBIT,3952.81,2026-08-18,ATM,CAD,SUCCESS
900225,51200,DEBIT,3006.85,2026-09-22,BRANCH,CAD,SUCCESS
900226,50925,CREDIT,4551.04,2026-08-10,BRANCH,CAD,SUCCESS
900227,50371,DEBIT,1989.41,2026-08-26,ONLINE,CAD,SUCCESS
900228,50959,DEBIT,1074.71,2026-09-13,BRANCH,CAD,SUCCESS
900229,50476,DEBIT,1682.87,2026-08-16,POS,CAD,SUCCESS
900230,50848,CREDIT,762.93,2026-07-01,BRANCH,CAD,SUCCESS
900231,50369,DEBIT,162.13,2026-09-29,BRANCH,CAD,SUCCESS
900232,51187,DEBIT,126.16,2026-07-31,ONLINE,CAD,SUCCESS
900233,50924,DEBIT,3041.68,2026-08-25,ONLINE,CAD,SUCCESS
900234,50220,CREDIT,3155.8,2026-09-03,POS,CAD,SUCCESS
900235,50589,CREDIT,984.12,2026-08-17,BRANCH,CAD,SUCCESS
900236,50405,DEBIT,1285.64,2026-09-07,ONLINE,CAD,SUCCESS
900237,50489,CREDIT,186.02,2026-09-16,ATM,CAD,SUCCESS
900238,50595,DEBIT,1970.1,2026-08-27,ONLINE,CAD,SUCCESS
900239,50310,CREDIT,3599.55,2026-07-26,ATM,CAD,SUCCESS
900240,50605,CREDIT,4349.07,2026-08-30,BRANCH,CAD,SUCCESS
900241,50472,CREDIT,403.28,2026-08-19,BRANCH,CAD,SUCCESS
900242,50065,DEBIT,2395.07,2026-09-18,ONLINE,CAD,SUCCESS
900243,50481,DEBIT,3330.95,2026-09-27,ATM,CAD,SUCCESS
900244,50320,DEBIT,3687.47,2026-07-29,ATM,CAD,SUCCESS
900245,50611,CREDIT,3595.97,2026-08-01,ATM,CAD,SUCCESS
900246,50492,DEBIT,2786.9,2026-08-01,ONLINE,CAD,SUCCESS
900247,50677,DEBIT,917.35,2026-09-07,ATM,CAD,SUCCESS
900248,50495,CREDIT,1085.62,2026-08-16,POS,CAD,SUCCESS
900249,50804,CREDIT,92.34,2026-07-11,ONLINE,CAD,SUCCESS
900250,50557,CREDIT,4718.53,2026-08-01,ATM,CAD,SUCCESS
900251,50541,CREDIT,481.84,2026-08-14,ATM,CAD,SUCCESS
900252,50109,DEBIT,3018.31,2026-07-17,BRANCH,CAD,SUCCESS
900253,51037,CREDIT,1739.73,2026-07-19,BRANCH,CAD,SUCCESS
900254,50488,DEBIT,4088.85,2026-08-21,ATM,CAD,SUCCESS
900255,50221,CREDIT,2171.13,2026-08-03,POS,CAD,SUCCESS
900256,50431,CREDIT,4198.57,2026-08-16,ONLINE,CAD,SUCCESS
900257,50185,CREDIT,71.99,2026-08-11,ATM,CAD,SUCCESS
900258,50236,DEBIT,853.98,2026-09-24,ONLINE,CAD,SUCCESS
900259,51199,DEBIT,2187.35,2026-09-03,POS,CAD,SUCCESS
900260,50803,DEBIT,1699.79,2026-07-05,POS,CAD,SUCCESS
900261,51018,CREDIT,686.72,2026-09-29,ONLINE,CAD,SUCCESS
900262,50346,DEBIT,1064.22,2026-07-26,POS,CAD,SUCCESS
900263,50029,CREDIT,538.04,2026-07-16,BRANCH,CAD,SUCCESS
900264,50875,CREDIT,4775.94,2026-07-06,ONLINE,CAD,SUCCESS
900265,51177,CREDIT,4982.75,2026-09-01,ATM,CAD,SUCCESS
900266,51077,DEBIT,1403.46,2026-09-23,ONLINE,CAD,SUCCESS
900267,51053,DEBIT,1368.64,2026-08-14,ATM,CAD,SUCCESS
900268,50140,DEBIT,585.65,2026-09-16,BRANCH,CAD,SUCCESS
900269,50019,DEBIT,4816.39,2026-07-07,POS,CAD,SUCCESS
900270,51092,DEBIT,230.54,2026-09-12,ONLINE,CAD,SUCCESS
900271,50349,DEBIT,924.35,2026-08-07,ONLINE,CAD,SUCCESS
900272,51231,CREDIT,87.45,2026-08-17,POS,CAD,SUCCESS
900273,50861,CREDIT,4330.85,2026-07-19,POS,CAD,SUCCESS
900274,50530,DEBIT,4298.28,2026-07-14,ATM,CAD,SUCCESS
900275,50793,DEBIT,3334.99,2026-08-08,BRANCH,CAD,SUCCESS
900276,51075,CREDIT,97.06,2026-07-10,BRANCH,CAD,SUCCESS
900277,50621,DEBIT,4642.63,2026-07-16,ONLINE,CAD,SUCCESS
900278,51133,CREDIT,957.1,2026-09-02,POS,CAD,SUCCESS
900279,50927,CREDIT,4939.07,2026-08-15,BRANCH,CAD,SUCCESS
900280,51203,DEBIT,3724.62,2026-09-12,ATM,CAD,SUCCESS
900281,51186,DEBIT,2606.13,2026-08-26,POS,CAD,SUCCESS
900282,50092,DEBIT,667.05,2026-08-24,ONLINE,CAD,SUCCESS
900283,50878,DEBIT,985.21,2026-08-21,ATM,CAD,SUCCESS
900284,50559,DEBIT,4899.05,2026-08-16,ATM,CAD,SUCCESS
900285,51202,CREDIT,4289.98,2026-09-09,BRANCH,CAD,SUCCESS
900286,51207,DEBIT,4105.32,2026-09-11,POS,CAD,SUCCESS
900287,51113,DEBIT,2738.65,2026-08-23,BRANCH,CAD,SUCCESS
900288,51180,DEBIT,4230.62,2026-09-14,POS,CAD,SUCCESS
900289,50895,CREDIT,8.28,2026-09-02,POS,CAD,SUCCESS
900290,50296,DEBIT,756.78,2026-08-21,BRANCH,CAD,SUCCESS
900291,50915,DEBIT,258.38,2026-09-25,ONLINE,CAD,SUCCESS
900292,50076,DEBIT,2574.77,2026-08-19,ONLINE,CAD,SUCCESS
900293,50102,DEBIT,4967.13,2026-09-17,POS,CAD,SUCCESS
900294,51148,DEBIT,4914.23,2026-07-20,BRANCH,CAD,SUCCESS
900295,50092,DEBIT,983.25,2026-08-06,ONLINE,CAD,SUCCESS
900296,50481,CREDIT,1814.12,2026-09-10,POS,CAD,SUCCESS
900297,51105,DEBIT,1929.38,2026-07-04,POS,CAD,SUCCESS
900298,50735,DEBIT,3893.51,2026-09-16,POS,CAD,SUCCESS
900299,50592,DEBIT,4243.25,2026-07-16,BRANCH,CAD,SUCCESS
900300,50694,DEBIT,1383.89,2026-09-08,BRANCH,CAD,SUCCESS
900301,50357,CREDIT,3063.59,2026-09-02,BRANCH,CAD,SUCCESS
900302,50979,CREDIT,2052.38,2026-09-22,ATM,CAD,SUCCESS
900303,50323,DEBIT,4489.73,2026-09-01,ATM,CAD,SUCCESS
900304,51024,DEBIT,1567.62,2026-07-17,ATM,CAD,SUCCESS
900305,50555,DEBIT,2291.3,2026-09-26,POS,CAD,SUCCESS
900306,50629,CREDIT,1867.26,2026-09-06,BRANCH,CAD,SUCCESS
900307,50191,DEBIT,266.25,2026-09-12,POS,CAD,SUCCESS
900308,50328,DEBIT,2893.58,2026-07-05,POS,CAD,SUCCESS
900309,50025,CREDIT,3964.77,2026-07-28,POS,CAD,SUCCESS
900310,50365,DEBIT,288.12,2026-08-11,BRANCH,CAD,SUCCESS
900311,50897,DEBIT,1054.47,2026-09-02,BRANCH,CAD,SUCCESS
900312,50366,DEBIT,918.16,2026-08-02,ONLINE,CAD,SUCCESS
900313,50072,DEBIT,274.01,2026-09-09,POS,CAD,SUCCESS
900314,50167,CREDIT,3962.08,2026-08-21,ONLINE,CAD,SUCCESS
900315,50200,CREDIT,329.7,2026-09-10,ONLINE,CAD,SUCCESS
900316,50952,CREDIT,1804.18,2026-09-13,ONLINE,CAD,SUCCESS
900317,50622,DEBIT,215.55,2026-07-04,BRANCH,CAD,SUCCESS
900318,50855,DEBIT,3187.88,2026-08-18,POS,CAD,SUCCESS
900319,50394,DEBIT,3158.95,2026-07-07,POS,CAD,SUCCESS
900320,50623,CREDIT,3217.17,2026-07-12,ATM,CAD,SUCCESS
900321,50620,CREDIT,4389.68,2026-08-24,BRANCH,CAD,SUCCESS
900322,50254,DEBIT,3093.53,2026-09-17,ONLINE,CAD,SUCCESS
900323,51156,DEBIT,517.04,2026-08-10,ATM,CAD,SUCCESS
900324,50466,CREDIT,506.01,2026-08-01,BRANCH,CAD,SUCCESS
900325,50974,CREDIT,4305.13,2026-09-29,POS,CAD,SUCCESS
900326,50556,CREDIT,593.88,2026-07-13,ONLINE,CAD,SUCCESS
900327,51160,CREDIT,1052.02,2026-08-14,ONLINE,CAD,SUCCESS
900328,50722,CREDIT,3015.8,2026-09-04,ONLINE,CAD,SUCCESS
900329,50851,CREDIT,3529.66,2026-07-14,BRANCH,CAD,SUCCESS
900330,51146,DEBIT,4091.48,2026-08-31,POS,CAD,SUCCESS
900331,50161,CREDIT,4908.57,2026-07-14,BRANCH,CAD,SUCCESS
900332,50341,CREDIT,1726.94,2026-09-22,ONLINE,CAD,SUCCESS
900333,50885,CREDIT,2701.12,2026-08-13,ONLINE,CAD,SUCCESS
900334,50105,CREDIT,1526.48,2026-07-14,ONLINE,CAD,SUCCESS
900335,50458,DEBIT,3741.88,2026-08-08,POS,CAD,SUCCESS
900336,50862,CREDIT,2030.22,2026-08-16,POS,CAD,SUCCESS
900337,50233,DEBIT,4715.79,2026-08-08,BRANCH,CAD,SUCCESS
900338,50254,CREDIT,3350.97,2026-08-25,ATM,CAD,SUCCESS
900339,50685,DEBIT,1507.93,2026-09-06,POS,CAD,SUCCESS
900340,50053,CREDIT,3217.71,2026-08-05,BRANCH,CAD,SUCCESS
900341,50827,DEBIT,4428.09,2026-08-26,POS,CAD,SUCCESS
900342,50792,DEBIT,593.33,2026-09-26,ATM,CAD,SUCCESS
900343,50540,CREDIT,2515.52,2026-07-20,ATM,CAD,SUCCESS
900344,50022,DEBIT,2903.46,2026-07-05,BRANCH,CAD,SUCCESS
900345,50086,DEBIT,1516.97,2026-07-31,ATM,CAD,SUCCESS
900346,50643,DEBIT,3673.38,2026-08-18,ATM,CAD,SUCCESS
900347,50341,DEBIT,202.09,2026-07-19,BRANCH,CAD,SUCCESS
900348,50138,CREDIT,4696.54,2026-08-10,ONLINE,CAD,SUCCESS
900349,50660,CREDIT,4630.38,2026-09-02,ONLINE,CAD,SUCCESS
900350,50910,DEBIT,3119.66,2026-09-09,ATM,CAD,SUCCESS
900351,50879,CREDIT,2779.6,2026-08-21,BRANCH,CAD,SUCCESS
900352,50794,DEBIT,3413.31,2026-09-22,BRANCH,CAD,SUCCESS
900353,50103,CREDIT,1204.98,2026-07-08,POS,CAD,SUCCESS
900354,50107,DEBIT,3546.95,2026-09-26,ONLINE,CAD,SUCCESS
900355,50854,CREDIT,2885.98,2026-09-18,ATM,CAD,SUCCESS
900356,50278,CREDIT,1768.78,2026-08-13,BRANCH,CAD,SUCCESS
900357,50982,CREDIT,4455.46,2026-09-28,ATM,CAD,SUCCESS
900358,50563,DEBIT,2111.46,2026-07-09,POS,CAD,SUCCESS
900359,50129,CREDIT,2496.7,2026-07-13,ONLINE,CAD,SUCCESS
900360,50872,CREDIT,209.65,2026-07-12,ONLINE,CAD,SUCCESS
900361,50115,DEBIT,2162.49,2026-09-19,BRANCH,CAD,SUCCESS
900362,51073,DEBIT,3100.75,2026-09-23,BRANCH,CAD,SUCCESS
900363,50836,DEBIT,2455.41,2026-09-26,ATM,CAD,SUCCESS
900364,50442,CREDIT,3666.4,2026-07-16,ATM,CAD,SUCCESS
900365,50878,DEBIT,1901.58,2026-07-25,BRANCH,CAD,SUCCESS
900366,50438,CREDIT,1544.84,2026-07-09,ONLINE,CAD,SUCCESS
900367,50037,CREDIT,4845.1,2026-09-25,BRANCH,CAD,SUCCESS
900368,50784,DEBIT,2557.21,2026-07-05,ONLINE,CAD,SUCCESS
900369,50936,CREDIT,3545.12,2026-09-10,POS,CAD,SUCCESS
900370,50464,CREDIT,1970.65,2026-07-12,BRANCH,CAD,SUCCESS
900371,50879,DEBIT,2960.94,2026-09-10,ONLINE,CAD,SUCCESS
900372,50113,DEBIT,3323.53,2026-07-12,ATM,CAD,SUCCESS
900373,50214,DEBIT,4235.96,2026-07-07,ATM,CAD,SUCCESS
900374,50066,CREDIT,4000.08,2026-08-10,ONLINE,CAD,SUCCESS
900375,50157,CREDIT,692.12,2026-07-31,BRANCH,CAD,SUCCESS
900376,50813,DEBIT,332.99,2026-09-20,ATM,CAD,SUCCESS
900377,50547,DEBIT,910.33,2026-09-16,ONLINE,CAD,SUCCESS
900378,51100,CREDIT,2334.08,2026-07-14,ATM,CAD,SUCCESS
900379,50285,CREDIT,86.58,2026-09-21,ONLINE,CAD,SUCCESS
900380,50121,DEBIT,3255.32,2026-07-21,BRANCH,CAD,SUCCESS
900381,50853,CREDIT,2567.12,2026-08-26,ATM,CAD,SUCCESS
900382,50604,DEBIT,4620.83,2026-07-28,ONLINE,CAD,SUCCESS
900383,50067,CREDIT,1085.99,2026-09-02,ATM,CAD,SUCCESS
900384,50431,CREDIT,2451.26,2026-09-07,ONLINE,CAD,SUCCESS
900385,51011,DEBIT,3283.75,2026-08-04,ATM,CAD,SUCCESS
900386,50908,DEBIT,2084.17,2026-08-15,BRANCH,CAD,SUCCESS
900387,50260,DEBIT,4247.4,2026-07-06,POS,CAD,SUCCESS
900388,50224,DEBIT,4367.36,2026-08-23,POS,CAD,SUCCESS
900389,50138,CREDIT,4099.21,2026-09-11,ATM,CAD,SUCCESS
900390,50962,DEBIT,2446.48,2026-07-10,ONLINE,CAD,SUCCESS
900391,50421,CREDIT,4160.72,2026-09-07,ONLINE,CAD,SUCCESS
900392,50827,CREDIT,3626.8,2026-07-31,BRANCH,CAD,SUCCESS
900393,50395,DEBIT,1806.32,2026-07-15,ATM,CAD,SUCCESS
900394,51043,CREDIT,2900.13,2026-09-18,POS,CAD,SUCCESS
900395,50350,CREDIT,4173.51,2026-08-07,POS,CAD,SUCCESS
900396,50656,DEBIT,2951.06,2026-09-18,ATM,CAD,SUCCESS
900397,50989,DEBIT,2140.27,2026-07-21,POS,CAD,SUCCESS
900398,50043,DEBIT,1258.11,2026-08-05,POS,CAD,SUCCESS
900399,50989,CREDIT,2096.16,2026-08-13,POS,CAD,SUCCESS
900400,50104,DEBIT,645.08,2026-08-07,ONLINE,CAD,SUCCESS
900401,51045,CREDIT,4881.07,2026-07-03,BRANCH,CAD,SUCCESS
900402,50783,DEBIT,2347.62,2026-08-21,ATM,CAD,SUCCESS
900403,50921,DEBIT,1572.52,2026-07-10,POS,CAD,SUCCESS
900404,50432,CREDIT,2437.46,2026-07-31,POS,CAD,SUCCESS
900405,50403,DEBIT,347.4,2026-09-15,BRANCH,CAD,SUCCESS
900406,50386,CREDIT,2843.12,2026-08-25,ONLINE,CAD,SUCCESS
900407,50786,DEBIT,2806.17,2026-09-12,ATM,CAD,SUCCESS
900408,50518,DEBIT,2575.47,2026-08-05,BRANCH,CAD,SUCCESS
900409,50428,CREDIT,193.19,2026-09-09,BRANCH,CAD,SUCCESS
900410,50279,DEBIT,1591.64,2026-09-19,POS,CAD,SUCCESS
900411,50592,CREDIT,2945.65,2026-08-01,ATM,CAD,SUCCESS
900412,50251,CREDIT,4459.34,2026-07-20,BRANCH,CAD,SUCCESS
900413,50510,DEBIT,2063.15,2026-07-17,ATM,CAD,SUCCESS
900414,51121,DEBIT,2273.47,2026-08-20,ONLINE,CAD,SUCCESS
900415,50924,CREDIT,2901.0,2026-09-11,ATM,CAD,SUCCESS
900416,50610,CREDIT,130.8,2026-09-09,ATM,CAD,SUCCESS
900417,50040,CREDIT,2444.08,2026-08-19,POS,CAD,SUCCESS
900418,50412,DEBIT,4238.05,2026-07-17,POS,CAD,SUCCESS
900419,50428,DEBIT,4937.82,2026-08-20,POS,CAD,SUCCESS
900420,50325,DEBIT,586.52,2026-07-20,POS,CAD,SUCCESS
900421,51084,CREDIT,1852.96,2026-08-27,ATM,CAD,SUCCESS
900422,50057,CREDIT,434.23,2026-07-03,BRANCH,CAD,SUCCESS
900423,50066,DEBIT,3541.73,2026-08-14,ATM,CAD,SUCCESS
900424,50877,DEBIT,1095.61,2026-09-10,BRANCH,CAD,SUCCESS
900425,50008,CREDIT,3701.17,2026-08-07,ATM,CAD,SUCCESS
900426,50508,CREDIT,4788.02,2026-07-06,POS,CAD,SUCCESS
900427,50400,DEBIT,103.1,2026-08-29,BRANCH,CAD,SUCCESS
900428,50476,DEBIT,3678.63,2026-07-07,POS,CAD,SUCCESS
900429,51091,CREDIT,2957.91,2026-07-27,BRANCH,CAD,SUCCESS
900430,50203,DEBIT,4928.51,2026-07-10,ATM,CAD,SUCCESS
900431,50524,DEBIT,3569.97,2026-08-11,POS,CAD,SUCCESS
900432,50113,CREDIT,2434.39,2026-08-20,ONLINE,CAD,SUCCESS
900433,50510,CREDIT,1915.0,2026-08-19,ATM,CAD,SUCCESS
900434,51227,DEBIT,2428.83,2026-07-02,POS,CAD,SUCCESS
900435,50440,DEBIT,2828.73,2026-07-14,ONLINE,CAD,SUCCESS
900436,50454,CREDIT,3319.1,2026-09-02,BRANCH,CAD,SUCCESS
900437,50651,CREDIT,2835.96,2026-09-08,POS,CAD,SUCCESS
900438,50124,CREDIT,1365.36,2026-09-27,ONLINE,CAD,SUCCESS
900439,50551,CREDIT,3165.0,2026-07-29,BRANCH,CAD,SUCCESS
900440,50357,DEBIT,4346.1,2026-07-29,ATM,CAD,SUCCESS
900441,50970,DEBIT,1214.91,2026-08-27,ONLINE,CAD,SUCCESS
900442,51144,DEBIT,1731.5,2026-09-04,BRANCH,CAD,SUCCESS
900443,51099,CREDIT,1119.19,2026-09-26,POS,CAD,SUCCESS
900444,50722,DEBIT,1354.32,2026-07-10,ATM,CAD,SUCCESS
900445,50749,DEBIT,4284.28,2026-07-09,POS,CAD,SUCCESS
900446,51182,CREDIT,3302.94,2026-08-08,ATM,CAD,SUCCESS
900447,50908,CREDIT,4705.49,2026-09-14,POS,CAD,SUCCESS
900448,50929,CREDIT,4968.73,2026-07-25,BRANCH,CAD,SUCCESS
900449,50312,DEBIT,3892.82,2026-08-16,ATM,CAD,SUCCESS
900450,50433,CREDIT,4623.62,2026-07-14,ATM,CAD,SUCCESS
900451,50914,DEBIT,1378.7,2026-07-16,POS,CAD,SUCCESS
900452,50038,CREDIT,4547.94,2026-07-10,ATM,CAD,SUCCESS
900453,50171,DEBIT,2817.13,2026-09-01,BRANCH,CAD,SUCCESS
900454,50334,DEBIT,1780.39,2026-09-16,POS,CAD,SUCCESS
900455,50986,DEBIT,1861.6,2026-09-13,ONLINE,CAD,SUCCESS
900456,50686,DEBIT,4804.9,2026-08-09,ATM,CAD,SUCCESS
900457,50472,DEBIT,2854.72,2026-09-12,POS,CAD,SUCCESS
900458,50323,DEBIT,554.57,2026-09-11,POS,CAD,SUCCESS
900459,50278,DEBIT,3635.84,2026-08-26,BRANCH,CAD,SUCCESS
900460,50975,DEBIT,2625.96,2026-09-03,POS,CAD,SUCCESS
900461,50519,CREDIT,3760.82,2026-09-11,BRANCH,CAD,SUCCESS
900462,51250,DEBIT,3800.48,2026-07-23,ATM,CAD,SUCCESS
900463,50698,CREDIT,3938.53,2026-07-11,ATM,CAD,SUCCESS
900464,51040,CREDIT,3672.3,2026-09-23,POS,CAD,SUCCESS
900465,51137,DEBIT,4369.06,2026-07-03,ATM,CAD,SUCCESS
900466,50811,CREDIT,1090.23,2026-09-21,ATM,CAD,SUCCESS
900467,50526,CREDIT,4235.45,2026-08-19,POS,CAD,SUCCESS
900468,50774,CREDIT,4898.47,2026-09-02,ONLINE,CAD,SUCCESS
900469,50205,CREDIT,2032.88,2026-09-03,BRANCH,CAD,SUCCESS
900470,50822,CREDIT,4361.76,2026-09-21,BRANCH,CAD,SUCCESS
900471,51109,DEBIT,2035.43,2026-08-20,ATM,CAD,SUCCESS
900472,50062,DEBIT,1715.49,2026-09-02,POS,CAD,SUCCESS
900473,50302,CREDIT,3582.86,2026-07-01,ATM,CAD,SUCCESS
900474,50991,DEBIT,1531.32,2026-07-27,ONLINE,CAD,SUCCESS
900475,50526,CREDIT,1623.51,2026-07-07,ATM,CAD,SUCCESS
900476,50678,CREDIT,4957.2,2026-07-29,ONLINE,CAD,SUCCESS
900477,50899,DEBIT,2683.11,2026-09-26,POS,CAD,SUCCESS
900478,51031,CREDIT,2408.58,2026-08-10,BRANCH,CAD,SUCCESS
900479,51164,DEBIT,1182.02,2026-09-08,BRANCH,CAD,SUCCESS
900480,50377,CREDIT,200.27,2026-07-10,BRANCH,CAD,SUCCESS
900481,50863,DEBIT,232.38,2026-09-25,BRANCH,CAD,SUCCESS
900482,50837,DEBIT,3334.07,2026-09-21,ONLINE,CAD,SUCCESS
900483,50805,DEBIT,4899.26,2026-08-03,BRANCH,CAD,SUCCESS
900484,50653,DEBIT,1952.36,2026-08-23,BRANCH,CAD,SUCCESS
900485,50793,DEBIT,659.1,2026-09-17,ATM,CAD,SUCCESS
900486,50083,CREDIT,3771.89,2026-07-30,ONLINE,CAD,SUCCESS
900487,50131,CREDIT,2228.72,2026-07-25,POS,CAD,SUCCESS
900488,50191,DEBIT,3154.94,2026-07-12,ATM,CAD,SUCCESS
900489,50886,DEBIT,1157.71,2026-08-15,ATM,CAD,SUCCESS
900490,50355,DEBIT,280.32,2026-07-19,BRANCH,CAD,SUCCESS
900491,51027,CREDIT,3067.68,2026-09-04,POS,CAD,SUCCESS
900492,50477,CREDIT,1678.82,2026-07-08,ATM,CAD,SUCCESS
900493,50560,DEBIT,1085.57,2026-08-20,BRANCH,CAD,SUCCESS
900494,50627,CREDIT,211.12,2026-09-27,ONLINE,CAD,SUCCESS
900495,50642,CREDIT,2744.97,2026-09-03,ATM,CAD,SUCCESS
900496,50238,DEBIT,2693.48,2026-07-03,ATM,CAD,SUCCESS
900497,50376,DEBIT,771.14,2026-07-20,POS,CAD,SUCCESS
900498,50216,CREDIT,4339.23,2026-07-16,BRANCH,CAD,SUCCESS
900499,50872,DEBIT,897.69,2026-09-03,BRANCH,CAD,SUCCESS
900500,50980,CREDIT,130.64,2026-09-19,BRANCH,CAD,SUCCESS
900501,50737,DEBIT,3668.86,2026-09-09,BRANCH,CAD,SUCCESS
900502,50265,CREDIT,1669.68,2026-07-11,ONLINE,CAD,SUCCESS
900503,50821,DEBIT,572.65,2026-08-23,ATM,CAD,SUCCESS
900504,50604,CREDIT,3717.87,2026-09-28,ONLINE,CAD,SUCCESS
900505,50442,DEBIT,4298.59,2026-08-03,BRANCH,CAD,SUCCESS
900506,50298,DEBIT,2778.39,2026-07-04,ATM,CAD,SUCCESS
900507,50968,DEBIT,1564.0,2026-09-08,ATM,CAD,SUCCESS
900508,50618,DEBIT,826.08,2026-07-26,BRANCH,CAD,SUCCESS
900509,50224,CREDIT,1558.23,2026-09-21,BRANCH,CAD,SUCCESS
900510,50494,CREDIT,2372.89,2026-07-03,ONLINE,CAD,SUCCESS
900511,51202,CREDIT,4716.0,2026-07-25,ATM,CAD,SUCCESS
900512,50432,DEBIT,2719.52,2026-08-30,ATM,CAD,SUCCESS
900513,50256,CREDIT,4685.15,2026-09-08,BRANCH,CAD,SUCCESS
900514,51080,DEBIT,579.68,2026-07-24,BRANCH,CAD,SUCCESS
900515,50381,DEBIT,606.53,2026-08-10,POS,CAD,SUCCESS
900516,51131,DEBIT,1667.77,2026-08-27,ATM,CAD,SUCCESS
900517,50691,DEBIT,2051.51,2026-07-23,ATM,CAD,SUCCESS
900518,50877,CREDIT,326.02,2026-09-29,ATM,CAD,SUCCESS
900519,50786,DEBIT,4044.57,2026-07-10,POS,CAD,SUCCESS
900520,51142,CREDIT,1436.38,2026-07-11,ATM,CAD,SUCCESS
900521,50103,DEBIT,448.75,2026-09-29,ATM,CAD,SUCCESS
900522,50669,DEBIT,939.88,2026-07-30,ATM,CAD,SUCCESS
900523,50754,CREDIT,2286.91,2026-09-14,POS,CAD,SUCCESS
900524,50843,DEBIT,284.55,2026-09-20,POS,CAD,SUCCESS
900525,51059,DEBIT,3097.05,2026-09-06,POS,CAD,SUCCESS
900526,50367,CREDIT,4251.91,2026-07-10,BRANCH,CAD,SUCCESS
900527,50705,CREDIT,2489.0,2026-08-12,ONLINE,CAD,SUCCESS
900528,51139,DEBIT,3750.9,2026-09-25,POS,CAD,SUCCESS
900529,50352,DEBIT,2343.74,2026-07-21,ATM,CAD,SUCCESS
900530,50615,CREDIT,1543.38,2026-07-19,ATM,CAD,SUCCESS
900531,50596,CREDIT,3205.59,2026-09-09,POS,CAD,SUCCESS
900532,50741,DEBIT,28.92,2026-08-11,BRANCH,CAD,SUCCESS
900533,50525,CREDIT,1466.75,2026-08-17,POS,CAD,SUCCESS
900534,50916,CREDIT,3786.43,2026-08-14,BRANCH,CAD,SUCCESS
900535,51134,CREDIT,3793.52,2026-07-12,POS,CAD,SUCCESS
900536,50102,CREDIT,2643.04,2026-08-01,ONLINE,CAD,SUCCESS
900537,50061,CREDIT,315.51,2026-08-25,BRANCH,CAD,SUCCESS
900538,50555,DEBIT,834.42,2026-08-04,POS,CAD,SUCCESS
900539,50406,CREDIT,4816.7,2026-07-26,BRANCH,CAD,SUCCESS
900540,51078,CREDIT,4520.29,2026-07-05,POS,CAD,SUCCESS
900541,50249,CREDIT,3677.86,2026-08-25,POS,CAD,SUCCESS
900542,50871,CREDIT,982.49,2026-08-02,POS,CAD,SUCCESS
900543,50815,CREDIT,1626.58,2026-09-21,BRANCH,CAD,SUCCESS
900544,50709,CREDIT,3643.58,2026-07-20,ONLINE,CAD,SUCCESS
900545,50446,DEBIT,3054.36,2026-09-16,ONLINE,CAD,SUCCESS
900546,51138,CREDIT,983.37,2026-09-08,POS,CAD,SUCCESS
900547,50936,CREDIT,3902.94,2026-09-10,ONLINE,CAD,SUCCESS
900548,51226,CREDIT,1633.12,2026-08-26,ONLINE,CAD,SUCCESS
900549,50078,CREDIT,3731.52,2026-07-28,POS,CAD,SUCCESS
900550,50585,CREDIT,78.86,2026-08-29,BRANCH,CAD,SUCCESS
900551,50854,CREDIT,2569.75,2026-07-15,POS,CAD,SUCCESS
900552,50506,CREDIT,4841.54,2026-08-04,BRANCH,CAD,SUCCESS
900553,50291,CREDIT,1171.77,2026-09-10,ATM,CAD,SUCCESS
900554,50466,DEBIT,3364.98,2026-09-16,ONLINE,CAD,SUCCESS
900555,50149,CREDIT,4954.74,2026-09-02,BRANCH,CAD,SUCCESS
900556,50628,DEBIT,1316.52,2026-08-08,ONLINE,CAD,SUCCESS
900557,50568,CREDIT,2171.9,2026-07-20,BRANCH,CAD,SUCCESS
900558,50773,CREDIT,1154.55,2026-08-12,ONLINE,CAD,SUCCESS
900559,50247,CREDIT,71.26,2026-07-21,BRANCH,CAD,SUCCESS
900560,50506,DEBIT,4360.89,2026-07-14,POS,CAD,SUCCESS
900561,50533,CREDIT,4802.84,2026-09-28,ATM,CAD,SUCCESS
900562,50205,DEBIT,1420.91,2026-08-30,ONLINE,CAD,SUCCESS
900563,50761,CREDIT,921.12,2026-07-10,BRANCH,CAD,SUCCESS
900564,50923,CREDIT,3883.59,2026-07-11,POS,CAD,SUCCESS
900565,50812,DEBIT,1414.04,2026-07-03,ONLINE,CAD,SUCCESS
900566,50899,DEBIT,4077.56,2026-09-08,ONLINE,CAD,SUCCESS
900567,51249,CREDIT,3928.82,2026-08-01,ATM,CAD,SUCCESS
900568,51197,CREDIT,1529.29,2026-07-20,BRANCH,CAD,SUCCESS
900569,51042,DEBIT,3986.18,2026-08-17,POS,CAD,SUCCESS
900570,51213,CREDIT,3298.31,2026-08-31,POS,CAD,SUCCESS
900571,50213,DEBIT,3039.37,2026-07-29,POS,CAD,SUCCESS
900572,50042,DEBIT,1547.31,2026-09-09,ONLINE,CAD,SUCCESS
900573,50655,CREDIT,2051.62,2026-07-30,BRANCH,CAD,SUCCESS
900574,51072,DEBIT,856.19,2026-08-11,POS,CAD,SUCCESS
900575,50759,DEBIT,3915.24,2026-07-07,ONLINE,CAD,SUCCESS
900576,50603,CREDIT,4262.96,2026-09-11,ONLINE,CAD,SUCCESS
900577,50250,CREDIT,4019.32,2026-09-07,POS,CAD,SUCCESS
900578,50850,CREDIT,2066.69,2026-07-30,BRANCH,CAD,SUCCESS
900579,50175,DEBIT,4726.82,2026-07-30,BRANCH,CAD,SUCCESS
900580,50972,CREDIT,3286.12,2026-09-29,POS,CAD,SUCCESS
900581,50583,CREDIT,2022.58,2026-07-19,BRANCH,CAD,SUCCESS
900582,50708,CREDIT,1589.26,2026-09-12,ATM,CAD,SUCCESS
900583,50252,DEBIT,2297.0,2026-07-17,ATM,CAD,SUCCESS
900584,50165,DEBIT,3465.46,2026-08-15,ONLINE,CAD,SUCCESS
900585,50557,DEBIT,752.35,2026-07-01,BRANCH,CAD,SUCCESS
900586,50403,DEBIT,749.18,2026-07-02,BRANCH,CAD,SUCCESS
900587,51232,DEBIT,1159.47,2026-08-02,ATM,CAD,SUCCESS
900588,51153,DEBIT,1188.22,2026-07-01,POS,CAD,SUCCESS
900589,51014,CREDIT,202.55,2026-09-18,BRANCH,CAD,SUCCESS
900590,50027,DEBIT,1271.56,2026-08-06,BRANCH,CAD,SUCCESS
900591,50129,CREDIT,2238.55,2026-08-13,ATM,CAD,SUCCESS
900592,50151,DEBIT,3123.91,2026-08-01,POS,CAD,SUCCESS
900593,50925,CREDIT,65.35,2026-08-12,BRANCH,CAD,SUCCESS
900594,50434,CREDIT,2979.1,2026-09-23,BRANCH,CAD,SUCCESS
900595,50440,CREDIT,241.9,2026-08-25,ONLINE,CAD,SUCCESS
900596,51070,DEBIT,3155.55,2026-07-13,ATM,CAD,SUCCESS
900597,50359,CREDIT,687.06,2026-08-30,BRANCH,CAD,SUCCESS
900598,51138,DEBIT,2753.09,2026-07-05,BRANCH,CAD,SUCCESS
900599,50398,DEBIT,4026.35,2026-09-17,ONLINE,CAD,SUCCESS
900600,50316,DEBIT,4382.5,2026-09-16,POS,CAD,SUCCESS
900601,50921,CREDIT,4887.59,2026-07-04,ONLINE,CAD,SUCCESS
900602,50708,DEBIT,3937.74,2026-07-06,POS,CAD,SUCCESS
900603,51075,DEBIT,3592.44,2026-09-05,ATM,CAD,SUCCESS
900604,51206,CREDIT,4273.72,2026-07-06,BRANCH,CAD,SUCCESS
900605,50402,CREDIT,3047.17,2026-08-25,ATM,CAD,SUCCESS
900606,50572,DEBIT,4756.93,2026-07-17,ONLINE,CAD,SUCCESS
900607,50937,DEBIT,1948.15,2026-08-13,ONLINE,CAD,SUCCESS
900608,50030,CREDIT,2206.37,2026-09-12,ATM,CAD,SUCCESS
900609,50516,DEBIT,820.45,2026-07-12,BRANCH,CAD,SUCCESS
900610,50991,DEBIT,1362.53,2026-09-14,BRANCH,CAD,SUCCESS
900611,51013,DEBIT,239.71,2026-08-28,BRANCH,CAD,SUCCESS
900612,50266,CREDIT,1736.04,2026-09-10,BRANCH,CAD,SUCCESS
900613,51246,DEBIT,2427.14,2026-07-23,POS,CAD,SUCCESS
900614,50883,CREDIT,1863.22,2026-08-01,ONLINE,CAD,SUCCESS
900615,50728,CREDIT,4846.93,2026-07-22,ATM,CAD,SUCCESS
900616,50506,DEBIT,3036.25,2026-09-08,ONLINE,CAD,SUCCESS
900617,50470,DEBIT,193.04,2026-09-05,POS,CAD,SUCCESS
900618,51229,DEBIT,14.68,2026-07-20,ATM,CAD,SUCCESS
900619,50108,DEBIT,4258.32,2026-09-01,ATM,CAD,SUCCESS
900620,50800,DEBIT,372.23,2026-07-17,POS,CAD,SUCCESS
900621,50433,DEBIT,2286.54,2026-08-16,ONLINE,CAD,SUCCESS
900622,51045,DEBIT,4927.11,2026-09-07,POS,CAD,SUCCESS
900623,50020,DEBIT,443.24,2026-07-18,POS,CAD,SUCCESS
900624,50107,DEBIT,2390.83,2026-08-05,POS,CAD,SUCCESS
900625,50966,CREDIT,374.63,2026-07-19,ONLINE,CAD,SUCCESS
900626,51032,CREDIT,2268.14,2026-09-04,BRANCH,CAD,SUCCESS
900627,50371,CREDIT,2479.45,2026-09-12,ONLINE,CAD,SUCCESS
900628,50699,DEBIT,3303.94,2026-09-13,ATM,CAD,SUCCESS
900629,50738,CREDIT,1414.66,2026-08-18,ATM,CAD,SUCCESS
900630,50255,CREDIT,1202.69,2026-09-21,ATM,CAD,SUCCESS
900631,50397,DEBIT,1125.58,2026-07-24,POS,CAD,SUCCESS
900632,50238,DEBIT,2757.89,2026-07-17,BRANCH,CAD,SUCCESS
900633,50490,CREDIT,230.22,2026-08-01,ONLINE,CAD,SUCCESS
900634,50056,DEBIT,2620.93,2026-09-08,POS,CAD,SUCCESS
900635,51122,CREDIT,1861.69,2026-08-31,ONLINE,CAD,SUCCESS
900636,50792,CREDIT,2205.47,2026-08-08,ATM,CAD,SUCCESS
900637,50782,CREDIT,394.4,2026-09-16,POS,CAD,SUCCESS
900638,51022,DEBIT,116.38,2026-07-13,POS,CAD,SUCCESS
900639,50435,CREDIT,1801.27,2026-07-05,BRANCH,CAD,SUCCESS
900640,50759,CREDIT,1271.82,2026-08-30,ONLINE,CAD,SUCCESS
900641,51232,DEBIT,3154.79,2026-09-28,ATM,CAD,SUCCESS
900642,50736,DEBIT,696.19,2026-07-20,ATM,CAD,SUCCESS
900643,50703,DEBIT,252.02,2026-08-18,POS,CAD,SUCCESS
900644,50332,DEBIT,4690.0,2026-07-16,ATM,CAD,SUCCESS
900645,50449,DEBIT,2881.13,2026-07-04,ATM,CAD,SUCCESS
900646,50697,CREDIT,4543.26,2026-07-07,POS,CAD,SUCCESS
900647,50747,CREDIT,4885.91,2026-08-19,POS,CAD,SUCCESS
900648,50721,CREDIT,1664.56,2026-09-25,ONLINE,CAD,SUCCESS
900649,51126,DEBIT,1372.88,2026-07-06,POS,CAD,SUCCESS
900650,50004,DEBIT,4824.91,2026-08-12,ATM,CAD,SUCCESS
900651,50920,DEBIT,1110.01,2026-07-06,BRANCH,CAD,SUCCESS
900652,50924,DEBIT,4041.15,2026-09-18,BRANCH,CAD,SUCCESS
900653,50122,DEBIT,3391.14,2026-09-04,ONLINE,CAD,SUCCESS
900654,50428,DEBIT,2785.5,2026-07-31,POS,CAD,SUCCESS
900655,50962,DEBIT,4932.34,2026-07-15,BRANCH,CAD,SUCCESS
900656,50584,DEBIT,2598.95,2026-08-18,ONLINE,CAD,SUCCESS
900657,50083,DEBIT,2463.74,2026-09-03,ONLINE,CAD,SUCCESS
900658,50429,DEBIT,4251.84,2026-09-10,POS,CAD,SUCCESS
900659,50685,DEBIT,3925.7,2026-09-07,ATM,CAD,SUCCESS
900660,50756,CREDIT,4042.45,2026-09-12,ONLINE,CAD,SUCCESS
900661,50289,DEBIT,4151.78,2026-08-15,ONLINE,CAD,SUCCESS
900662,50548,DEBIT,896.11,2026-08-08,POS,CAD,SUCCESS
900663,50426,DEBIT,380.18,2026-09-15,BRANCH,CAD,SUCCESS
900664,50454,CREDIT,3656.35,2026-07-08,POS,CAD,SUCCESS
900665,50695,DEBIT,415.77,2026-09-11,BRANCH,CAD,SUCCESS
900666,50024,CREDIT,3875.12,2026-08-18,ATM,CAD,SUCCESS
900667,50795,DEBIT,2075.2,2026-09-23,ONLINE,CAD,SUCCESS
900668,50042,CREDIT,3111.98,2026-07-20,BRANCH,CAD,SUCCESS
900669,50654,DEBIT,2347.02,2026-07-31,POS,CAD,SUCCESS
900670,50414,CREDIT,1220.8,2026-07-14,ONLINE,CAD,SUCCESS
900671,51141,DEBIT,1213.93,2026-08-10,ATM,CAD,SUCCESS
900672,51232,CREDIT,3250.89,2026-08-24,ONLINE,CAD,SUCCESS
900673,50164,DEBIT,536.2,2026-07-27,POS,CAD,SUCCESS
900674,50851,DEBIT,563.32,2026-09-09,BRANCH,CAD,SUCCESS
900675,50688,CREDIT,4014.99,2026-09-21,POS,CAD,SUCCESS
900676,50204,CREDIT,389.12,2026-07-27,POS,CAD,SUCCESS
900677,50572,DEBIT,604.73,2026-07-24,BRANCH,CAD,SUCCESS
900678,51214,DEBIT,3323.22,2026-07-06,ATM,CAD,SUCCESS
900679,50750,CREDIT,162.8,2026-08-31,ATM,CAD,SUCCESS
900680,50808,CREDIT,854.97,2026-09-06,ATM,CAD,SUCCESS
900681,50662,DEBIT,4892.9,2026-07-08,BRANCH,CAD,SUCCESS
900682,50681,DEBIT,3088.59,2026-08-20,BRANCH,CAD,SUCCESS
900683,50488,CREDIT,3029.84,2026-07-07,ONLINE,CAD,SUCCESS
900684,50224,DEBIT,1174.17,2026-08-07,BRANCH,CAD,SUCCESS
900685,50199,DEBIT,3954.16,2026-08-21,POS,CAD,SUCCESS
900686,50863,CREDIT,3452.48,2026-07-27,POS,CAD,SUCCESS
900687,50635,DEBIT,1017.81,2026-09-26,ONLINE,CAD,SUCCESS
900688,50051,CREDIT,2631.57,2026-07-03,ATM,CAD,SUCCESS
900689,50508,CREDIT,435.14,2026-09-11,ONLINE,CAD,SUCCESS
900690,50039,CREDIT,4114.07,2026-07-08,POS,CAD,SUCCESS
900691,50862,CREDIT,174.6,2026-08-20,POS,CAD,SUCCESS
900692,50079,DEBIT,4930.7,2026-08-31,BRANCH,CAD,SUCCESS
900693,50654,DEBIT,925.22,2026-07-13,ATM,CAD,SUCCESS
900694,50727,DEBIT,2153.4,2026-08-04,POS,CAD,SUCCESS
900695,50275,CREDIT,1861.69,2026-08-09,BRANCH,CAD,SUCCESS
900696,50250,CREDIT,43.72,2026-09-26,BRANCH,CAD,SUCCESS
900697,50546,CREDIT,3991.65,2026-09-20,BRANCH,CAD,SUCCESS
900698,51059,DEBIT,1673.85,2026-07-03,ONLINE,CAD,SUCCESS
900699,51079,DEBIT,4012.2,2026-09-23,ATM,CAD,SUCCESS
900700,50654,CREDIT,4146.38,2026-08-12,POS,CAD,SUCCESS
900701,50225,CREDIT,58.39,2026-08-07,BRANCH,CAD,SUCCESS
900702,50824,CREDIT,2048.51,2026-09-14,BRANCH,CAD,SUCCESS
900703,51216,DEBIT,4614.6,2026-07-30,ONLINE,CAD,SUCCESS
900704,50084,CREDIT,3725.44,2026-08-06,ONLINE,CAD,SUCCESS
900705,51239,CREDIT,1558.99,2026-08-07,ONLINE,CAD,SUCCESS
900706,50792,DEBIT,120.42,2026-09-19,BRANCH,CAD,SUCCESS
900707,50352,CREDIT,2839.74,2026-09-27,POS,CAD,SUCCESS
900708,50782,DEBIT,4468.29,2026-09-13,ONLINE,CAD,SUCCESS
900709,50619,CREDIT,1545.31,2026-07-06,ATM,CAD,SUCCESS
900710,50092,CREDIT,379.94,2026-07-19,POS,CAD,SUCCESS
900711,50844,DEBIT,3927.36,2026-09-16,ONLINE,CAD,SUCCESS
900712,50174,CREDIT,3391.19,2026-07-11,ONLINE,CAD,SUCCESS
900713,50510,DEBIT,4082.37,2026-08-09,ONLINE,CAD,SUCCESS
900714,50293,CREDIT,3702.95,2026-08-11,ATM,CAD,SUCCESS
900715,50946,DEBIT,4136.36,2026-07-22,ATM,CAD,SUCCESS
900716,50163,DEBIT,1100.6,2026-07-18,ATM,CAD,SUCCESS
900717,50268,DEBIT,4041.17,2026-09-11,POS,CAD,SUCCESS
900718,50843,DEBIT,4167.69,2026-07-12,ATM,CAD,SUCCESS
900719,50128,CREDIT,4880.95,2026-09-05,ONLINE,CAD,SUCCESS
900720,50505,CREDIT,2856.58,2026-08-23,BRANCH,CAD,SUCCESS
900721,50599,DEBIT,3646.97,2026-08-17,BRANCH,CAD,SUCCESS
900722,50247,DEBIT,340.31,2026-09-11,ATM,CAD,SUCCESS
900723,50806,CREDIT,3299.15,2026-09-29,POS,CAD,SUCCESS
900724,51221,DEBIT,289.59,2026-07-26,ONLINE,CAD,SUCCESS
900725,50238,DEBIT,3144.34,2026-07-13,BRANCH,CAD,SUCCESS
900726,50533,DEBIT,388.28,2026-08-30,ATM,CAD,SUCCESS
900727,50023,CREDIT,443.16,2026-09-21,BRANCH,CAD,SUCCESS
900728,50855,CREDIT,762.03,2026-08-09,POS,CAD,SUCCESS
900729,50524,CREDIT,1922.55,2026-08-14,POS,CAD,SUCCESS
900730,50036,CREDIT,4654.84,2026-08-06,ATM,CAD,SUCCESS
900731,51054,CREDIT,1811.22,2026-07-14,POS,CAD,SUCCESS
900732,50695,DEBIT,3113.65,2026-09-29,ONLINE,CAD,SUCCESS
900733,50022,DEBIT,4912.33,2026-09-03,ONLINE,CAD,SUCCESS
900734,51009,DEBIT,4348.07,2026-07-05,ONLINE,CAD,SUCCESS
900735,50286,CREDIT,2709.76,2026-08-07,BRANCH,CAD,SUCCESS
900736,50969,DEBIT,3306.61,2026-09-01,ATM,CAD,SUCCESS
900737,50452,DEBIT,1530.93,2026-08-12,POS,CAD,SUCCESS
900738,50285,CREDIT,2640.49,2026-08-10,POS,CAD,SUCCESS
900739,50418,DEBIT,3025.53,2026-07-28,POS,CAD,SUCCESS
900740,50689,DEBIT,433.16,2026-07-21,ATM,CAD,SUCCESS
900741,50321,DEBIT,3262.73,2026-08-14,BRANCH,CAD,SUCCESS
900742,50070,DEBIT,4407.97,2026-08-14,ATM,CAD,SUCCESS
900743,50243,CREDIT,3341.39,2026-08-04,ATM,CAD,SUCCESS
900744,50358,DEBIT,4041.09,2026-08-21,ONLINE,CAD,SUCCESS
900745,50664,CREDIT,4804.04,2026-08-30,BRANCH,CAD,SUCCESS
900746,50177,CREDIT,1467.98,2026-08-08,BRANCH,CAD,SUCCESS
900747,50321,CREDIT,1660.08,2026-08-29,BRANCH,CAD,SUCCESS
900748,50504,CREDIT,2381.73,2026-09-06,ONLINE,CAD,SUCCESS
900749,50242,CREDIT,4665.65,2026-07-18,ATM,CAD,SUCCESS
900750,50046,DEBIT,4016.16,2026-08-17,ATM,CAD,SUCCESS
900751,50091,DEBIT,173.07,2026-08-31,POS,CAD,SUCCESS
900752,50574,CREDIT,4115.7,2026-08-27,ATM,CAD,SUCCESS
900753,50861,CREDIT,3097.32,2026-07-29,ATM,CAD,SUCCESS
900754,50059,CREDIT,2898.73,2026-07-13,POS,CAD,SUCCESS
900755,51248,CREDIT,2959.46,2026-07-31,ATM,CAD,SUCCESS
900756,51193,DEBIT,2982.48,2026-07-14,ONLINE,CAD,SUCCESS
900757,50877,CREDIT,3106.52,2026-09-14,ONLINE,CAD,SUCCESS
900758,50454,CREDIT,2433.7,2026-09-02,ONLINE,CAD,SUCCESS
900759,50689,CREDIT,3831.42,2026-08-08,POS,CAD,SUCCESS
900760,50382,DEBIT,3950.3,2026-07-27,POS,CAD,SUCCESS
900761,50086,DEBIT,3961.78,2026-07-27,ONLINE,CAD,SUCCESS
900762,50386,CREDIT,1476.75,2026-09-12,ONLINE,CAD,SUCCESS
900763,50822,CREDIT,55.11,2026-09-19,BRANCH,CAD,SUCCESS
900764,50954,CREDIT,782.28,2026-07-23,BRANCH,CAD,SUCCESS
900765,50073,CREDIT,4743.09,2026-08-01,ONLINE,CAD,SUCCESS
900766,50893,CREDIT,2856.42,2026-07-05,BRANCH,CAD,SUCCESS
900767,50361,DEBIT,1923.55,2026-09-03,ONLINE,CAD,SUCCESS
900768,50398,CREDIT,2608.0,2026-09-24,ATM,CAD,SUCCESS
900769,50730,DEBIT,397.7,2026-07-17,ATM,CAD,SUCCESS
900770,50392,DEBIT,302.01,2026-09-06,ONLINE,CAD,SUCCESS
900771,51242,DEBIT,4450.75,2026-08-11,ATM,CAD,SUCCESS
900772,50954,CREDIT,259.88,2026-07-21,ATM,CAD,SUCCESS
900773,50257,DEBIT,4619.74,2026-08-12,ATM,CAD,SUCCESS
900774,50966,DEBIT,637.14,2026-09-16,ATM,CAD,SUCCESS
900775,50446,CREDIT,895.41,2026-07-30,ONLINE,CAD,SUCCESS
900776,50303,CREDIT,2259.43,2026-07-27,ONLINE,CAD,SUCCESS
900777,50321,DEBIT,4179.57,2026-07-23,BRANCH,CAD,SUCCESS
900778,50680,CREDIT,553.29,2026-08-30,ONLINE,CAD,SUCCESS
900779,50792,CREDIT,4072.75,2026-08-30,BRANCH,CAD,SUCCESS
900780,50181,DEBIT,3999.63,2026-09-16,POS,CAD,SUCCESS
900781,50333,CREDIT,3436.02,2026-09-15,ONLINE,CAD,SUCCESS
900782,50731,DEBIT,2822.36,2026-09-18,ONLINE,CAD,SUCCESS
900783,50509,DEBIT,3801.63,2026-07-19,ATM,CAD,SUCCESS
900784,50885,DEBIT,1932.88,2026-09-27,BRANCH,CAD,SUCCESS
900785,50481,DEBIT,3837.6,2026-09-29,BRANCH,CAD,SUCCESS
900786,51168,DEBIT,1359.28,2026-08-09,POS,CAD,SUCCESS
900787,51189,DEBIT,1236.16,2026-08-04,ONLINE,CAD,SUCCESS
900788,50513,DEBIT,545.54,2026-07-21,ATM,CAD,SUCCESS
900789,50016,CREDIT,2374.78,2026-09-14,POS,CAD,SUCCESS
900790,51073,DEBIT,2932.22,2026-09-16,POS,CAD,SUCCESS
900791,51151,DEBIT,3405.59,2026-08-15,ATM,CAD,SUCCESS
900792,50853,DEBIT,302.0,2026-09-12,ONLINE,CAD,SUCCESS
900793,50975,DEBIT,4434.6,2026-07-06,BRANCH,CAD,SUCCESS
900794,51035,DEBIT,1547.64,2026-07-05,POS,CAD,SUCCESS
900795,50024,DEBIT,2531.1,2026-09-25,POS,CAD,SUCCESS
900796,50212,DEBIT,1736.67,2026-09-10,ONLINE,CAD,SUCCESS
900797,50827,CREDIT,3952.9,2026-07-11,POS,CAD,SUCCESS
900798,50319,DEBIT,3704.17,2026-08-24,ONLINE,CAD,SUCCESS
900799,51231,CREDIT,3667.07,2026-09-01,ATM,CAD,SUCCESS
900800,50197,CREDIT,917.5,2026-08-25,BRANCH,CAD,SUCCESS
900801,51131,DEBIT,3280.77,2026-08-15,ONLINE,CAD,SUCCESS
900802,50816,DEBIT,637.34,2026-07-20,POS,CAD,SUCCESS
900803,50200,CREDIT,679.84,2026-07-04,ATM,CAD,SUCCESS
900804,50400,DEBIT,1742.82,2026-07-04,ATM,CAD,SUCCESS
900805,50337,CREDIT,1593.99,2026-08-06,POS,CAD,SUCCESS
900806,50569,CREDIT,3074.14,2026-07-25,ATM,CAD,SUCCESS
900807,50259,CREDIT,1515.96,2026-08-07,BRANCH,CAD,SUCCESS
900808,50045,DEBIT,3103.99,2026-09-28,POS,CAD,SUCCESS
900809,51227,CREDIT,120.29,2026-09-16,BRANCH,CAD,SUCCESS
900810,50819,DEBIT,1397.65,2026-08-28,ONLINE,CAD,SUCCESS
900811,51050,CREDIT,2886.36,2026-08-20,BRANCH,CAD,SUCCESS
900812,50603,CREDIT,2875.51,2026-09-17,BRANCH,CAD,SUCCESS
900813,50884,CREDIT,1078.05,2026-09-17,ATM,CAD,SUCCESS
900814,50157,DEBIT,3452.05,2026-08-23,BRANCH,CAD,SUCCESS
900815,51081,CREDIT,1998.31,2026-07-11,ONLINE,CAD,SUCCESS
900816,51129,CREDIT,351.64,2026-08-04,ONLINE,CAD,SUCCESS
900817,50558,DEBIT,3566.1,2026-08-14,ATM,CAD,SUCCESS
900818,50042,CREDIT,2340.03,2026-07-24,ATM,CAD,SUCCESS
900819,51087,DEBIT,3948.29,2026-07-18,ONLINE,CAD,SUCCESS
900820,50159,CREDIT,1992.95,2026-07-13,POS,CAD,SUCCESS
900821,51233,CREDIT,2989.46,2026-09-28,ONLINE,CAD,SUCCESS
900822,51239,DEBIT,97.91,2026-07-03,BRANCH,CAD,SUCCESS
900823,51043,DEBIT,2322.0,2026-08-12,ONLINE,CAD,SUCCESS
900824,50383,CREDIT,4316.55,2026-09-04,POS,CAD,SUCCESS
900825,50954,CREDIT,1922.45,2026-08-06,BRANCH,CAD,SUCCESS
900826,50411,DEBIT,1844.89,2026-08-13,POS,CAD,SUCCESS
900827,50546,CREDIT,824.32,2026-08-23,BRANCH,CAD,SUCCESS
900828,50021,DEBIT,2897.53,2026-08-21,BRANCH,CAD,SUCCESS
900829,50552,CREDIT,1517.47,2026-07-05,ATM,CAD,SUCCESS
900830,51200,DEBIT,3695.73,2026-09-16,ONLINE,CAD,SUCCESS
900831,50690,DEBIT,3771.63,2026-08-30,ATM,CAD,SUCCESS
900832,50148,CREDIT,2323.36,2026-07-25,ATM,CAD,SUCCESS
900833,50152,DEBIT,3537.39,2026-09-07,ATM,CAD,SUCCESS
900834,51100,CREDIT,4011.9,2026-08-16,ONLINE,CAD,SUCCESS
900835,50025,CREDIT,1269.76,2026-09-01,ONLINE,CAD,SUCCESS
900836,50977,CREDIT,180.41,2026-07-28,POS,CAD,SUCCESS
900837,50309,DEBIT,494.29,2026-08-11,ATM,CAD,SUCCESS
900838,50062,DEBIT,4770.4,2026-08-22,ATM,CAD,SUCCESS
900839,50222,DEBIT,2844.19,2026-08-27,ATM,CAD,SUCCESS
900840,50346,CREDIT,2324.49,2026-08-06,ATM,CAD,SUCCESS
900841,50085,DEBIT,1926.58,2026-07-27,BRANCH,CAD,SUCCESS
900842,50203,CREDIT,1043.65,2026-08-03,ATM,CAD,SUCCESS
900843,50930,DEBIT,2710.98,2026-07-24,ONLINE,CAD,SUCCESS
900844,51199,CREDIT,4018.0,2026-07-23,ONLINE,CAD,SUCCESS
900845,50250,CREDIT,3846.52,2026-08-07,POS,CAD,SUCCESS
900846,50996,CREDIT,1367.19,2026-07-11,POS,CAD,SUCCESS
900847,50490,CREDIT,4516.01,2026-08-25,POS,CAD,SUCCESS
900848,50680,DEBIT,3551.0,2026-09-06,BRANCH,CAD,SUCCESS
900849,50750,DEBIT,184.03,2026-08-14,ONLINE,CAD,SUCCESS
900850,51182,CREDIT,4725.8,2026-07-10,BRANCH,CAD,SUCCESS
900851,50041,DEBIT,2146.21,2026-07-20,POS,CAD,SUCCESS
900852,50044,DEBIT,380.17,2026-08-29,ONLINE,CAD,SUCCESS
900853,50689,CREDIT,4701.66,2026-07-30,ONLINE,CAD,SUCCESS
900854,50848,DEBIT,645.93,2026-07-15,ATM,CAD,SUCCESS
900855,50903,CREDIT,129.81,2026-07-07,POS,CAD,SUCCESS
900856,51244,CREDIT,3433.48,2026-08-03,POS,CAD,SUCCESS
900857,50499,DEBIT,434.36,2026-08-08,ATM,CAD,SUCCESS
900858,51210,CREDIT,199.61,2026-07-12,BRANCH,CAD,SUCCESS
900859,50571,CREDIT,1883.32,2026-09-26,ONLINE,CAD,SUCCESS
900860,50823,CREDIT,966.61,2026-07-21,ONLINE,CAD,SUCCESS
900861,50954,DEBIT,1330.03,2026-08-04,POS,CAD,SUCCESS
900862,50739,DEBIT,4979.3,2026-08-05,POS,CAD,SUCCESS
900863,50112,CREDIT,115.22,2026-08-24,ONLINE,CAD,SUCCESS
900864,50697,CREDIT,4014.16,2026-09-25,POS,CAD,SUCCESS
900865,50919,DEBIT,3127.09,2026-07-01,ONLINE,CAD,SUCCESS
900866,50666,CREDIT,4199.56,2026-07-17,ONLINE,CAD,SUCCESS
900867,50625,CREDIT,925.46,2026-08-06,BRANCH,CAD,SUCCESS
900868,50803,CREDIT,4449.78,2026-08-19,POS,CAD,SUCCESS
900869,50527,DEBIT,4793.22,2026-09-05,ONLINE,CAD,SUCCESS
900870,50320,CREDIT,1347.4,2026-08-13,BRANCH,CAD,SUCCESS
900871,50336,DEBIT,603.34,2026-09-10,ATM,CAD,SUCCESS
900872,50449,DEBIT,3524.14,2026-09-28,BRANCH,CAD,SUCCESS
900873,51150,DEBIT,2498.02,2026-09-05,ATM,CAD,SUCCESS
900874,50173,DEBIT,3384.91,2026-08-26,ONLINE,CAD,SUCCESS
900875,50395,DEBIT,1158.27,2026-07-08,ONLINE,CAD,SUCCESS
900876,50372,CREDIT,2563.46,2026-09-01,ATM,CAD,SUCCESS
900877,51136,CREDIT,707.75,2026-09-09,ONLINE,CAD,SUCCESS
900878,50102,DEBIT,3856.4,2026-09-12,ONLINE,CAD,SUCCESS
900879,50730,CREDIT,1176.57,2026-08-27,BRANCH,CAD,SUCCESS
900880,50846,DEBIT,4435.24,2026-07-06,ONLINE,CAD,SUCCESS
900881,50265,CREDIT,999.78,2026-08-13,BRANCH,CAD,SUCCESS
900882,50729,CREDIT,2500.56,2026-09-29,BRANCH,CAD,SUCCESS
900883,51024,CREDIT,3060.11,2026-08-23,ONLINE,CAD,SUCCESS
900884,50905,DEBIT,3229.03,2026-09-18,POS,CAD,SUCCESS
900885,50194,CREDIT,1856.17,2026-09-24,ATM,CAD,SUCCESS
900886,50753,DEBIT,1780.89,2026-07-22,BRANCH,CAD,SUCCESS
900887,50935,DEBIT,580.25,2026-09-07,BRANCH,CAD,SUCCESS
900888,51068,CREDIT,730.3,2026-07-21,BRANCH,CAD,SUCCESS
900889,50327,DEBIT,4749.28,2026-08-15,BRANCH,CAD,SUCCESS
900890,50288,DEBIT,2778.97,2026-08-31,BRANCH,CAD,SUCCESS
900891,50446,DEBIT,4652.44,2026-08-09,POS,CAD,SUCCESS
900892,50216,CREDIT,4234.13,2026-08-13,ATM,CAD,SUCCESS
900893,50313,CREDIT,4421.26,2026-09-25,POS,CAD,SUCCESS
900894,50615,CREDIT,3154.53,2026-08-31,ATM,CAD,SUCCESS
900895,50990,DEBIT,4698.45,2026-09-16,ATM,CAD,SUCCESS
900896,50633,DEBIT,2084.65,2026-08-25,BRANCH,CAD,SUCCESS
900897,50974,CREDIT,3557.2,2026-09-27,BRANCH,CAD,SUCCESS
900898,50902,CREDIT,440.68,2026-07-29,BRANCH,CAD,SUCCESS
900899,50877,CREDIT,4802.88,2026-09-19,BRANCH,CAD,SUCCESS
900900,50788,CREDIT,4174.07,2026-08-25,BRANCH,CAD,SUCCESS
900901,50380,CREDIT,4508.03,2026-07-28,ATM,CAD,SUCCESS
900902,50320,CREDIT,1325.77,2026-09-26,POS,CAD,SUCCESS
900903,50298,CREDIT,1904.58,2026-08-21,ONLINE,CAD,SUCCESS
900904,50710,CREDIT,2173.96,2026-07-18,ATM,CAD,SUCCESS
900905,50889,DEBIT,2089.31,2026-08-19,POS,CAD,SUCCESS
900906,51236,CREDIT,4683.82,2026-09-21,BRANCH,CAD,SUCCESS
900907,50419,DEBIT,171.01,2026-08-21,ONLINE,CAD,SUCCESS
900908,50985,DEBIT,2724.5,2026-08-02,BRANCH,CAD,SUCCESS
900909,51016,DEBIT,2292.61,2026-09-09,ATM,CAD,SUCCESS
900910,50140,CREDIT,4317.68,2026-09-16,ATM,CAD,SUCCESS
900911,51180,CREDIT,757.27,2026-08-30,ATM,CAD,SUCCESS
900912,50201,CREDIT,4534.69,2026-09-24,ONLINE,CAD,SUCCESS
900913,50077,CREDIT,2749.0,2026-09-07,BRANCH,CAD,SUCCESS
900914,50493,CREDIT,976.04,2026-07-14,POS,CAD,SUCCESS
900915,50823,CREDIT,502.47,2026-08-18,ATM,CAD,SUCCESS
900916,50255,CREDIT,2013.57,2026-07-08,POS,CAD,SUCCESS
900917,50838,DEBIT,1580.74,2026-07-08,BRANCH,CAD,SUCCESS
900918,51064,CREDIT,1058.33,2026-08-23,ONLINE,CAD,SUCCESS
900919,50113,DEBIT,1300.4,2026-08-21,ATM,CAD,SUCCESS
900920,50032,CREDIT,1066.36,2026-09-19,POS,CAD,SUCCESS
900921,50687,DEBIT,1390.55,2026-09-01,POS,CAD,SUCCESS
900922,50238,DEBIT,4532.65,2026-09-16,ONLINE,CAD,SUCCESS
900923,50689,CREDIT,798.11,2026-07-31,BRANCH,CAD,SUCCESS
900924,50180,CREDIT,4673.61,2026-09-12,ONLINE,CAD,SUCCESS
900925,50092,CREDIT,3974.43,2026-07-31,BRANCH,CAD,SUCCESS
900926,51185,CREDIT,507.83,2026-08-04,BRANCH,CAD,SUCCESS
900927,50306,DEBIT,1935.29,2026-07-30,POS,CAD,SUCCESS
900928,51238,DEBIT,2777.74,2026-08-12,BRANCH,CAD,SUCCESS
900929,50757,CREDIT,3896.61,2026-07-09,BRANCH,CAD,SUCCESS
900930,50298,DEBIT,2953.26,2026-08-12,BRANCH,CAD,SUCCESS
900931,50274,CREDIT,2249.34,2026-08-02,ATM,CAD,SUCCESS
900932,50927,DEBIT,4688.76,2026-08-14,ATM,CAD,SUCCESS
900933,50177,CREDIT,4521.06,2026-08-05,BRANCH,CAD,SUCCESS
900934,50446,CREDIT,3115.57,2026-07-21,ATM,CAD,SUCCESS
900935,50359,CREDIT,4083.73,2026-09-14,POS,CAD,SUCCESS
900936,50311,CREDIT,1448.22,2026-08-25,ONLINE,CAD,SUCCESS
900937,50186,CREDIT,3679.16,2026-07-16,ONLINE,CAD,SUCCESS
900938,51096,DEBIT,225.0,2026-08-01,BRANCH,CAD,SUCCESS
900939,51209,DEBIT,23.56,2026-08-02,ONLINE,CAD,SUCCESS
900940,50661,DEBIT,3855.63,2026-09-15,POS,CAD,SUCCESS
900941,50675,CREDIT,4282.99,2026-08-04,BRANCH,CAD,SUCCESS
900942,51237,DEBIT,2531.54,2026-08-10,BRANCH,CAD,SUCCESS
900943,50649,CREDIT,1395.38,2026-07-31,ONLINE,CAD,SUCCESS
900944,50876,DEBIT,1396.11,2026-09-26,BRANCH,CAD,SUCCESS
900945,50983,CREDIT,732.72,2026-08-30,ATM,CAD,SUCCESS
900946,50064,DEBIT,4061.79,2026-07-16,BRANCH,CAD,SUCCESS
900947,50466,CREDIT,2029.96,2026-09-18,BRANCH,CAD,SUCCESS
900948,50647,CREDIT,1783.53,2026-09-09,BRANCH,CAD,SUCCESS
900949,50360,DEBIT,1074.55,2026-09-23,ATM,CAD,SUCCESS
900950,50471,DEBIT,1502.37,2026-08-16,POS,CAD,SUCCESS
900951,51075,CREDIT,961.94,2026-07-06,BRANCH,CAD,SUCCESS
900952,50414,CREDIT,108.94,2026-09-12,ONLINE,CAD,SUCCESS
900953,50187,DEBIT,1021.49,2026-07-12,ATM,CAD,SUCCESS
900954,50320,CREDIT,420.34,2026-07-22,ONLINE,CAD,SUCCESS
900955,50991,DEBIT,2404.96,2026-07-30,ATM,CAD,SUCCESS
900956,50761,CREDIT,3135.98,2026-09-18,POS,CAD,SUCCESS
900957,50536,DEBIT,4111.15,2026-09-14,BRANCH,CAD,SUCCESS
900958,50981,DEBIT,1100.99,2026-08-26,BRANCH,CAD,SUCCESS
900959,50219,CREDIT,2914.1,2026-09-08,POS,CAD,SUCCESS
900960,50847,CREDIT,3637.62,2026-08-08,ONLINE,CAD,SUCCESS
900961,50617,DEBIT,219.17,2026-09-21,BRANCH,CAD,SUCCESS
900962,50674,DEBIT,4933.22,2026-08-31,ATM,CAD,SUCCESS
900963,50629,DEBIT,2272.03,2026-07-28,ATM,CAD,SUCCESS
900964,50138,DEBIT,4620.85,2026-09-20,ATM,CAD,SUCCESS
900965,50228,DEBIT,4351.66,2026-08-08,ATM,CAD,SUCCESS
900966,50469,DEBIT,3386.32,2026-08-26,BRANCH,CAD,SUCCESS
900967,50928,CREDIT,3144.47,2026-07-29,BRANCH,CAD,SUCCESS
900968,50744,CREDIT,294.95,2026-07-17,ATM,CAD,SUCCESS
900969,50946,CREDIT,3882.37,2026-09-13,POS,CAD,SUCCESS
900970,50907,CREDIT,1117.99,2026-07-29,ATM,CAD,SUCCESS
900971,50619,CREDIT,1124.52,2026-08-30,BRANCH,CAD,SUCCESS
900972,50259,CREDIT,794.81,2026-07-05,ONLINE,CAD,SUCCESS
900973,50694,DEBIT,3262.32,2026-08-23,BRANCH,CAD,SUCCESS
900974,50924,DEBIT,215.29,2026-09-05,BRANCH,CAD,SUCCESS
900975,50332,CREDIT,2581.17,2026-08-04,ONLINE,CAD,SUCCESS
900976,50001,CREDIT,1505.25,2026-07-03,ONLINE,CAD,SUCCESS
900977,51207,CREDIT,1632.48,2026-07-20,BRANCH,CAD,SUCCESS
900978,50590,DEBIT,3755.1,2026-09-29,ONLINE,CAD,SUCCESS
900979,50255,CREDIT,4608.97,2026-07-29,POS,CAD,SUCCESS
900980,50112,CREDIT,2808.99,2026-07-08,ATM,CAD,SUCCESS
900981,51171,CREDIT,4168.12,2026-07-04,ATM,CAD,SUCCESS
900982,50428,CREDIT,3331.85,2026-08-31,POS,CAD,SUCCESS
900983,50599,DEBIT,4080.19,2026-07-16,ATM,CAD,SUCCESS
900984,50020,DEBIT,2872.82,2026-09-24,ATM,CAD,SUCCESS
900985,50563,CREDIT,1192.37,2026-07-03,POS,CAD,SUCCESS
900986,51094,CREDIT,1173.76,2026-07-28,ONLINE,CAD,SUCCESS
900987,50253,CREDIT,802.55,2026-07-29,ATM,CAD,SUCCESS
900988,50291,CREDIT,1447.28,2026-08-04,ATM,CAD,SUCCESS
900989,50383,CREDIT,1815.29,2026-08-17,BRANCH,CAD,SUCCESS
900990,50324,DEBIT,4458.95,2026-07-04,ATM,CAD,SUCCESS
900991,50661,CREDIT,2023.86,2026-09-28,ATM,CAD,SUCCESS
900992,50883,DEBIT,2871.99,2026-09-07,POS,CAD,SUCCESS
900993,50603,CREDIT,234.93,2026-09-13,BRANCH,CAD,SUCCESS
900994,50576,DEBIT,2925.54,2026-09-19,POS,CAD,SUCCESS
900995,50171,DEBIT,1833.96,2026-07-21,ATM,CAD,SUCCESS
900996,50098,CREDIT,3867.12,2026-09-13,ONLINE,CAD,SUCCESS
900997,50117,CREDIT,2271.78,2026-07-27,BRANCH,CAD,SUCCESS
900998,50906,CREDIT,2931.68,2026-07-07,ATM,CAD,SUCCESS
900999,50361,DEBIT,1757.42,2026-08-12,POS,CAD,SUCCESS
901000,51233,DEBIT,426.86,2026-07-15,POS,CAD,SUCCESS
901001,50168,DEBIT,108.82,2026-09-19,BRANCH,CAD,SUCCESS
901002,51121,DEBIT,184.9,2026-07-14,ONLINE,CAD,SUCCESS
901003,50006,CREDIT,1648.87,2026-07-29,POS,CAD,SUCCESS
901004,50467,DEBIT,3545.94,2026-09-08,ATM,CAD,SUCCESS
901005,50244,CREDIT,410.77,2026-08-12,BRANCH,CAD,SUCCESS
901006,51036,DEBIT,1920.63,2026-07-02,ONLINE,CAD,SUCCESS
901007,50278,CREDIT,1005.06,2026-09-27,BRANCH,CAD,SUCCESS
901008,50356,CREDIT,2347.53,2026-08-03,ONLINE,CAD,SUCCESS
901009,50603,CREDIT,1470.22,2026-07-09,BRANCH,CAD,SUCCESS
901010,50134,DEBIT,2907.24,2026-08-13,BRANCH,CAD,SUCCESS
901011,51173,DEBIT,3698.63,2026-08-31,ATM,CAD,SUCCESS
901012,51048,CREDIT,252.11,2026-07-27,POS,CAD,SUCCESS
901013,50073,DEBIT,4236.98,2026-07-11,ONLINE,CAD,SUCCESS
901014,50865,DEBIT,2381.77,2026-08-11,ONLINE,CAD,SUCCESS
901015,50976,CREDIT,854.98,2026-07-18,ONLINE,CAD,SUCCESS
901016,51113,CREDIT,962.95,2026-08-27,ATM,CAD,SUCCESS
901017,50826,DEBIT,4457.25,2026-07-02,BRANCH,CAD,SUCCESS
901018,50348,DEBIT,3733.09,2026-07-13,ATM,CAD,SUCCESS
901019,50114,CREDIT,1427.45,2026-08-18,POS,CAD,SUCCESS
901020,51022,DEBIT,3380.91,2026-08-11,BRANCH,CAD,SUCCESS
901021,50274,CREDIT,1042.54,2026-09-23,ONLINE,CAD,SUCCESS
901022,50765,CREDIT,4332.2,2026-09-11,POS,CAD,SUCCESS
901023,50636,CREDIT,1713.38,2026-07-08,BRANCH,CAD,SUCCESS
901024,50408,DEBIT,2347.26,2026-08-05,POS,CAD,SUCCESS
901025,51010,CREDIT,4293.83,2026-09-23,POS,CAD,SUCCESS
901026,51229,DEBIT,2013.74,2026-09-17,POS,CAD,SUCCESS
901027,50230,CREDIT,2691.85,2026-09-09,BRANCH,CAD,SUCCESS
901028,50530,CREDIT,2602.12,2026-08-06,ATM,CAD,SUCCESS
901029,50568,CREDIT,1270.12,2026-07-27,POS,CAD,SUCCESS
901030,50590,CREDIT,4105.64,2026-09-01,POS,CAD,SUCCESS
901031,50999,CREDIT,1791.98,2026-09-19,ATM,CAD,SUCCESS
901032,50520,CREDIT,4041.1,2026-08-08,ONLINE,CAD,SUCCESS
901033,50529,DEBIT,3339.31,2026-07-05,ATM,CAD,SUCCESS
901034,50999,DEBIT,445.73,2026-07-07,ATM,CAD,SUCCESS
901035,50164,CREDIT,491.17,2026-08-20,ONLINE,CAD,SUCCESS
901036,50057,DEBIT,2724.5,2026-07-24,ATM,CAD,SUCCESS
901037,50340,CREDIT,2422.17,2026-09-24,ONLINE,CAD,SUCCESS
901038,50284,CREDIT,2347.42,2026-09-06,ONLINE,CAD,SUCCESS
901039,50773,CREDIT,919.32,2026-07-17,ONLINE,CAD,SUCCESS
901040,50845,DEBIT,2382.36,2026-07-10,POS,CAD,SUCCESS
901041,51202,DEBIT,111.89,2026-09-20,BRANCH,CAD,SUCCESS
901042,50687,CREDIT,135.36,2026-09-01,ATM,CAD,SUCCESS
901043,50757,DEBIT,4232.53,2026-07-30,POS,CAD,SUCCESS
901044,50907,DEBIT,4367.5,2026-07-14,BRANCH,CAD,SUCCESS
901045,50935,CREDIT,4848.77,2026-09-19,ATM,CAD,SUCCESS
901046,50978,DEBIT,4749.67,2026-07-25,BRANCH,CAD,SUCCESS
901047,50265,CREDIT,1049.8,2026-09-02,POS,CAD,SUCCESS
901048,50388,DEBIT,4944.0,2026-07-22,BRANCH,CAD,SUCCESS
901049,51193,CREDIT,4506.5,2026-09-22,BRANCH,CAD,SUCCESS
901050,50837,DEBIT,4103.66,2026-08-07,POS,CAD,SUCCESS
901051,50240,CREDIT,3270.9,2026-08-19,POS,CAD,SUCCESS
901052,50668,DEBIT,2421.81,2026-09-23,ATM,CAD,SUCCESS
901053,51000,CREDIT,4261.37,2026-08-03,ONLINE,CAD,SUCCESS
901054,50578,CREDIT,250.71,2026-07-31,POS,CAD,SUCCESS
901055,51060,DEBIT,3544.24,2026-09-16,ATM,CAD,SUCCESS
901056,50983,DEBIT,2677.2,2026-07-20,POS,CAD,SUCCESS
901057,50895,DEBIT,3171.81,2026-08-17,BRANCH,CAD,SUCCESS
901058,51170,CREDIT,2830.62,2026-09-28,ATM,CAD,SUCCESS
901059,50084,CREDIT,1653.16,2026-09-28,ATM,CAD,SUCCESS
901060,50968,CREDIT,1451.06,2026-08-01,ONLINE,CAD,SUCCESS
901061,50851,DEBIT,2185.33,2026-07-22,BRANCH,CAD,SUCCESS
901062,50571,CREDIT,1123.08,2026-08-17,ATM,CAD,SUCCESS
901063,50446,DEBIT,4727.63,2026-07-03,BRANCH,CAD,SUCCESS
901064,51153,CREDIT,2661.79,2026-08-23,POS,CAD,SUCCESS
901065,50353,CREDIT,380.01,2026-08-03,ONLINE,CAD,SUCCESS
901066,50238,DEBIT,2945.57,2026-09-05,ONLINE,CAD,SUCCESS
901067,50770,CREDIT,2452.83,2026-07-25,ONLINE,CAD,SUCCESS
901068,51154,CREDIT,1139.43,2026-07-04,ATM,CAD,SUCCESS
901069,50521,CREDIT,151.8,2026-09-23,POS,CAD,SUCCESS
901070,50329,DEBIT,2086.68,2026-09-08,POS,CAD,SUCCESS
901071,50083,DEBIT,3490.61,2026-09-27,ATM,CAD,SUCCESS
901072,51219,CREDIT,2882.21,2026-08-12,POS,CAD,SUCCESS
901073,50606,DEBIT,102.38,2026-07-17,ATM,CAD,SUCCESS
901074,50300,DEBIT,2403.32,2026-09-14,ATM,CAD,SUCCESS
901075,51066,CREDIT,4217.83,2026-08-02,ONLINE,CAD,SUCCESS
901076,50187,CREDIT,2161.02,2026-07-12,POS,CAD,SUCCESS
901077,51136,DEBIT,4717.71,2026-09-07,ATM,CAD,SUCCESS
901078,50990,DEBIT,2831.8,2026-07-04,ATM,CAD,SUCCESS
901079,50173,DEBIT,1481.52,2026-09-22,BRANCH,CAD,SUCCESS
901080,50370,DEBIT,4860.64,2026-08-01,ATM,CAD,SUCCESS
901081,50951,DEBIT,4472.73,2026-08-23,POS,CAD,SUCCESS
901082,51242,CREDIT,4478.3,2026-07-09,ATM,CAD,SUCCESS
901083,50406,CREDIT,4122.5,2026-07-08,ONLINE,CAD,SUCCESS
901084,50065,DEBIT,1673.58,2026-08-30,ATM,CAD,SUCCESS
901085,50147,DEBIT,3204.43,2026-08-17,BRANCH,CAD,SUCCESS
901086,50363,DEBIT,2818.55,2026-08-20,ATM,CAD,SUCCESS
901087,50908,DEBIT,1340.18,2026-08-12,ATM,CAD,SUCCESS
901088,51064,DEBIT,2497.05,2026-07-13,ONLINE,CAD,SUCCESS
901089,50623,DEBIT,3843.74,2026-07-06,POS,CAD,SUCCESS
901090,50697,CREDIT,611.4,2026-09-15,BRANCH,CAD,SUCCESS
901091,50178,CREDIT,4860.16,2026-08-28,ATM,CAD,SUCCESS
901092,50594,DEBIT,2395.66,2026-09-01,POS,CAD,SUCCESS
901093,50004,DEBIT,3955.14,2026-08-06,ATM,CAD,SUCCESS
901094,50042,CREDIT,23.66,2026-09-13,POS,CAD,SUCCESS
901095,50692,CREDIT,747.54,2026-07-30,ONLINE,CAD,SUCCESS
901096,50258,DEBIT,4330.14,2026-09-18,BRANCH,CAD,SUCCESS
901097,50460,CREDIT,868.85,2026-09-17,ONLINE,CAD,SUCCESS
901098,50320,CREDIT,917.74,2026-07-15,POS,CAD,SUCCESS
901099,50806,CREDIT,1925.66,2026-09-17,ONLINE,CAD,SUCCESS
901100,51231,CREDIT,4235.7,2026-08-04,ATM,CAD,SUCCESS
901101,51054,DEBIT,2911.92,2026-09-21,ATM,CAD,SUCCESS
901102,51081,DEBIT,3323.56,2026-09-17,BRANCH,CAD,SUCCESS
901103,50365,DEBIT,61.85,2026-09-06,ATM,CAD,SUCCESS
901104,51115,DEBIT,4279.16,2026-09-23,BRANCH,CAD,SUCCESS
901105,50966,CREDIT,4377.19,2026-09-07,ONLINE,CAD,SUCCESS
901106,50927,DEBIT,4367.17,2026-07-08,ATM,CAD,SUCCESS
901107,50827,DEBIT,1646.62,2026-09-16,ONLINE,CAD,SUCCESS
901108,51067,CREDIT,3643.57,2026-08-26,ATM,CAD,SUCCESS
901109,51145,DEBIT,1857.45,2026-08-15,ATM,CAD,SUCCESS
901110,50678,DEBIT,3210.93,2026-08-16,ONLINE,CAD,SUCCESS
901111,51224,DEBIT,4492.5,2026-09-12,POS,CAD,SUCCESS
901112,51119,CREDIT,1980.79,2026-08-30,ONLINE,CAD,SUCCESS
901113,50682,CREDIT,3210.48,2026-09-04,ONLINE,CAD,SUCCESS
901114,50411,DEBIT,2183.78,2026-09-28,BRANCH,CAD,SUCCESS
901115,50261,CREDIT,3209.29,2026-08-26,POS,CAD,SUCCESS
901116,50687,DEBIT,1350.68,2026-08-30,BRANCH,CAD,SUCCESS
901117,50959,CREDIT,318.74,2026-07-17,ONLINE,CAD,SUCCESS
901118,50556,CREDIT,4938.3,2026-08-22,ATM,CAD,SUCCESS
901119,51065,CREDIT,4310.89,2026-09-20,BRANCH,CAD,SUCCESS
901120,50311,DEBIT,4787.54,2026-09-22,ONLINE,CAD,SUCCESS
901121,50174,CREDIT,1467.99,2026-09-03,ONLINE,CAD,SUCCESS
901122,51110,DEBIT,220.48,2026-09-06,BRANCH,CAD,SUCCESS
901123,51103,DEBIT,4091.16,2026-09-25,BRANCH,CAD,SUCCESS
901124,50298,CREDIT,1062.35,2026-08-15,ONLINE,CAD,SUCCESS
901125,50832,CREDIT,1325.18,2026-08-21,BRANCH,CAD,SUCCESS
901126,50987,DEBIT,4183.95,2026-08-09,BRANCH,CAD,SUCCESS
901127,50782,DEBIT,1419.73,2026-08-06,ATM,CAD,SUCCESS
901128,50028,CREDIT,4097.41,2026-08-25,ATM,CAD,SUCCESS
901129,50183,CREDIT,3683.86,2026-07-08,ATM,CAD,SUCCESS
901130,50756,DEBIT,2127.47,2026-09-18,BRANCH,CAD,SUCCESS
901131,50865,CREDIT,2066.5,2026-08-03,ONLINE,CAD,SUCCESS
901132,51206,CREDIT,2510.76,2026-07-12,ATM,CAD,SUCCESS
901133,50081,CREDIT,1790.62,2026-09-09,POS,CAD,SUCCESS
901134,51030,CREDIT,2871.26,2026-08-01,POS,CAD,SUCCESS
901135,50820,CREDIT,2744.92,2026-08-20,ATM,CAD,SUCCESS
901136,50409,CREDIT,650.89,2026-09-26,BRANCH,CAD,SUCCESS
901137,50272,CREDIT,4919.84,2026-09-04,ONLINE,CAD,SUCCESS
901138,50103,CREDIT,1331.49,2026-07-01,ATM,CAD,SUCCESS
901139,50379,CREDIT,346.88,2026-09-20,BRANCH,CAD,SUCCESS
901140,50303,CREDIT,3367.48,2026-07-08,ONLINE,CAD,SUCCESS
901141,51229,CREDIT,2592.48,2026-09-22,ATM,CAD,SUCCESS
901142,50749,CREDIT,3381.02,2026-09-23,POS,CAD,SUCCESS
901143,50495,DEBIT,4560.22,2026-09-21,ATM,CAD,SUCCESS
901144,51070,CREDIT,2079.55,2026-08-26,POS,CAD,SUCCESS
901145,50326,DEBIT,2906.91,2026-09-24,ONLINE,CAD,SUCCESS
901146,50697,CREDIT,1971.8,2026-09-09,POS,CAD,SUCCESS
901147,50038,DEBIT,3828.24,2026-08-21,BRANCH,CAD,SUCCESS
901148,51171,DEBIT,4547.3,2026-07-05,ONLINE,CAD,SUCCESS
901149,51204,CREDIT,752.59,2026-09-28,ONLINE,CAD,SUCCESS
901150,50984,CREDIT,1551.84,2026-08-01,ATM,CAD,SUCCESS
901151,51097,DEBIT,4548.74,2026-09-15,ONLINE,CAD,SUCCESS
901152,50787,DEBIT,1152.17,2026-07-07,BRANCH,CAD,SUCCESS
901153,50937,DEBIT,947.87,2026-07-13,BRANCH,CAD,SUCCESS
901154,50348,DEBIT,2813.59,2026-08-10,ONLINE,CAD,SUCCESS
901155,50912,DEBIT,4825.99,2026-09-17,BRANCH,CAD,SUCCESS
901156,50740,DEBIT,3546.91,2026-08-11,POS,CAD,SUCCESS
901157,51013,CREDIT,2589.2,2026-07-03,ONLINE,CAD,SUCCESS
901158,50894,DEBIT,4573.38,2026-09-29,BRANCH,CAD,SUCCESS
901159,50303,DEBIT,3919.56,2026-08-17,ONLINE,CAD,SUCCESS
901160,50402,DEBIT,32.2,2026-07-14,POS,CAD,SUCCESS
901161,50241,CREDIT,4192.83,2026-08-27,POS,CAD,SUCCESS
901162,50699,DEBIT,4081.46,2026-09-07,ONLINE,CAD,SUCCESS
901163,50300,DEBIT,3697.01,2026-09-06,BRANCH,CAD,SUCCESS
901164,50273,DEBIT,4084.39,2026-09-09,BRANCH,CAD,SUCCESS
901165,50453,CREDIT,2081.19,2026-07-02,BRANCH,CAD,SUCCESS
901166,50187,DEBIT,3239.07,2026-09-06,POS,CAD,SUCCESS
901167,50132,CREDIT,3982.26,2026-07-06,ONLINE,CAD,SUCCESS
901168,50506,DEBIT,3224.32,2026-09-01,ATM,CAD,SUCCESS
901169,50473,DEBIT,4303.71,2026-07-12,ATM,CAD,SUCCESS
901170,50033,DEBIT,1933.0,2026-08-06,ONLINE,CAD,SUCCESS
901171,51177,CREDIT,3557.95,2026-07-27,ATM,CAD,SUCCESS
901172,50994,DEBIT,3836.2,2026-07-18,POS,CAD,SUCCESS
901173,50150,CREDIT,4527.25,2026-07-14,POS,CAD,SUCCESS
901174,50175,DEBIT,4315.0,2026-09-12,ONLINE,CAD,SUCCESS
901175,50243,DEBIT,2992.1,2026-09-15,BRANCH,CAD,SUCCESS
901176,50578,CREDIT,907.09,2026-07-08,POS,CAD,SUCCESS
901177,50219,DEBIT,2689.05,2026-07-22,ATM,CAD,SUCCESS
901178,50880,DEBIT,2614.34,2026-09-17,POS,CAD,SUCCESS
901179,50030,CREDIT,1168.5,2026-08-04,BRANCH,CAD,SUCCESS
901180,50653,DEBIT,1788.97,2026-08-11,BRANCH,CAD,SUCCESS
901181,51184,DEBIT,4166.47,2026-09-09,ATM,CAD,SUCCESS
901182,50432,CREDIT,3841.71,2026-08-07,ONLINE,CAD,SUCCESS
901183,51240,DEBIT,1646.31,2026-07-07,ATM,CAD,SUCCESS
901184,50295,DEBIT,3417.07,2026-08-21,BRANCH,CAD,SUCCESS
901185,50701,DEBIT,3604.59,2026-07-17,ONLINE,CAD,SUCCESS
901186,51154,CREDIT,4748.07,2026-09-26,BRANCH,CAD,SUCCESS
901187,50814,DEBIT,1680.98,2026-08-22,ONLINE,CAD,SUCCESS
901188,50198,DEBIT,2284.13,2026-09-08,BRANCH,CAD,SUCCESS
901189,51202,DEBIT,2907.84,2026-08-24,BRANCH,CAD,SUCCESS
901190,50933,DEBIT,4890.61,2026-07-09,POS,CAD,SUCCESS
901191,50601,CREDIT,344.71,2026-08-28,ONLINE,CAD,SUCCESS
901192,51162,CREDIT,3765.33,2026-07-15,BRANCH,CAD,SUCCESS
901193,50887,DEBIT,4748.96,2026-09-20,BRANCH,CAD,SUCCESS
901194,50833,CREDIT,1506.31,2026-07-22,POS,CAD,SUCCESS
901195,50552,DEBIT,2818.3,2026-07-27,BRANCH,CAD,SUCCESS
901196,50429,CREDIT,344.43,2026-07-18,ATM,CAD,SUCCESS
901197,50959,DEBIT,684.67,2026-07-08,ONLINE,CAD,SUCCESS
901198,50698,DEBIT,4601.21,2026-07-11,POS,CAD,SUCCESS
901199,51121,DEBIT,2805.83,2026-08-28,ONLINE,CAD,SUCCESS
901200,50585,DEBIT,2094.59,2026-09-11,BRANCH,CAD,SUCCESS
901201,50253,DEBIT,1320.77,2026-08-13,BRANCH,CAD,SUCCESS
901202,50063,DEBIT,293.8,2026-08-26,ATM,CAD,SUCCESS
901203,50256,CREDIT,4471.47,2026-07-26,ATM,CAD,SUCCESS
901204,50622,CREDIT,2189.07,2026-08-31,POS,CAD,SUCCESS
901205,50611,CREDIT,1505.88,2026-08-15,POS,CAD,SUCCESS
901206,50216,CREDIT,3789.38,2026-08-14,POS,CAD,SUCCESS
901207,51150,CREDIT,4321.51,2026-08-15,ATM,CAD,SUCCESS
901208,50478,DEBIT,4163.42,2026-08-30,ONLINE,CAD,SUCCESS
901209,50961,DEBIT,2298.87,2026-09-28,BRANCH,CAD,SUCCESS
901210,50934,DEBIT,2440.56,2026-07-21,ONLINE,CAD,SUCCESS
901211,50554,DEBIT,2382.29,2026-07-09,POS,CAD,SUCCESS
901212,51065,DEBIT,2781.72,2026-07-16,ONLINE,CAD,SUCCESS
901213,50016,CREDIT,1707.2,2026-08-31,ATM,CAD,SUCCESS
901214,50841,DEBIT,481.6,2026-08-20,BRANCH,CAD,SUCCESS
901215,50242,CREDIT,2361.69,2026-07-17,BRANCH,CAD,SUCCESS
901216,50948,DEBIT,4774.49,2026-09-05,ONLINE,CAD,SUCCESS
901217,51089,DEBIT,4012.06,2026-09-23,ONLINE,CAD,SUCCESS
901218,50399,DEBIT,3542.37,2026-07-25,ATM,CAD,SUCCESS
901219,50364,CREDIT,3670.77,2026-08-19,ATM,CAD,SUCCESS
901220,50256,CREDIT,541.8,2026-08-10,POS,CAD,SUCCESS
901221,51078,CREDIT,1495.17,2026-07-28,BRANCH,CAD,SUCCESS
901222,50283,CREDIT,2339.8,2026-07-10,ONLINE,CAD,SUCCESS
901223,50996,CREDIT,3850.67,2026-07-17,BRANCH,CAD,SUCCESS
901224,50655,CREDIT,1946.7,2026-07-12,ONLINE,CAD,SUCCESS
901225,51246,DEBIT,34.63,2026-09-14,ATM,CAD,SUCCESS
901226,51100,DEBIT,4497.38,2026-08-23,ATM,CAD,SUCCESS
901227,50128,CREDIT,4376.48,2026-09-09,BRANCH,CAD,SUCCESS
901228,50794,CREDIT,2674.65,2026-07-09,ONLINE,CAD,SUCCESS
901229,50843,CREDIT,1881.16,2026-08-13,ATM,CAD,SUCCESS
901230,50207,DEBIT,540.45,2026-07-08,ATM,CAD,SUCCESS
901231,50341,CREDIT,362.16,2026-08-06,BRANCH,CAD,SUCCESS
901232,51166,DEBIT,1731.37,2026-08-20,ATM,CAD,SUCCESS
901233,50276,CREDIT,2780.0,2026-09-28,POS,CAD,SUCCESS
901234,50027,DEBIT,76.37,2026-08-24,ONLINE,CAD,SUCCESS
901235,50640,CREDIT,4713.41,2026-07-14,POS,CAD,SUCCESS
901236,50808,DEBIT,1995.0,2026-08-05,BRANCH,CAD,SUCCESS
901237,50541,CREDIT,3249.34,2026-07-01,ONLINE,CAD,SUCCESS
901238,51137,CREDIT,591.34,2026-07-08,BRANCH,CAD,SUCCESS
901239,50222,CREDIT,2535.51,2026-09-21,POS,CAD,SUCCESS
901240,50096,DEBIT,353.08,2026-07-05,ONLINE,CAD,SUCCESS
901241,50898,CREDIT,2890.94,2026-07-09,POS,CAD,SUCCESS
901242,50337,CREDIT,4000.26,2026-08-27,BRANCH,CAD,SUCCESS
901243,51173,CREDIT,3348.47,2026-07-29,BRANCH,CAD,SUCCESS
901244,51134,DEBIT,3223.16,2026-08-20,POS,CAD,SUCCESS
901245,51081,DEBIT,3819.73,2026-07-13,POS,CAD,SUCCESS
901246,50371,DEBIT,1071.99,2026-07-21,ATM,CAD,SUCCESS
901247,50356,CREDIT,3856.19,2026-07-15,POS,CAD,SUCCESS
901248,50471,CREDIT,3201.16,2026-09-26,BRANCH,CAD,SUCCESS
901249,50103,DEBIT,3430.02,2026-07-16,ATM,CAD,SUCCESS
901250,50859,DEBIT,4913.95,2026-09-18,BRANCH,CAD,SUCCESS
901251,50625,DEBIT,2562.55,2026-07-12,ONLINE,CAD,SUCCESS
901252,51219,CREDIT,1343.54,2026-08-08,BRANCH,CAD,SUCCESS
901253,50194,DEBIT,3817.07,2026-08-09,BRANCH,CAD,SUCCESS
901254,50825,DEBIT,957.56,2026-09-29,ATM,CAD,SUCCESS
901255,50734,DEBIT,2308.87,2026-09-12,ONLINE,CAD,SUCCESS
901256,50100,CREDIT,3355.54,2026-09-27,BRANCH,CAD,SUCCESS
901257,50904,CREDIT,2205.63,2026-07-03,BRANCH,CAD,SUCCESS
901258,50250,CREDIT,136.23,2026-07-15,ATM,CAD,SUCCESS
901259,50906,DEBIT,2926.56,2026-09-17,ATM,CAD,SUCCESS
901260,50263,DEBIT,720.46,2026-07-29,ONLINE,CAD,SUCCESS
901261,50564,CREDIT,1337.86,2026-09-04,POS,CAD,SUCCESS
901262,51130,CREDIT,4742.6,2026-09-13,ONLINE,CAD,SUCCESS
901263,50468,CREDIT,208.96,2026-07-28,POS,CAD,SUCCESS
901264,50433,CREDIT,4072.74,2026-08-20,ATM,CAD,SUCCESS
901265,50062,DEBIT,4640.24,2026-08-22,ONLINE,CAD,SUCCESS
901266,50822,DEBIT,1396.26,2026-09-18,POS,CAD,SUCCESS
901267,50994,CREDIT,310.2,2026-08-04,ATM,CAD,SUCCESS
901268,51136,CREDIT,403.16,2026-09-04,ONLINE,CAD,SUCCESS
901269,50758,CREDIT,2722.19,2026-08-01,POS,CAD,SUCCESS
901270,51064,CREDIT,2414.74,2026-07-27,POS,CAD,SUCCESS
901271,50246,CREDIT,1558.57,2026-08-24,ATM,CAD,SUCCESS
901272,50101,CREDIT,959.06,2026-07-30,POS,CAD,SUCCESS
901273,50584,CREDIT,1279.51,2026-07-30,ONLINE,CAD,SUCCESS
901274,50266,CREDIT,4984.38,2026-08-04,POS,CAD,SUCCESS
901275,50297,CREDIT,2833.6,2026-07-04,POS,CAD,SUCCESS
901276,50023,DEBIT,127.27,2026-08-15,POS,CAD,SUCCESS
901277,50170,CREDIT,3737.32,2026-09-09,BRANCH,CAD,SUCCESS
901278,50660,CREDIT,2290.58,2026-07-09,ONLINE,CAD,SUCCESS
901279,50504,DEBIT,522.19,2026-09-09,BRANCH,CAD,SUCCESS
901280,50895,CREDIT,3037.71,2026-07-16,POS,CAD,SUCCESS
901281,51091,DEBIT,281.83,2026-08-28,POS,CAD,SUCCESS
901282,50286,DEBIT,4157.62,2026-09-29,BRANCH,CAD,SUCCESS
901283,50953,DEBIT,1355.72,2026-07-12,ATM,CAD,SUCCESS
901284,50126,CREDIT,872.26,2026-09-01,BRANCH,CAD,SUCCESS
901285,50267,CREDIT,2767.58,2026-08-18,BRANCH,CAD,SUCCESS
901286,50730,DEBIT,1840.36,2026-09-16,BRANCH,CAD,SUCCESS
901287,50554,DEBIT,3774.9,2026-09-07,POS,CAD,SUCCESS
901288,50806,DEBIT,670.81,2026-08-14,BRANCH,CAD,SUCCESS
901289,51015,DEBIT,3236.16,2026-08-23,POS,CAD,SUCCESS
901290,50904,DEBIT,18.4,2026-07-12,ONLINE,CAD,SUCCESS
901291,51117,DEBIT,3668.88,2026-09-27,POS,CAD,SUCCESS
901292,50917,CREDIT,1908.25,2026-09-02,ONLINE,CAD,SUCCESS
901293,50745,CREDIT,2447.57,2026-08-14,ONLINE,CAD,SUCCESS
901294,50964,DEBIT,3528.8,2026-09-24,ONLINE,CAD,SUCCESS
901295,51235,DEBIT,3026.67,2026-08-30,BRANCH,CAD,SUCCESS
901296,51089,CREDIT,2417.05,2026-08-01,ATM,CAD,SUCCESS
901297,50231,CREDIT,2244.42,2026-08-16,BRANCH,CAD,SUCCESS
901298,50320,CREDIT,4303.79,2026-09-12,BRANCH,CAD,SUCCESS
901299,50356,CREDIT,3847.59,2026-07-23,ATM,CAD,SUCCESS
901300,50225,CREDIT,4937.96,2026-09-15,ONLINE,CAD,SUCCESS
901301,50891,DEBIT,4963.16,2026-09-01,POS,CAD,SUCCESS
901302,50992,CREDIT,32.25,2026-07-19,BRANCH,CAD,SUCCESS
901303,50615,CREDIT,2673.63,2026-09-08,ONLINE,CAD,SUCCESS
901304,50482,DEBIT,3683.21,2026-08-02,POS,CAD,SUCCESS
901305,50497,DEBIT,2204.85,2026-09-07,ONLINE,CAD,SUCCESS
901306,50060,DEBIT,4906.69,2026-08-16,ONLINE,CAD,SUCCESS
901307,50902,CREDIT,2550.16,2026-08-11,POS,CAD,SUCCESS
901308,51117,CREDIT,2842.7,2026-08-17,ONLINE,CAD,SUCCESS
901309,51069,CREDIT,2376.14,2026-08-20,POS,CAD,SUCCESS
901310,50548,CREDIT,3714.79,2026-07-15,ATM,CAD,SUCCESS
901311,51012,CREDIT,2322.48,2026-08-04,ATM,CAD,SUCCESS
901312,50433,DEBIT,1230.23,2026-09-19,BRANCH,CAD,SUCCESS
901313,50736,CREDIT,4251.84,2026-08-23,BRANCH,CAD,SUCCESS
901314,51010,CREDIT,1507.53,2026-09-03,ONLINE,CAD,SUCCESS
901315,50306,DEBIT,3385.46,2026-09-13,BRANCH,CAD,SUCCESS
901316,50507,CREDIT,1535.05,2026-08-08,BRANCH,CAD,SUCCESS
901317,50963,DEBIT,2192.21,2026-08-14,ONLINE,CAD,SUCCESS
901318,51076,DEBIT,2716.51,2026-08-06,BRANCH,CAD,SUCCESS
901319,50717,DEBIT,3385.57,2026-09-18,ONLINE,CAD,SUCCESS
901320,50100,CREDIT,4403.86,2026-07-12,ONLINE,CAD,SUCCESS
901321,50732,DEBIT,1640.29,2026-08-16,BRANCH,CAD,SUCCESS
901322,50676,CREDIT,4473.4,2026-08-28,ATM,CAD,SUCCESS
901323,51164,DEBIT,1758.88,2026-08-21,POS,CAD,SUCCESS
901324,50686,DEBIT,3709.92,2026-08-07,BRANCH,CAD,SUCCESS
901325,50626,CREDIT,655.23,2026-09-17,POS,CAD,SUCCESS
901326,50372,CREDIT,4037.3,2026-07-05,POS,CAD,SUCCESS
901327,50665,DEBIT,1899.12,2026-08-06,BRANCH,CAD,SUCCESS
901328,50656,DEBIT,241.46,2026-07-14,ONLINE,CAD,SUCCESS
901329,51071,DEBIT,765.41,2026-08-15,ATM,CAD,SUCCESS
901330,51050,DEBIT,1229.73,2026-08-29,BRANCH,CAD,SUCCESS
901331,50593,DEBIT,2065.19,2026-09-09,BRANCH,CAD,SUCCESS
901332,50177,CREDIT,589.81,2026-09-05,ONLINE,CAD,SUCCESS
901333,50021,CREDIT,4666.55,2026-09-15,BRANCH,CAD,SUCCESS
901334,50060,CREDIT,444.61,2026-08-06,ONLINE,CAD,SUCCESS
901335,50736,CREDIT,335.77,2026-09-10,BRANCH,CAD,SUCCESS
901336,50040,CREDIT,3966.52,2026-07-28,BRANCH,CAD,SUCCESS
901337,50927,DEBIT,4318.88,2026-08-31,ATM,CAD,SUCCESS
901338,50018,CREDIT,2764.72,2026-08-02,ATM,CAD,SUCCESS
901339,50357,DEBIT,4531.29,2026-08-28,ATM,CAD,SUCCESS
901340,50649,DEBIT,3660.51,2026-09-29,POS,CAD,SUCCESS
901341,50444,CREDIT,2906.1,2026-07-26,ATM,CAD,SUCCESS
901342,50769,DEBIT,4506.89,2026-07-22,POS,CAD,SUCCESS
901343,50330,DEBIT,1146.14,2026-08-19,ATM,CAD,SUCCESS
901344,50118,CREDIT,345.92,2026-09-28,ATM,CAD,SUCCESS
901345,51018,CREDIT,2702.44,2026-07-07,ONLINE,CAD,SUCCESS
901346,50315,CREDIT,4224.21,2026-08-21,ONLINE,CAD,SUCCESS
901347,50395,CREDIT,536.17,2026-08-25,BRANCH,CAD,SUCCESS
901348,50028,CREDIT,3144.47,2026-08-12,BRANCH,CAD,SUCCESS
901349,50724,CREDIT,4314.16,2026-08-29,BRANCH,CAD,SUCCESS
901350,50874,CREDIT,1339.55,2026-07-28,ONLINE,CAD,SUCCESS
901351,50142,CREDIT,3290.93,2026-07-15,BRANCH,CAD,SUCCESS
901352,50365,DEBIT,3892.88,2026-08-16,POS,CAD,SUCCESS
901353,50325,DEBIT,437.01,2026-08-05,BRANCH,CAD,SUCCESS
901354,50683,DEBIT,2366.83,2026-07-10,ATM,CAD,SUCCESS
901355,51059,DEBIT,4799.58,2026-09-08,ATM,CAD,SUCCESS
901356,50704,DEBIT,612.37,2026-09-07,ONLINE,CAD,SUCCESS
901357,51035,CREDIT,2230.69,2026-08-04,BRANCH,CAD,SUCCESS
901358,50703,CREDIT,1998.68,2026-08-27,POS,CAD,SUCCESS
901359,50403,DEBIT,4288.07,2026-09-10,ATM,CAD,SUCCESS
901360,50769,CREDIT,1404.8,2026-08-08,ONLINE,CAD,SUCCESS
901361,50887,DEBIT,274.71,2026-08-16,POS,CAD,SUCCESS
901362,50667,DEBIT,1691.21,2026-07-04,POS,CAD,SUCCESS
901363,50655,DEBIT,4132.15,2026-09-27,BRANCH,CAD,SUCCESS
901364,50796,DEBIT,2848.27,2026-07-12,BRANCH,CAD,SUCCESS
901365,50621,DEBIT,2633.1,2026-09-24,BRANCH,CAD,SUCCESS
901366,50281,CREDIT,910.15,2026-09-21,BRANCH,CAD,SUCCESS
901367,51224,DEBIT,3438.09,2026-09-02,POS,CAD,SUCCESS
901368,50791,CREDIT,2806.76,2026-07-29,ONLINE,CAD,SUCCESS
901369,51158,DEBIT,2427.58,2026-07-28,ATM,CAD,SUCCESS
901370,51066,DEBIT,3397.05,2026-07-16,BRANCH,CAD,SUCCESS
901371,50452,DEBIT,749.53,2026-09-08,ONLINE,CAD,SUCCESS
901372,50434,CREDIT,38.89,2026-08-03,POS,CAD,SUCCESS
901373,50832,DEBIT,4048.44,2026-07-05,ONLINE,CAD,SUCCESS
901374,50236,CREDIT,1858.59,2026-07-23,BRANCH,CAD,SUCCESS
901375,50598,CREDIT,1376.94,2026-09-06,ATM,CAD,SUCCESS
901376,50248,CREDIT,4529.05,2026-09-19,BRANCH,CAD,SUCCESS
901377,50953,DEBIT,1282.49,2026-08-07,ONLINE,CAD,SUCCESS
901378,50140,CREDIT,1063.53,2026-09-03,POS,CAD,SUCCESS
901379,50832,CREDIT,922.12,2026-07-23,BRANCH,CAD,SUCCESS
901380,50745,DEBIT,2407.17,2026-07-07,POS,CAD,SUCCESS
901381,50796,CREDIT,2432.32,2026-08-04,ATM,CAD,SUCCESS
901382,50427,DEBIT,856.58,2026-07-15,ATM,CAD,SUCCESS
901383,50044,DEBIT,2558.01,2026-08-02,ATM,CAD,SUCCESS
901384,50690,DEBIT,2250.61,2026-08-09,POS,CAD,SUCCESS
901385,50436,CREDIT,367.45,2026-09-02,POS,CAD,SUCCESS
901386,50690,DEBIT,247.3,2026-09-09,BRANCH,CAD,SUCCESS
901387,50770,CREDIT,2910.75,2026-07-24,ATM,CAD,SUCCESS
901388,50177,DEBIT,1982.76,2026-08-21,POS,CAD,SUCCESS
901389,50501,DEBIT,940.41,2026-09-15,ONLINE,CAD,SUCCESS
901390,50405,DEBIT,4055.1,2026-08-27,POS,CAD,SUCCESS
901391,50435,CREDIT,4611.99,2026-09-17,ATM,CAD,SUCCESS
901392,50703,CREDIT,2480.14,2026-09-16,POS,CAD,SUCCESS
901393,50795,CREDIT,1907.13,2026-08-31,POS,CAD,SUCCESS
901394,50349,DEBIT,2718.26,2026-08-04,POS,CAD,SUCCESS
901395,50674,CREDIT,2625.01,2026-07-15,ATM,CAD,SUCCESS
901396,51138,DEBIT,3642.03,2026-08-04,POS,CAD,SUCCESS
901397,50377,DEBIT,111.62,2026-08-23,BRANCH,CAD,SUCCESS
901398,50642,CREDIT,3226.36,2026-07-07,POS,CAD,SUCCESS
901399,51195,DEBIT,346.76,2026-08-06,ONLINE,CAD,SUCCESS
901400,50795,CREDIT,1566.68,2026-07-28,POS,CAD,SUCCESS
901401,50593,CREDIT,3101.04,2026-08-22,BRANCH,CAD,SUCCESS
901402,51052,CREDIT,2060.18,2026-09-15,BRANCH,CAD,SUCCESS
901403,51064,DEBIT,3192.45,2026-08-30,POS,CAD,SUCCESS
901404,50031,DEBIT,2944.22,2026-08-12,POS,CAD,SUCCESS
901405,50888,CREDIT,3955.61,2026-09-04,ONLINE,CAD,SUCCESS
901406,50992,DEBIT,3676.97,2026-07-06,POS,CAD,SUCCESS
901407,51103,CREDIT,937.52,2026-07-07,ATM,CAD,SUCCESS
901408,50749,DEBIT,1673.9,2026-09-27,BRANCH,CAD,SUCCESS
901409,50116,DEBIT,310.38,2026-09-01,BRANCH,CAD,SUCCESS
901410,51193,CREDIT,1972.57,2026-08-20,ONLINE,CAD,SUCCESS
901411,50730,CREDIT,3728.95,2026-08-20,ONLINE,CAD,SUCCESS
901412,50824,DEBIT,2547.03,2026-07-01,ATM,CAD,SUCCESS
901413,50265,DEBIT,4585.49,2026-08-27,ONLINE,CAD,SUCCESS
901414,50813,CREDIT,456.57,2026-07-30,POS,CAD,SUCCESS
901415,51047,CREDIT,1119.07,2026-09-26,ONLINE,CAD,SUCCESS
901416,51134,DEBIT,3780.22,2026-07-09,POS,CAD,SUCCESS
901417,50849,CREDIT,4882.74,2026-08-10,BRANCH,CAD,SUCCESS
901418,50910,CREDIT,487.39,2026-09-25,BRANCH,CAD,SUCCESS
901419,50618,CREDIT,4067.4,2026-08-16,ONLINE,CAD,SUCCESS
901420,51204,CREDIT,1416.1,2026-08-17,ONLINE,CAD,SUCCESS
901421,51184,CREDIT,892.9,2026-08-21,BRANCH,CAD,SUCCESS
901422,50856,CREDIT,3226.83,2026-07-12,BRANCH,CAD,SUCCESS
901423,50682,DEBIT,1013.81,2026-08-31,POS,CAD,SUCCESS
901424,50255,DEBIT,4263.76,2026-08-30,ATM,CAD,SUCCESS
901425,50960,CREDIT,1099.72,2026-08-05,ATM,CAD,SUCCESS
901426,51220,CREDIT,3918.64,2026-07-22,BRANCH,CAD,SUCCESS
901427,50219,DEBIT,478.07,2026-08-15,POS,CAD,SUCCESS
901428,51171,DEBIT,2175.35,2026-09-06,ONLINE,CAD,SUCCESS
901429,50993,DEBIT,345.2,2026-07-05,POS,CAD,SUCCESS
901430,50947,DEBIT,3177.44,2026-09-28,POS,CAD,SUCCESS
901431,50647,DEBIT,4204.57,2026-08-16,ATM,CAD,SUCCESS
901432,50548,DEBIT,4685.09,2026-08-07,ONLINE,CAD,SUCCESS
901433,50128,DEBIT,3037.13,2026-07-28,BRANCH,CAD,SUCCESS
901434,50372,DEBIT,1103.83,2026-08-01,ATM,CAD,SUCCESS
901435,51085,CREDIT,1618.24,2026-09-13,ATM,CAD,SUCCESS
901436,50524,CREDIT,3989.17,2026-07-03,ONLINE,CAD,SUCCESS
901437,51097,DEBIT,1144.67,2026-07-15,BRANCH,CAD,SUCCESS
901438,50394,DEBIT,1840.04,2026-08-13,POS,CAD,SUCCESS
901439,50953,CREDIT,4187.65,2026-09-05,POS,CAD,SUCCESS
901440,50364,DEBIT,4927.53,2026-07-28,BRANCH,CAD,SUCCESS
901441,50430,DEBIT,4084.66,2026-08-15,BRANCH,CAD,SUCCESS
901442,50925,DEBIT,1677.19,2026-08-12,ATM,CAD,SUCCESS
901443,50647,CREDIT,3791.05,2026-07-19,ATM,CAD,SUCCESS
901444,50665,DEBIT,3475.59,2026-09-18,ONLINE,CAD,SUCCESS
901445,50731,DEBIT,508.06,2026-09-06,ONLINE,CAD,SUCCESS
901446,50596,DEBIT,1176.09,2026-08-18,ONLINE,CAD,SUCCESS
901447,50839,CREDIT,4956.04,2026-07-10,ONLINE,CAD,SUCCESS
901448,50055,DEBIT,2507.51,2026-08-11,ATM,CAD,SUCCESS
901449,50781,DEBIT,3222.17,2026-09-22,ONLINE,CAD,SUCCESS
901450,50011,DEBIT,1863.4,2026-07-27,ONLINE,CAD,SUCCESS
901451,50549,DEBIT,3181.71,2026-09-24,ATM,CAD,SUCCESS
901452,50611,CREDIT,4548.9,2026-08-29,ONLINE,CAD,SUCCESS
901453,50099,DEBIT,216.39,2026-09-25,ATM,CAD,SUCCESS
901454,50057,DEBIT,4939.39,2026-08-07,ONLINE,CAD,SUCCESS
901455,50698,DEBIT,1107.12,2026-08-23,ATM,CAD,SUCCESS
901456,50202,DEBIT,2625.43,2026-07-18,ATM,CAD,SUCCESS
901457,50621,DEBIT,3914.36,2026-07-12,POS,CAD,SUCCESS
901458,50838,CREDIT,1869.65,2026-07-14,ATM,CAD,SUCCESS
901459,50269,DEBIT,476.35,2026-09-02,POS,CAD,SUCCESS
901460,50119,CREDIT,4743.76,2026-08-27,ONLINE,CAD,SUCCESS
901461,50445,DEBIT,1298.14,2026-09-29,POS,CAD,SUCCESS
901462,50474,CREDIT,4698.51,2026-08-27,ONLINE,CAD,SUCCESS
901463,50673,CREDIT,1100.06,2026-09-12,ATM,CAD,SUCCESS
901464,51118,DEBIT,191.28,2026-08-18,POS,CAD,SUCCESS
901465,50426,CREDIT,898.13,2026-07-30,ONLINE,CAD,SUCCESS
901466,50524,DEBIT,4950.23,2026-09-20,BRANCH,CAD,SUCCESS
901467,50202,CREDIT,608.29,2026-09-18,ATM,CAD,SUCCESS
901468,50630,CREDIT,2972.82,2026-08-18,ATM,CAD,SUCCESS
901469,50991,CREDIT,1822.57,2026-09-26,POS,CAD,SUCCESS
901470,51001,DEBIT,3726.68,2026-07-12,BRANCH,CAD,SUCCESS
901471,50767,CREDIT,2182.75,2026-07-01,BRANCH,CAD,SUCCESS
901472,50564,CREDIT,3378.69,2026-07-30,ONLINE,CAD,SUCCESS
901473,50046,CREDIT,1102.1,2026-07-01,ONLINE,CAD,SUCCESS
901474,51233,DEBIT,3089.67,2026-09-29,ATM,CAD,SUCCESS
901475,50058,CREDIT,3718.19,2026-09-28,POS,CAD,SUCCESS
901476,50465,DEBIT,3198.4,2026-09-28,BRANCH,CAD,SUCCESS
901477,50788,CREDIT,2134.85,2026-07-08,ATM,CAD,SUCCESS
901478,50857,DEBIT,2706.6,2026-07-25,BRANCH,CAD,SUCCESS
901479,50347,DEBIT,1504.35,2026-07-06,ONLINE,CAD,SUCCESS
901480,50506,DEBIT,3578.07,2026-08-01,ATM,CAD,SUCCESS
901481,51070,CREDIT,304.77,2026-09-18,ONLINE,CAD,SUCCESS
901482,50744,DEBIT,4282.27,2026-09-17,ATM,CAD,SUCCESS
901483,50275,CREDIT,3883.5,2026-07-14,ONLINE,CAD,SUCCESS
901484,51082,DEBIT,994.94,2026-09-07,ONLINE,CAD,SUCCESS
901485,50263,CREDIT,166.28,2026-09-25,ONLINE,CAD,SUCCESS
901486,51173,CREDIT,4912.39,2026-08-21,POS,CAD,SUCCESS
901487,50556,DEBIT,1422.65,2026-07-19,POS,CAD,SUCCESS
901488,50840,CREDIT,1598.75,2026-08-16,ONLINE,CAD,SUCCESS
901489,50855,DEBIT,4414.68,2026-09-23,BRANCH,CAD,SUCCESS
901490,50188,CREDIT,4520.73,2026-07-08,ONLINE,CAD,SUCCESS
901491,51075,DEBIT,3247.85,2026-07-16,POS,CAD,SUCCESS
901492,50792,CREDIT,1927.27,2026-07-08,ATM,CAD,SUCCESS
901493,50006,CREDIT,2458.41,2026-07-04,BRANCH,CAD,SUCCESS
901494,50521,DEBIT,2270.46,2026-08-16,POS,CAD,SUCCESS
901495,50020,CREDIT,4408.65,2026-07-02,BRANCH,CAD,SUCCESS
901496,51224,CREDIT,3037.25,2026-07-26,BRANCH,CAD,SUCCESS
901497,51025,DEBIT,45.23,2026-09-24,ONLINE,CAD,SUCCESS
901498,50032,DEBIT,818.67,2026-07-13,ONLINE,CAD,SUCCESS
901499,50252,CREDIT,2590.81,2026-07-01,ONLINE,CAD,SUCCESS
901500,51087,CREDIT,4115.7,2026-09-25,BRANCH,CAD,SUCCESS
901501,50298,DEBIT,1229.53,2026-09-26,BRANCH,CAD,SUCCESS
901502,50073,CREDIT,217.5,2026-08-19,ONLINE,CAD,SUCCESS
901503,50341,DEBIT,2878.45,2026-07-12,ATM,CAD,SUCCESS
901504,51097,DEBIT,4545.71,2026-08-08,BRANCH,CAD,SUCCESS
901505,50802,CREDIT,3124.27,2026-07-16,BRANCH,CAD,SUCCESS
901506,50891,CREDIT,2623.58,2026-07-30,ONLINE,CAD,SUCCESS
901507,50371,CREDIT,4406.24,2026-08-14,ATM,CAD,SUCCESS
901508,50031,DEBIT,1337.52,2026-08-04,POS,CAD,SUCCESS
901509,50542,DEBIT,3008.91,2026-09-08,ATM,CAD,SUCCESS
901510,50297,CREDIT,2360.26,2026-09-06,BRANCH,CAD,SUCCESS
901511,50817,CREDIT,4817.71,2026-09-07,ONLINE,CAD,SUCCESS
901512,50900,DEBIT,2184.18,2026-09-04,POS,CAD,SUCCESS
901513,51096,DEBIT,415.35,2026-07-03,ONLINE,CAD,SUCCESS
901514,50081,CREDIT,3832.02,2026-09-11,ATM,CAD,SUCCESS
901515,51104,CREDIT,196.9,2026-09-22,ONLINE,CAD,SUCCESS
901516,50296,DEBIT,3965.31,2026-08-26,ATM,CAD,SUCCESS
901517,50901,CREDIT,1667.19,2026-09-11,ONLINE,CAD,SUCCESS
901518,50367,DEBIT,2414.01,2026-07-03,ONLINE,CAD,SUCCESS
901519,51030,DEBIT,1232.71,2026-09-07,POS,CAD,SUCCESS
901520,51060,CREDIT,1261.64,2026-07-02,BRANCH,CAD,SUCCESS
901521,51206,CREDIT,4055.69,2026-09-14,POS,CAD,SUCCESS
901522,50644,DEBIT,4273.88,2026-08-18,POS,CAD,SUCCESS
901523,50915,CREDIT,4131.13,2026-07-01,BRANCH,CAD,SUCCESS
901524,50356,DEBIT,3260.21,2026-07-14,ONLINE,CAD,SUCCESS
901525,51115,CREDIT,4374.56,2026-07-26,ATM,CAD,SUCCESS
901526,50495,CREDIT,3932.63,2026-07-04,POS,CAD,SUCCESS
901527,50309,CREDIT,4793.64,2026-07-09,POS,CAD,SUCCESS
901528,50237,DEBIT,4587.87,2026-09-13,POS,CAD,SUCCESS
901529,50836,DEBIT,1674.24,2026-07-08,POS,CAD,SUCCESS
901530,50123,CREDIT,4770.84,2026-07-18,ATM,CAD,SUCCESS
901531,50331,CREDIT,3056.88,2026-09-12,POS,CAD,SUCCESS
901532,51109,CREDIT,3386.89,2026-07-14,POS,CAD,SUCCESS
901533,50521,DEBIT,203.36,2026-07-05,POS,CAD,SUCCESS
901534,50356,DEBIT,2252.64,2026-09-18,ONLINE,CAD,SUCCESS
901535,51138,DEBIT,2405.86,2026-07-09,ATM,CAD,SUCCESS
901536,50792,DEBIT,3815.5,2026-07-14,ONLINE,CAD,SUCCESS
901537,50486,DEBIT,3099.19,2026-08-10,BRANCH,CAD,SUCCESS
901538,51198,CREDIT,561.52,2026-09-25,ATM,CAD,SUCCESS
901539,50390,DEBIT,4848.49,2026-09-12,BRANCH,CAD,SUCCESS
901540,51203,DEBIT,1181.18,2026-09-04,ONLINE,CAD,SUCCESS
901541,50821,CREDIT,2331.21,2026-09-07,ONLINE,CAD,SUCCESS
901542,50249,CREDIT,4841.67,2026-08-30,ONLINE,CAD,SUCCESS
901543,50812,CREDIT,4213.26,2026-07-16,POS,CAD,SUCCESS
901544,50335,DEBIT,2275.85,2026-07-06,POS,CAD,SUCCESS
901545,50499,DEBIT,3870.83,2026-08-25,POS,CAD,SUCCESS
901546,51171,CREDIT,1615.19,2026-09-14,POS,CAD,SUCCESS
901547,50668,DEBIT,4685.2,2026-07-25,ATM,CAD,SUCCESS
901548,50255,CREDIT,2105.65,2026-08-31,POS,CAD,SUCCESS
901549,50818,DEBIT,1392.91,2026-08-09,POS,CAD,SUCCESS
901550,50739,DEBIT,4718.78,2026-07-21,ONLINE,CAD,SUCCESS
901551,50063,CREDIT,1506.58,2026-08-14,POS,CAD,SUCCESS
901552,50594,DEBIT,4586.93,2026-08-28,POS,CAD,SUCCESS
901553,50626,DEBIT,1926.11,2026-08-22,POS,CAD,SUCCESS
901554,51118,CREDIT,651.15,2026-09-28,BRANCH,CAD,SUCCESS
901555,50888,CREDIT,2764.74,2026-07-14,ATM,CAD,SUCCESS
901556,50005,DEBIT,2725.95,2026-07-15,ATM,CAD,SUCCESS
901557,50104,DEBIT,2790.95,2026-08-28,BRANCH,CAD,SUCCESS
901558,50735,CREDIT,4651.88,2026-08-02,ONLINE,CAD,SUCCESS
901559,50464,CREDIT,4109.78,2026-07-26,ONLINE,CAD,SUCCESS
901560,50282,CREDIT,2681.95,2026-08-29,ONLINE,CAD,SUCCESS
901561,50525,DEBIT,352.58,2026-08-03,POS,CAD,SUCCESS
901562,51072,CREDIT,2195.97,2026-08-13,BRANCH,CAD,SUCCESS
901563,50982,CREDIT,657.21,2026-07-08,POS,CAD,SUCCESS
901564,50752,DEBIT,308.65,2026-07-07,POS,CAD,SUCCESS
901565,51145,DEBIT,792.01,2026-08-31,BRANCH,CAD,SUCCESS
901566,50188,DEBIT,3781.13,2026-07-19,BRANCH,CAD,SUCCESS
901567,50847,DEBIT,4938.7,2026-08-28,BRANCH,CAD,SUCCESS
901568,50290,CREDIT,1993.39,2026-09-12,BRANCH,CAD,SUCCESS
901569,51245,CREDIT,1251.08,2026-08-13,POS,CAD,SUCCESS
901570,50765,CREDIT,1606.86,2026-07-01,ATM,CAD,SUCCESS
901571,50415,DEBIT,2162.95,2026-09-22,ONLINE,CAD,SUCCESS
901572,50752,DEBIT,4102.7,2026-08-15,ATM,CAD,SUCCESS
901573,50932,DEBIT,3060.23,2026-08-23,POS,CAD,SUCCESS
901574,50067,CREDIT,930.84,2026-09-19,POS,CAD,SUCCESS
901575,51000,DEBIT,2495.83,2026-08-22,ATM,CAD,SUCCESS
901576,50113,DEBIT,4735.0,2026-08-15,POS,CAD,SUCCESS
901577,50227,CREDIT,1923.77,2026-08-18,POS,CAD,SUCCESS
901578,50675,CREDIT,2929.93,2026-07-15,POS,CAD,SUCCESS
901579,50161,CREDIT,4716.96,2026-07-18,BRANCH,CAD,SUCCESS
901580,50020,DEBIT,4220.9,2026-09-01,ATM,CAD,SUCCESS
901581,50500,DEBIT,873.52,2026-09-21,ATM,CAD,SUCCESS
901582,50270,CREDIT,3169.18,2026-07-11,POS,CAD,SUCCESS
901583,50933,DEBIT,2475.88,2026-08-31,ONLINE,CAD,SUCCESS
901584,50575,CREDIT,3373.72,2026-09-08,ONLINE,CAD,SUCCESS
901585,50572,DEBIT,2047.51,2026-07-09,POS,CAD,SUCCESS
901586,50096,CREDIT,3267.23,2026-07-02,ATM,CAD,SUCCESS
901587,50313,DEBIT,44.47,2026-07-23,ONLINE,CAD,SUCCESS
901588,50340,CREDIT,3701.9,2026-07-29,BRANCH,CAD,SUCCESS
901589,50710,DEBIT,1092.76,2026-08-16,ONLINE,CAD,SUCCESS
901590,50829,CREDIT,3476.16,2026-09-26,ATM,CAD,SUCCESS
901591,50169,CREDIT,4142.73,2026-09-11,ATM,CAD,SUCCESS
901592,50405,DEBIT,195.8,2026-09-13,ATM,CAD,SUCCESS
901593,50216,DEBIT,4579.59,2026-07-22,BRANCH,CAD,SUCCESS
901594,51014,DEBIT,2528.55,2026-07-11,ATM,CAD,SUCCESS
901595,50958,CREDIT,504.73,2026-08-18,BRANCH,CAD,SUCCESS
901596,50012,DEBIT,2095.76,2026-08-28,POS,CAD,SUCCESS
901597,51091,CREDIT,2904.86,2026-08-09,ONLINE,CAD,SUCCESS
901598,51035,CREDIT,893.48,2026-09-21,ATM,CAD,SUCCESS
901599,50696,DEBIT,909.17,2026-08-13,ATM,CAD,SUCCESS
901600,50052,CREDIT,2836.6,2026-09-14,ATM,CAD,SUCCESS
901601,50002,DEBIT,3876.91,2026-09-16,BRANCH,CAD,SUCCESS
901602,51151,DEBIT,1506.55,2026-07-09,ATM,CAD,SUCCESS
901603,50326,CREDIT,2252.69,2026-07-26,ATM,CAD,SUCCESS
901604,50939,CREDIT,1254.26,2026-07-01,ONLINE,CAD,SUCCESS
901605,50018,DEBIT,605.59,2026-08-15,ONLINE,CAD,SUCCESS
901606,50261,DEBIT,3747.03,2026-07-17,POS,CAD,SUCCESS
901607,50311,CREDIT,2966.39,2026-07-03,BRANCH,CAD,SUCCESS
901608,50634,DEBIT,3914.06,2026-07-02,ONLINE,CAD,SUCCESS
901609,50744,DEBIT,3152.29,2026-09-23,POS,CAD,SUCCESS
901610,51011,CREDIT,398.6,2026-07-19,BRANCH,CAD,SUCCESS
901611,50006,CREDIT,1829.77,2026-09-17,POS,CAD,SUCCESS
901612,50055,CREDIT,4054.04,2026-09-17,BRANCH,CAD,SUCCESS
901613,50429,DEBIT,2078.38,2026-07-20,BRANCH,CAD,SUCCESS
901614,51087,CREDIT,3180.75,2026-08-06,BRANCH,CAD,SUCCESS
901615,50554,DEBIT,2418.0,2026-08-22,BRANCH,CAD,SUCCESS
901616,50875,DEBIT,3158.14,2026-07-09,POS,CAD,SUCCESS
901617,50827,DEBIT,1327.71,2026-07-27,ATM,CAD,SUCCESS
901618,50887,CREDIT,2599.74,2026-07-24,ONLINE,CAD,SUCCESS
901619,50608,DEBIT,1431.78,2026-08-11,ONLINE,CAD,SUCCESS
901620,50906,CREDIT,2003.97,2026-08-15,BRANCH,CAD,SUCCESS
901621,50250,DEBIT,4944.7,2026-07-23,BRANCH,CAD,SUCCESS
901622,50765,CREDIT,4989.81,2026-08-06,BRANCH,CAD,SUCCESS
901623,50889,DEBIT,3346.62,2026-07-22,ONLINE,CAD,SUCCESS
901624,50696,DEBIT,583.73,2026-08-06,ATM,CAD,SUCCESS
901625,50441,CREDIT,3242.47,2026-08-08,ATM,CAD,SUCCESS
901626,50847,CREDIT,189.2,2026-09-10,ONLINE,CAD,SUCCESS
901627,51203,CREDIT,2257.2,2026-07-03,BRANCH,CAD,SUCCESS
901628,50496,CREDIT,1593.01,2026-09-12,ONLINE,CAD,SUCCESS
901629,50103,CREDIT,1052.69,2026-07-15,POS,CAD,SUCCESS
901630,50094,DEBIT,1846.81,2026-09-05,POS,CAD,SUCCESS
901631,50287,CREDIT,1487.92,2026-09-02,POS,CAD,SUCCESS
901632,50267,CREDIT,1791.0,2026-07-01,BRANCH,CAD,SUCCESS
901633,50983,CREDIT,3366.67,2026-07-27,ONLINE,CAD,SUCCESS
901634,50301,DEBIT,2396.65,2026-08-15,ATM,CAD,SUCCESS
901635,51049,DEBIT,3130.03,2026-08-27,POS,CAD,SUCCESS
901636,50523,DEBIT,995.15,2026-07-29,ONLINE,CAD,SUCCESS
901637,50836,DEBIT,1426.02,2026-07-20,BRANCH,CAD,SUCCESS
901638,51099,DEBIT,2219.64,2026-07-30,BRANCH,CAD,SUCCESS
901639,50200,CREDIT,2699.77,2026-08-20,ATM,CAD,SUCCESS
901640,50923,CREDIT,1207.42,2026-08-07,POS,CAD,SUCCESS
901641,51074,CREDIT,4609.14,2026-09-08,ATM,CAD,SUCCESS
901642,50469,CREDIT,3278.8,2026-08-06,ATM,CAD,SUCCESS
901643,50754,CREDIT,1112.4,2026-08-27,ATM,CAD,SUCCESS
901644,50342,CREDIT,462.95,2026-07-17,POS,CAD,SUCCESS
901645,50521,DEBIT,4884.41,2026-09-17,ONLINE,CAD,SUCCESS
901646,51159,CREDIT,1191.34,2026-08-28,ONLINE,CAD,SUCCESS
901647,51090,DEBIT,4277.54,2026-08-06,BRANCH,CAD,SUCCESS
901648,50267,DEBIT,518.32,2026-07-02,POS,CAD,SUCCESS
901649,51236,CREDIT,1401.67,2026-08-13,ONLINE,CAD,SUCCESS
901650,50815,DEBIT,4234.0,2026-09-02,ONLINE,CAD,SUCCESS
901651,51124,CREDIT,1457.19,2026-07-01,ATM,CAD,SUCCESS
901652,50480,CREDIT,1117.92,2026-09-09,POS,CAD,SUCCESS
901653,50192,CREDIT,2616.58,2026-08-09,POS,CAD,SUCCESS
901654,50615,DEBIT,2952.32,2026-07-11,ATM,CAD,SUCCESS
901655,51124,DEBIT,1004.07,2026-07-03,BRANCH,CAD,SUCCESS
901656,50646,CREDIT,2914.97,2026-09-14,ONLINE,CAD,SUCCESS
901657,50641,DEBIT,837.79,2026-09-06,ATM,CAD,SUCCESS
901658,50743,DEBIT,682.44,2026-07-16,BRANCH,CAD,SUCCESS
901659,50945,CREDIT,183.63,2026-07-19,ONLINE,CAD,SUCCESS
901660,50044,CREDIT,3208.81,2026-08-29,POS,CAD,SUCCESS
901661,51147,DEBIT,468.6,2026-08-19,ATM,CAD,SUCCESS
901662,50384,DEBIT,3744.19,2026-09-24,BRANCH,CAD,SUCCESS
901663,51244,CREDIT,4402.66,2026-08-04,POS,CAD,SUCCESS
901664,51199,DEBIT,3890.7,2026-07-11,POS,CAD,SUCCESS
901665,50947,DEBIT,2298.04,2026-07-05,ONLINE,CAD,SUCCESS
901666,50552,DEBIT,2995.5,2026-07-08,ATM,CAD,SUCCESS
901667,50127,DEBIT,4946.47,2026-09-21,ONLINE,CAD,SUCCESS
901668,50678,CREDIT,3317.86,2026-08-15,POS,CAD,SUCCESS
901669,50801,CREDIT,1105.25,2026-07-17,BRANCH,CAD,SUCCESS
901670,50701,CREDIT,2812.73,2026-09-26,ONLINE,CAD,SUCCESS
901671,50403,DEBIT,1533.72,2026-09-16,ATM,CAD,SUCCESS
901672,51085,CREDIT,2861.86,2026-08-29,ATM,CAD,SUCCESS
901673,50885,CREDIT,981.81,2026-07-17,BRANCH,CAD,SUCCESS
901674,51025,CREDIT,492.05,2026-09-22,POS,CAD,SUCCESS
901675,50059,CREDIT,3954.11,2026-07-30,ONLINE,CAD,SUCCESS
901676,50618,CREDIT,1956.8,2026-07-02,BRANCH,CAD,SUCCESS
901677,50796,CREDIT,4554.07,2026-08-15,BRANCH,CAD,SUCCESS
901678,50534,CREDIT,3726.99,2026-07-23,ONLINE,CAD,SUCCESS
901679,50010,CREDIT,3408.97,2026-08-23,BRANCH,CAD,SUCCESS
901680,50014,DEBIT,911.69,2026-08-16,BRANCH,CAD,SUCCESS
901681,50463,DEBIT,563.05,2026-09-22,POS,CAD,SUCCESS
901682,51196,CREDIT,2898.39,2026-09-25,BRANCH,CAD,SUCCESS
901683,50422,CREDIT,2772.3,2026-07-31,BRANCH,CAD,SUCCESS
901684,51075,DEBIT,1765.89,2026-08-11,BRANCH,CAD,SUCCESS
901685,51236,CREDIT,337.39,2026-07-21,BRANCH,CAD,SUCCESS
901686,50228,DEBIT,1025.72,2026-08-04,POS,CAD,SUCCESS
901687,50121,CREDIT,489.6,2026-07-23,BRANCH,CAD,SUCCESS
901688,50783,CREDIT,789.58,2026-08-25,BRANCH,CAD,SUCCESS
901689,50957,CREDIT,448.55,2026-07-21,ATM,CAD,SUCCESS
901690,50044,CREDIT,3008.93,2026-09-25,POS,CAD,SUCCESS
901691,50884,DEBIT,3513.76,2026-07-23,ONLINE,CAD,SUCCESS
901692,50110,CREDIT,1009.5,2026-08-07,ONLINE,CAD,SUCCESS
901693,50757,DEBIT,1069.98,2026-08-17,ATM,CAD,SUCCESS
901694,50679,CREDIT,3148.76,2026-08-15,POS,CAD,SUCCESS
901695,50151,CREDIT,258.41,2026-07-11,BRANCH,CAD,SUCCESS
901696,51236,DEBIT,802.42,2026-08-05,BRANCH,CAD,SUCCESS
901697,50117,DEBIT,21.18,2026-08-05,ONLINE,CAD,SUCCESS
901698,51121,DEBIT,2907.1,2026-09-12,POS,CAD,SUCCESS
901699,50730,DEBIT,4913.36,2026-08-24,POS,CAD,SUCCESS
901700,51171,CREDIT,347.34,2026-09-01,ONLINE,CAD,SUCCESS
901701,50221,CREDIT,3054.79,2026-09-29,ONLINE,CAD,SUCCESS
901702,50010,CREDIT,524.73,2026-09-17,POS,CAD,SUCCESS
901703,50388,CREDIT,2756.33,2026-08-01,ATM,CAD,SUCCESS
901704,50345,CREDIT,2616.26,2026-08-17,POS,CAD,SUCCESS
901705,50608,DEBIT,2236.84,2026-09-18,BRANCH,CAD,SUCCESS
901706,50410,CREDIT,4932.24,2026-08-22,ONLINE,CAD,SUCCESS
901707,50294,CREDIT,1008.74,2026-07-14,POS,CAD,SUCCESS
901708,50010,CREDIT,3874.96,2026-07-24,POS,CAD,SUCCESS
901709,51026,DEBIT,3988.53,2026-08-21,ONLINE,CAD,SUCCESS
901710,50047,CREDIT,4672.24,2026-08-09,POS,CAD,SUCCESS
901711,50045,CREDIT,762.88,2026-09-23,POS,CAD,SUCCESS
901712,50646,CREDIT,3403.47,2026-08-10,ATM,CAD,SUCCESS
901713,50980,CREDIT,1189.47,2026-08-03,ATM,CAD,SUCCESS
901714,50119,CREDIT,3662.26,2026-08-09,ONLINE,CAD,SUCCESS
901715,50150,DEBIT,1542.51,2026-09-07,ONLINE,CAD,SUCCESS
901716,50571,DEBIT,801.45,2026-07-22,POS,CAD,SUCCESS
901717,50112,CREDIT,1275.13,2026-08-16,ATM,CAD,SUCCESS
901718,50509,DEBIT,1360.97,2026-09-03,ONLINE,CAD,SUCCESS
901719,50314,CREDIT,617.46,2026-07-15,ONLINE,CAD,SUCCESS
901720,51054,CREDIT,4037.07,2026-07-13,ONLINE,CAD,SUCCESS
901721,50824,CREDIT,906.62,2026-07-13,ATM,CAD,SUCCESS
901722,51069,DEBIT,4156.01,2026-09-24,POS,CAD,SUCCESS
901723,50202,CREDIT,6.33,2026-07-26,ONLINE,CAD,SUCCESS
901724,50061,CREDIT,3576.53,2026-08-10,ONLINE,CAD,SUCCESS
901725,50058,DEBIT,4279.6,2026-08-07,POS,CAD,SUCCESS
901726,50657,DEBIT,4440.0,2026-09-20,BRANCH,CAD,SUCCESS
901727,50644,CREDIT,1987.74,2026-07-10,ONLINE,CAD,SUCCESS
901728,50161,CREDIT,4649.11,2026-07-29,ONLINE,CAD,SUCCESS
901729,50316,CREDIT,250.07,2026-08-05,POS,CAD,SUCCESS
901730,50917,DEBIT,2989.94,2026-09-25,POS,CAD,SUCCESS
901731,50198,CREDIT,300.27,2026-09-27,POS,CAD,SUCCESS
901732,51004,DEBIT,2396.45,2026-09-14,ATM,CAD,SUCCESS
901733,50303,DEBIT,3222.9,2026-09-12,ONLINE,CAD,SUCCESS
901734,50083,DEBIT,60.0,2026-09-05,ATM,CAD,SUCCESS
901735,51222,CREDIT,1403.08,2026-07-13,BRANCH,CAD,SUCCESS
901736,51221,DEBIT,789.29,2026-08-11,BRANCH,CAD,SUCCESS
901737,51193,CREDIT,53.21,2026-07-28,ATM,CAD,SUCCESS
901738,50545,DEBIT,2420.33,2026-07-01,POS,CAD,SUCCESS
901739,50611,DEBIT,4528.06,2026-07-23,BRANCH,CAD,SUCCESS
901740,50560,DEBIT,1392.69,2026-07-15,ONLINE,CAD,SUCCESS
901741,51202,DEBIT,4323.41,2026-08-03,ONLINE,CAD,SUCCESS
901742,50494,CREDIT,1334.26,2026-08-24,BRANCH,CAD,SUCCESS
901743,50903,CREDIT,2928.55,2026-08-31,BRANCH,CAD,SUCCESS
901744,50191,DEBIT,4511.13,2026-08-17,ATM,CAD,SUCCESS
901745,50321,CREDIT,1486.23,2026-08-06,BRANCH,CAD,SUCCESS
901746,50986,DEBIT,1046.07,2026-09-12,POS,CAD,SUCCESS
901747,51059,CREDIT,1889.34,2026-09-22,ATM,CAD,SUCCESS
901748,50538,CREDIT,1409.9,2026-09-14,POS,CAD,SUCCESS
901749,50389,DEBIT,3978.36,2026-08-08,BRANCH,CAD,SUCCESS
901750,50608,DEBIT,3221.57,2026-08-04,ONLINE,CAD,SUCCESS
901751,50130,DEBIT,2547.52,2026-08-24,ONLINE,CAD,SUCCESS
901752,50260,CREDIT,2702.62,2026-07-26,POS,CAD,SUCCESS
901753,50188,DEBIT,1996.68,2026-07-29,POS,CAD,SUCCESS
901754,51203,DEBIT,1471.56,2026-08-15,ONLINE,CAD,SUCCESS
901755,50302,CREDIT,1667.62,2026-07-17,POS,CAD,SUCCESS
901756,50893,CREDIT,170.34,2026-08-02,ATM,CAD,SUCCESS
901757,50247,DEBIT,4644.23,2026-08-15,ONLINE,CAD,SUCCESS
901758,50906,DEBIT,1664.06,2026-09-23,ATM,CAD,SUCCESS
901759,50765,DEBIT,2107.91,2026-07-05,ONLINE,CAD,SUCCESS
901760,50112,DEBIT,3791.7,2026-08-25,ONLINE,CAD,SUCCESS
901761,50679,CREDIT,1297.09,2026-09-07,POS,CAD,SUCCESS
901762,50665,CREDIT,3130.0,2026-09-01,ATM,CAD,SUCCESS
901763,51139,CREDIT,4747.97,2026-08-30,ONLINE,CAD,SUCCESS
901764,50611,CREDIT,4925.73,2026-08-11,BRANCH,CAD,SUCCESS
901765,51203,CREDIT,3113.69,2026-09-02,ONLINE,CAD,SUCCESS
901766,50531,DEBIT,1481.21,2026-08-10,BRANCH,CAD,SUCCESS
901767,50811,CREDIT,2314.27,2026-08-26,ONLINE,CAD,SUCCESS
901768,51021,CREDIT,4703.89,2026-09-23,POS,CAD,SUCCESS
901769,51093,DEBIT,4390.41,2026-08-26,BRANCH,CAD,SUCCESS
901770,51201,CREDIT,3593.62,2026-07-14,ONLINE,CAD,SUCCESS
901771,50491,CREDIT,1026.19,2026-09-20,ATM,CAD,SUCCESS
901772,50782,DEBIT,990.95,2026-08-12,POS,CAD,SUCCESS
901773,50731,CREDIT,515.62,2026-08-27,ATM,CAD,SUCCESS
901774,51021,DEBIT,3010.22,2026-09-19,ATM,CAD,SUCCESS
901775,50673,DEBIT,322.08,2026-08-20,POS,CAD,SUCCESS
901776,50169,CREDIT,221.05,2026-07-10,POS,CAD,SUCCESS
901777,50654,CREDIT,4711.81,2026-07-25,BRANCH,CAD,SUCCESS
901778,50145,CREDIT,4822.35,2026-07-17,BRANCH,CAD,SUCCESS
901779,50522,DEBIT,1102.82,2026-09-15,BRANCH,CAD,SUCCESS
901780,50416,CREDIT,4955.23,2026-07-16,ATM,CAD,SUCCESS
901781,50597,DEBIT,354.77,2026-08-29,POS,CAD,SUCCESS
901782,51009,CREDIT,2788.08,2026-09-07,POS,CAD,SUCCESS
901783,50969,CREDIT,2996.88,2026-09-17,BRANCH,CAD,SUCCESS
901784,51176,DEBIT,4614.79,2026-09-12,ONLINE,CAD,SUCCESS
901785,50204,CREDIT,4346.93,2026-08-30,ATM,CAD,SUCCESS
901786,50950,CREDIT,3836.32,2026-07-12,ATM,CAD,SUCCESS
901787,50224,CREDIT,2146.44,2026-09-12,ONLINE,CAD,SUCCESS
901788,50030,DEBIT,974.88,2026-08-06,BRANCH,CAD,SUCCESS
901789,50012,DEBIT,564.13,2026-08-24,BRANCH,CAD,SUCCESS
901790,50390,DEBIT,3632.16,2026-07-29,ATM,CAD,SUCCESS
901791,50676,DEBIT,4968.92,2026-08-09,ONLINE,CAD,SUCCESS
901792,50895,CREDIT,904.25,2026-08-27,POS,CAD,SUCCESS
901793,50635,CREDIT,1780.71,2026-09-19,ONLINE,CAD,SUCCESS
901794,50922,CREDIT,2405.66,2026-08-17,ATM,CAD,SUCCESS
901795,50582,CREDIT,4266.73,2026-09-11,BRANCH,CAD,SUCCESS
901796,50246,CREDIT,1520.17,2026-07-05,POS,CAD,SUCCESS
901797,50114,DEBIT,3232.62,2026-09-25,BRANCH,CAD,SUCCESS
901798,51174,CREDIT,4421.89,2026-09-04,ATM,CAD,SUCCESS
901799,50872,CREDIT,4186.04,2026-09-29,POS,CAD,SUCCESS
901800,51001,CREDIT,3884.39,2026-09-20,POS,CAD,SUCCESS
901801,50852,CREDIT,1941.68,2026-07-23,ONLINE,CAD,SUCCESS
901802,50947,CREDIT,2533.87,2026-07-02,ATM,CAD,SUCCESS
901803,50303,CREDIT,4500.21,2026-08-21,POS,CAD,SUCCESS
901804,50662,CREDIT,2678.42,2026-07-11,POS,CAD,SUCCESS
901805,51146,CREDIT,3786.5,2026-09-24,POS,CAD,SUCCESS
901806,50077,DEBIT,248.35,2026-07-28,ONLINE,CAD,SUCCESS
901807,50610,DEBIT,1723.66,2026-09-18,ATM,CAD,SUCCESS
901808,50245,CREDIT,2551.94,2026-08-28,BRANCH,CAD,SUCCESS
901809,51023,DEBIT,2924.93,2026-07-30,ATM,CAD,SUCCESS
901810,50736,CREDIT,2644.6,2026-09-11,POS,CAD,SUCCESS
901811,50705,DEBIT,4665.64,2026-08-06,POS,CAD,SUCCESS
901812,50767,DEBIT,48.54,2026-09-18,POS,CAD,SUCCESS
901813,50709,DEBIT,3271.97,2026-07-07,BRANCH,CAD,SUCCESS
901814,50923,CREDIT,3237.18,2026-09-16,BRANCH,CAD,SUCCESS
901815,50400,CREDIT,3799.76,2026-09-27,BRANCH,CAD,SUCCESS
901816,51105,CREDIT,2832.11,2026-07-14,ATM,CAD,SUCCESS
901817,50537,CREDIT,1749.91,2026-08-24,ONLINE,CAD,SUCCESS
901818,50606,DEBIT,645.73,2026-09-01,ATM,CAD,SUCCESS
901819,50565,CREDIT,2679.19,2026-08-13,ONLINE,CAD,SUCCESS
901820,50065,CREDIT,2728.28,2026-08-11,BRANCH,CAD,SUCCESS
901821,50387,CREDIT,1440.1,2026-09-16,BRANCH,CAD,SUCCESS
901822,50342,CREDIT,4636.27,2026-09-21,ATM,CAD,SUCCESS
901823,50089,DEBIT,1471.93,2026-07-28,ONLINE,CAD,SUCCESS
901824,50206,CREDIT,2234.88,2026-08-29,ONLINE,CAD,SUCCESS
901825,50903,DEBIT,8.91,2026-09-04,ATM,CAD,SUCCESS
901826,50568,CREDIT,1786.21,2026-09-13,ATM,CAD,SUCCESS
901827,50640,CREDIT,3731.88,2026-08-20,ATM,CAD,SUCCESS
901828,50117,DEBIT,341.79,2026-07-30,BRANCH,CAD,SUCCESS
901829,50251,CREDIT,3325.91,2026-08-30,BRANCH,CAD,SUCCESS
901830,50627,DEBIT,2461.54,2026-09-11,BRANCH,CAD,SUCCESS
901831,50677,DEBIT,1880.24,2026-08-06,BRANCH,CAD,SUCCESS
901832,51117,CREDIT,4862.93,2026-07-08,ONLINE,CAD,SUCCESS
901833,50713,CREDIT,3001.61,2026-08-07,POS,CAD,SUCCESS
901834,51068,DEBIT,4169.65,2026-07-10,BRANCH,CAD,SUCCESS
901835,50851,CREDIT,3394.26,2026-07-25,BRANCH,CAD,SUCCESS
901836,50785,DEBIT,305.17,2026-08-24,POS,CAD,SUCCESS
901837,51018,DEBIT,837.89,2026-07-19,ATM,CAD,SUCCESS
901838,50493,CREDIT,422.67,2026-08-12,ATM,CAD,SUCCESS
901839,50943,CREDIT,3885.51,2026-08-24,POS,CAD,SUCCESS
901840,50419,DEBIT,4292.89,2026-09-27,POS,CAD,SUCCESS
901841,50061,DEBIT,2733.76,2026-08-29,ONLINE,CAD,SUCCESS
901842,50596,DEBIT,3145.04,2026-08-10,POS,CAD,SUCCESS
901843,50647,DEBIT,2300.8,2026-08-27,POS,CAD,SUCCESS
901844,51021,CREDIT,4314.87,2026-07-07,ONLINE,CAD,SUCCESS
901845,50002,DEBIT,903.64,2026-07-08,POS,CAD,SUCCESS
901846,50704,DEBIT,2965.38,2026-07-01,ONLINE,CAD,SUCCESS
901847,50676,CREDIT,4294.66,2026-07-31,ONLINE,CAD,SUCCESS
901848,50356,DEBIT,1569.49,2026-07-23,BRANCH,CAD,SUCCESS
901849,50976,CREDIT,3993.35,2026-07-04,BRANCH,CAD,SUCCESS
901850,50354,DEBIT,490.59,2026-09-28,POS,CAD,SUCCESS
901851,51240,DEBIT,66.56,2026-09-17,ATM,CAD,SUCCESS
901852,50970,CREDIT,2056.82,2026-08-27,ONLINE,CAD,SUCCESS
901853,50038,CREDIT,4885.28,2026-08-25,BRANCH,CAD,SUCCESS
901854,51039,DEBIT,4948.25,2026-07-19,ONLINE,CAD,SUCCESS
901855,50616,CREDIT,1475.25,2026-08-13,ONLINE,CAD,SUCCESS
901856,50028,CREDIT,4295.35,2026-08-05,BRANCH,CAD,SUCCESS
901857,50925,DEBIT,971.5,2026-08-24,ATM,CAD,SUCCESS
901858,50958,DEBIT,1761.31,2026-07-18,BRANCH,CAD,SUCCESS
901859,51058,DEBIT,3972.79,2026-08-04,BRANCH,CAD,SUCCESS
901860,50510,DEBIT,3654.67,2026-07-26,POS,CAD,SUCCESS
901861,50102,CREDIT,639.7,2026-09-21,BRANCH,CAD,SUCCESS
901862,50906,DEBIT,240.27,2026-09-28,ATM,CAD,SUCCESS
901863,51085,CREDIT,2081.78,2026-07-05,ONLINE,CAD,SUCCESS
901864,50583,DEBIT,2186.22,2026-07-19,BRANCH,CAD,SUCCESS
901865,50653,CREDIT,1002.51,2026-08-06,ATM,CAD,SUCCESS
901866,50829,CREDIT,1751.47,2026-07-01,BRANCH,CAD,SUCCESS
901867,50628,DEBIT,2307.33,2026-07-16,POS,CAD,SUCCESS
901868,50728,CREDIT,2775.37,2026-08-16,POS,CAD,SUCCESS
901869,51067,CREDIT,4118.09,2026-07-24,POS,CAD,SUCCESS
901870,51228,DEBIT,3169.32,2026-07-08,ATM,CAD,SUCCESS
901871,51093,DEBIT,2345.91,2026-07-07,ONLINE,CAD,SUCCESS
901872,50743,DEBIT,4901.6,2026-07-18,POS,CAD,SUCCESS
901873,50710,DEBIT,4548.64,2026-08-22,BRANCH,CAD,SUCCESS
901874,51175,CREDIT,4995.19,2026-07-20,POS,CAD,SUCCESS
901875,50930,DEBIT,3617.76,2026-07-30,BRANCH,CAD,SUCCESS
901876,50658,DEBIT,109.86,2026-09-04,ONLINE,CAD,SUCCESS
901877,50435,DEBIT,33.94,2026-08-28,POS,CAD,SUCCESS
901878,50774,CREDIT,1545.07,2026-08-22,ONLINE,CAD,SUCCESS
901879,50951,CREDIT,1943.29,2026-07-04,ATM,CAD,SUCCESS
901880,50181,DEBIT,3689.4,2026-09-06,ATM,CAD,SUCCESS
901881,50503,CREDIT,2476.9,2026-09-17,BRANCH,CAD,SUCCESS
901882,50115,DEBIT,733.19,2026-07-27,BRANCH,CAD,SUCCESS
901883,50290,DEBIT,1799.71,2026-08-05,POS,CAD,SUCCESS
901884,50283,DEBIT,1576.77,2026-07-27,BRANCH,CAD,SUCCESS
901885,50515,CREDIT,2405.66,2026-07-20,BRANCH,CAD,SUCCESS
901886,50724,DEBIT,118.84,2026-07-13,BRANCH,CAD,SUCCESS
901887,50933,CREDIT,464.84,2026-08-31,POS,CAD,SUCCESS
901888,50793,DEBIT,1726.2,2026-09-29,POS,CAD,SUCCESS
901889,50816,CREDIT,3183.22,2026-08-21,POS,CAD,SUCCESS
901890,50416,CREDIT,2131.46,2026-08-07,BRANCH,CAD,SUCCESS
901891,50161,CREDIT,255.96,2026-07-12,POS,CAD,SUCCESS
901892,51152,DEBIT,4512.85,2026-09-05,ONLINE,CAD,SUCCESS
901893,50411,DEBIT,1444.05,2026-09-18,BRANCH,CAD,SUCCESS
901894,51160,DEBIT,4809.01,2026-08-13,POS,CAD,SUCCESS
901895,51052,CREDIT,663.81,2026-07-01,ATM,CAD,SUCCESS
901896,50176,DEBIT,2686.31,2026-09-04,BRANCH,CAD,SUCCESS
901897,51041,CREDIT,296.02,2026-08-24,POS,CAD,SUCCESS
901898,51151,CREDIT,2228.4,2026-09-28,ATM,CAD,SUCCESS
901899,50390,DEBIT,4837.02,2026-09-04,ATM,CAD,SUCCESS
901900,50042,CREDIT,518.38,2026-09-20,POS,CAD,SUCCESS
901901,50169,CREDIT,1078.59,2026-07-11,BRANCH,CAD,SUCCESS
901902,51035,DEBIT,1338.81,2026-08-22,BRANCH,CAD,SUCCESS
901903,50023,DEBIT,2250.54,2026-08-26,ONLINE,CAD,SUCCESS
901904,50603,DEBIT,1103.38,2026-09-01,POS,CAD,SUCCESS
901905,50442,CREDIT,2666.46,2026-08-19,POS,CAD,SUCCESS
901906,50568,DEBIT,2757.49,2026-08-19,ONLINE,CAD,SUCCESS
901907,51238,DEBIT,4741.59,2026-08-26,POS,CAD,SUCCESS
901908,50328,DEBIT,557.85,2026-07-19,BRANCH,CAD,SUCCESS
901909,51167,DEBIT,1511.77,2026-08-02,ONLINE,CAD,SUCCESS
901910,50217,CREDIT,3104.21,2026-08-24,ONLINE,CAD,SUCCESS
901911,50370,DEBIT,4504.37,2026-09-27,BRANCH,CAD,SUCCESS
901912,50085,DEBIT,4651.44,2026-08-20,BRANCH,CAD,SUCCESS
901913,50932,CREDIT,4501.57,2026-08-05,POS,CAD,SUCCESS
901914,50956,CREDIT,2007.29,2026-09-06,BRANCH,CAD,SUCCESS
901915,50618,DEBIT,4879.96,2026-09-21,POS,CAD,SUCCESS
901916,51145,CREDIT,2884.97,2026-09-06,BRANCH,CAD,SUCCESS
901917,50693,DEBIT,13.73,2026-08-12,ONLINE,CAD,SUCCESS
901918,50315,CREDIT,3160.05,2026-08-30,ATM,CAD,SUCCESS
901919,51213,CREDIT,4278.74,2026-08-09,POS,CAD,SUCCESS
901920,50898,CREDIT,2160.6,2026-09-29,ATM,CAD,SUCCESS
901921,51134,CREDIT,2078.91,2026-08-13,ONLINE,CAD,SUCCESS
901922,51101,DEBIT,4083.3,2026-09-16,BRANCH,CAD,SUCCESS
901923,50229,DEBIT,4592.79,2026-07-20,ATM,CAD,SUCCESS
901924,50142,CREDIT,4064.04,2026-09-12,ONLINE,CAD,SUCCESS
901925,51251,CREDIT,3395.67,2026-08-03,ONLINE,CAD,SUCCESS
901926,50979,DEBIT,1434.79,2026-08-11,ATM,CAD,SUCCESS
901927,50352,CREDIT,2066.94,2026-07-30,ATM,CAD,SUCCESS
901928,51128,DEBIT,724.51,2026-07-26,BRANCH,CAD,SUCCESS
901929,50296,DEBIT,4026.25,2026-09-06,ATM,CAD,SUCCESS
901930,50919,CREDIT,2605.9,2026-09-05,BRANCH,CAD,SUCCESS
901931,51037,CREDIT,3086.9,2026-07-22,BRANCH,CAD,SUCCESS
901932,50904,DEBIT,3777.38,2026-08-12,ATM,CAD,SUCCESS
901933,51237,DEBIT,3048.25,2026-07-20,POS,CAD,SUCCESS
901934,50823,CREDIT,4886.96,2026-08-01,BRANCH,CAD,SUCCESS
901935,50526,CREDIT,4904.29,2026-09-27,ONLINE,CAD,SUCCESS
901936,50533,CREDIT,3334.11,2026-09-11,ATM,CAD,SUCCESS
901937,50148,DEBIT,3231.13,2026-08-07,ATM,CAD,SUCCESS
901938,50313,DEBIT,1969.01,2026-09-28,POS,CAD,SUCCESS
901939,50834,DEBIT,371.28,2026-09-18,BRANCH,CAD,SUCCESS
901940,50544,CREDIT,3547.06,2026-09-18,BRANCH,CAD,SUCCESS
901941,50636,CREDIT,1097.94,2026-08-20,BRANCH,CAD,SUCCESS
901942,50402,DEBIT,4477.53,2026-08-28,ONLINE,CAD,SUCCESS
901943,50054,CREDIT,2739.18,2026-07-23,ONLINE,CAD,SUCCESS
901944,51015,DEBIT,2080.97,2026-09-29,ATM,CAD,SUCCESS
901945,51232,CREDIT,628.64,2026-08-20,BRANCH,CAD,SUCCESS
901946,51016,DEBIT,944.31,2026-09-23,POS,CAD,SUCCESS
901947,51076,CREDIT,603.97,2026-07-01,BRANCH,CAD,SUCCESS
901948,51099,DEBIT,2110.32,2026-08-28,ATM,CAD,SUCCESS
901949,50050,DEBIT,3332.06,2026-09-25,POS,CAD,SUCCESS
901950,50865,CREDIT,2018.13,2026-07-14,ATM,CAD,SUCCESS
901951,50952,DEBIT,1847.57,2026-07-04,ONLINE,CAD,SUCCESS
901952,50799,DEBIT,1338.88,2026-08-02,ATM,CAD,SUCCESS
901953,50326,DEBIT,4199.51,2026-07-03,POS,CAD,SUCCESS
901954,50424,DEBIT,3968.14,2026-07-12,POS,CAD,SUCCESS
901955,51198,CREDIT,1491.25,2026-07-11,POS,CAD,SUCCESS
901956,51127,CREDIT,2829.32,2026-09-20,BRANCH,CAD,SUCCESS
901957,50370,DEBIT,4008.58,2026-09-06,BRANCH,CAD,SUCCESS
901958,50255,CREDIT,2210.91,2026-09-05,POS,CAD,SUCCESS
901959,50455,DEBIT,1139.0,2026-07-27,ATM,CAD,SUCCESS
901960,50941,CREDIT,2390.86,2026-07-18,ONLINE,CAD,SUCCESS
901961,50987,CREDIT,3786.25,2026-07-20,POS,CAD,SUCCESS
901962,50253,DEBIT,3615.4,2026-08-28,POS,CAD,SUCCESS
901963,50074,DEBIT,3441.85,2026-07-19,POS,CAD,SUCCESS
901964,50618,CREDIT,4050.31,2026-08-11,ATM,CAD,SUCCESS
901965,51162,CREDIT,2952.66,2026-07-19,BRANCH,CAD,SUCCESS
901966,50125,DEBIT,4080.48,2026-09-15,ATM,CAD,SUCCESS
901967,50849,CREDIT,3585.78,2026-09-04,ONLINE,CAD,SUCCESS
901968,51224,CREDIT,393.22,2026-09-19,ATM,CAD,SUCCESS
901969,50753,CREDIT,4577.91,2026-08-16,POS,CAD,SUCCESS
901970,50107,DEBIT,4136.41,2026-09-22,BRANCH,CAD,SUCCESS
901971,50456,DEBIT,2603.3,2026-07-19,ATM,CAD,SUCCESS
901972,50716,DEBIT,1028.38,2026-08-11,BRANCH,CAD,SUCCESS
901973,50253,DEBIT,4786.83,2026-07-26,BRANCH,CAD,SUCCESS
901974,51175,CREDIT,3026.0,2026-09-19,ATM,CAD,SUCCESS
901975,50440,CREDIT,2647.79,2026-09-04,ATM,CAD,SUCCESS
901976,50254,CREDIT,3874.65,2026-08-10,ATM,CAD,SUCCESS
901977,51012,CREDIT,4997.05,2026-08-12,POS,CAD,SUCCESS
901978,50551,DEBIT,4444.0,2026-08-25,POS,CAD,SUCCESS
901979,51125,DEBIT,2607.5,2026-07-04,POS,CAD,SUCCESS
901980,50156,DEBIT,2828.77,2026-09-01,POS,CAD,SUCCESS
901981,50612,CREDIT,2939.08,2026-09-28,ONLINE,CAD,SUCCESS
901982,51157,CREDIT,522.07,2026-09-09,BRANCH,CAD,SUCCESS
901983,50036,CREDIT,3023.49,2026-09-01,ONLINE,CAD,SUCCESS
901984,50253,CREDIT,2889.92,2026-09-21,BRANCH,CAD,SUCCESS
901985,50373,DEBIT,1940.37,2026-08-25,BRANCH,CAD,SUCCESS
901986,50012,DEBIT,1976.31,2026-07-09,ATM,CAD,SUCCESS
901987,50817,CREDIT,3157.31,2026-09-01,POS,CAD,SUCCESS
901988,51047,CREDIT,3247.3,2026-09-02,ONLINE,CAD,SUCCESS
901989,50168,DEBIT,4176.63,2026-07-31,ONLINE,CAD,SUCCESS
901990,50646,CREDIT,3929.77,2026-07-22,POS,CAD,SUCCESS
901991,50091,DEBIT,1816.12,2026-07-19,ATM,CAD,SUCCESS
901992,50641,CREDIT,2343.67,2026-09-22,ATM,CAD,SUCCESS
901993,51076,DEBIT,3996.01,2026-08-03,POS,CAD,SUCCESS
901994,51076,DEBIT,4970.26,2026-07-16,ONLINE,CAD,SUCCESS
901995,50636,CREDIT,2201.46,2026-07-09,ONLINE,CAD,SUCCESS
901996,50753,CREDIT,2347.85,2026-07-12,ONLINE,CAD,SUCCESS
901997,50072,DEBIT,3299.62,2026-08-23,ATM,CAD,SUCCESS
901998,50900,DEBIT,3272.87,2026-09-14,POS,CAD,SUCCESS
901999,50029,CREDIT,775.41,2026-08-20,ATM,CAD,SUCCESS
902000,50426,DEBIT,1039.79,2026-09-24,ONLINE,CAD,SUCCESS
902001,51118,CREDIT,802.71,2026-07-01,ATM,CAD,SUCCESS
902002,50796,CREDIT,1328.02,2026-08-17,BRANCH,CAD,SUCCESS
902003,51068,DEBIT,566.29,2026-08-21,BRANCH,CAD,SUCCESS
902004,51151,CREDIT,1987.34,2026-09-09,BRANCH,CAD,SUCCESS
902005,50069,DEBIT,4646.25,2026-07-30,BRANCH,CAD,SUCCESS
902006,51121,CREDIT,2582.26,2026-08-18,ONLINE,CAD,SUCCESS
902007,50586,DEBIT,4606.56,2026-09-16,ONLINE,CAD,SUCCESS
902008,51119,CREDIT,1477.82,2026-09-04,BRANCH,CAD,SUCCESS
902009,50068,CREDIT,392.84,2026-07-05,ONLINE,CAD,SUCCESS
902010,50202,DEBIT,4853.65,2026-08-04,ATM,CAD,SUCCESS
902011,50575,CREDIT,3873.55,2026-09-05,POS,CAD,SUCCESS
902012,51210,CREDIT,4362.27,2026-09-01,POS,CAD,SUCCESS
902013,50778,DEBIT,4822.24,2026-07-24,POS,CAD,SUCCESS
902014,50494,DEBIT,1186.32,2026-08-25,BRANCH,CAD,SUCCESS
902015,50092,DEBIT,2544.4,2026-08-17,POS,CAD,SUCCESS
902016,51243,CREDIT,1240.42,2026-07-14,ATM,CAD,SUCCESS
902017,50230,DEBIT,3638.47,2026-07-10,BRANCH,CAD,SUCCESS
902018,50177,CREDIT,1573.45,2026-08-09,ONLINE,CAD,SUCCESS
902019,50910,DEBIT,3969.22,2026-08-27,ONLINE,CAD,SUCCESS
902020,50726,DEBIT,324.05,2026-09-22,ATM,CAD,SUCCESS
902021,51249,CREDIT,4922.04,2026-08-14,POS,CAD,SUCCESS
902022,50059,CREDIT,1837.59,2026-09-08,BRANCH,CAD,SUCCESS
902023,50379,DEBIT,4913.49,2026-08-02,BRANCH,CAD,SUCCESS
902024,50535,DEBIT,2000.6,2026-09-29,ONLINE,CAD,SUCCESS
902025,50607,DEBIT,2526.18,2026-09-20,POS,CAD,SUCCESS
902026,50562,CREDIT,228.54,2026-09-07,POS,CAD,SUCCESS
902027,51036,CREDIT,63.17,2026-07-15,ONLINE,CAD,SUCCESS
902028,50240,CREDIT,1204.65,2026-08-30,BRANCH,CAD,SUCCESS
902029,50541,DEBIT,2033.79,2026-09-18,ATM,CAD,SUCCESS
902030,51071,DEBIT,2406.19,2026-09-02,ATM,CAD,SUCCESS
902031,50755,CREDIT,2886.62,2026-09-07,ATM,CAD,SUCCESS
902032,50664,CREDIT,3272.03,2026-08-13,ONLINE,CAD,SUCCESS
902033,50088,DEBIT,4773.04,2026-08-08,ATM,CAD,SUCCESS
902034,51235,CREDIT,80.88,2026-09-27,ATM,CAD,SUCCESS
902035,50345,CREDIT,2578.31,2026-07-10,BRANCH,CAD,SUCCESS
902036,50890,CREDIT,739.25,2026-08-27,ONLINE,CAD,SUCCESS
902037,50605,DEBIT,4737.63,2026-08-21,POS,CAD,SUCCESS
902038,50724,CREDIT,2775.49,2026-07-06,BRANCH,CAD,SUCCESS
902039,50842,DEBIT,1764.48,2026-09-15,ONLINE,CAD,SUCCESS
902040,50933,DEBIT,862.75,2026-08-02,ONLINE,CAD,SUCCESS
902041,51235,DEBIT,457.05,2026-08-09,POS,CAD,SUCCESS
902042,50763,CREDIT,4425.6,2026-09-13,ATM,CAD,SUCCESS
902043,50885,DEBIT,2507.54,2026-07-08,BRANCH,CAD,SUCCESS
902044,50352,CREDIT,595.28,2026-09-13,ONLINE,CAD,SUCCESS
902045,51219,CREDIT,770.28,2026-07-20,ONLINE,CAD,SUCCESS
902046,50670,DEBIT,2382.2,2026-08-16,ONLINE,CAD,SUCCESS
902047,50260,DEBIT,431.57,2026-08-01,BRANCH,CAD,SUCCESS
902048,50293,CREDIT,4162.85,2026-08-12,ATM,CAD,SUCCESS
902049,50233,DEBIT,4593.08,2026-09-21,ATM,CAD,SUCCESS
902050,51078,CREDIT,3925.23,2026-09-09,ONLINE,CAD,SUCCESS
902051,50399,DEBIT,839.57,2026-08-28,POS,CAD,SUCCESS
902052,50138,CREDIT,4368.05,2026-08-07,BRANCH,CAD,SUCCESS
902053,50367,DEBIT,3532.9,2026-09-15,ONLINE,CAD,SUCCESS
902054,50088,CREDIT,2656.9,2026-08-05,ATM,CAD,SUCCESS
902055,50460,DEBIT,1499.2,2026-08-24,BRANCH,CAD,SUCCESS
902056,50596,DEBIT,3059.87,2026-08-29,BRANCH,CAD,SUCCESS
902057,50533,CREDIT,538.85,2026-09-02,ATM,CAD,SUCCESS
902058,50574,CREDIT,543.61,2026-09-19,POS,CAD,SUCCESS
902059,51244,DEBIT,4965.7,2026-07-20,ATM,CAD,SUCCESS
902060,51148,DEBIT,4724.15,2026-07-19,BRANCH,CAD,SUCCESS
902061,50451,CREDIT,1180.48,2026-08-04,BRANCH,CAD,SUCCESS
902062,50149,CREDIT,2925.1,2026-09-25,BRANCH,CAD,SUCCESS
902063,50393,DEBIT,4402.65,2026-08-08,BRANCH,CAD,SUCCESS
902064,50897,DEBIT,2205.87,2026-08-17,ONLINE,CAD,SUCCESS
902065,50452,DEBIT,1021.58,2026-08-11,ATM,CAD,SUCCESS
902066,50358,DEBIT,1620.1,2026-08-20,POS,CAD,SUCCESS
902067,51122,CREDIT,4390.55,2026-07-09,POS,CAD,SUCCESS
902068,50959,CREDIT,1476.23,2026-09-17,ONLINE,CAD,SUCCESS
902069,50261,CREDIT,4078.77,2026-07-11,BRANCH,CAD,SUCCESS
902070,50971,CREDIT,3168.39,2026-07-05,ATM,CAD,SUCCESS
902071,50920,DEBIT,183.61,2026-08-19,BRANCH,CAD,SUCCESS
902072,50980,DEBIT,3309.81,2026-09-28,BRANCH,CAD,SUCCESS
902073,50014,DEBIT,1546.72,2026-08-11,POS,CAD,SUCCESS
902074,51119,DEBIT,2874.85,2026-08-03,BRANCH,CAD,SUCCESS
902075,51237,CREDIT,1395.35,2026-07-21,POS,CAD,SUCCESS
902076,51040,CREDIT,1023.13,2026-08-09,ATM,CAD,SUCCESS
902077,51058,DEBIT,1635.66,2026-07-02,ONLINE,CAD,SUCCESS
902078,50623,DEBIT,3830.83,2026-07-20,ONLINE,CAD,SUCCESS
902079,50950,CREDIT,2948.77,2026-09-10,ATM,CAD,SUCCESS
902080,50620,DEBIT,4331.56,2026-08-03,ATM,CAD,SUCCESS
902081,50584,DEBIT,1630.82,2026-09-19,ATM,CAD,SUCCESS
902082,50813,DEBIT,3282.62,2026-07-08,POS,CAD,SUCCESS
902083,50324,CREDIT,4482.35,2026-09-07,POS,CAD,SUCCESS
902084,50388,CREDIT,472.75,2026-09-15,ATM,CAD,SUCCESS
902085,50124,CREDIT,2730.16,2026-08-23,POS,CAD,SUCCESS
902086,50286,CREDIT,4316.41,2026-07-27,ATM,CAD,SUCCESS
902087,50751,CREDIT,2619.24,2026-07-20,BRANCH,CAD,SUCCESS
902088,50936,CREDIT,1753.89,2026-08-31,ATM,CAD,SUCCESS
902089,50481,DEBIT,2763.01,2026-07-31,BRANCH,CAD,SUCCESS
902090,50390,CREDIT,3648.14,2026-09-11,POS,CAD,SUCCESS
902091,50976,DEBIT,1411.22,2026-07-10,ONLINE,CAD,SUCCESS
902092,51210,CREDIT,3082.63,2026-09-11,ONLINE,CAD,SUCCESS
902093,50926,DEBIT,548.85,2026-07-10,ONLINE,CAD,SUCCESS
902094,50721,DEBIT,3693.38,2026-08-01,BRANCH,CAD,SUCCESS
902095,50157,DEBIT,1632.37,2026-09-11,ATM,CAD,SUCCESS
902096,50520,CREDIT,1256.74,2026-09-16,ONLINE,CAD,SUCCESS
902097,50957,CREDIT,4897.94,2026-08-04,ONLINE,CAD,SUCCESS
902098,50996,DEBIT,2783.99,2026-08-09,ATM,CAD,SUCCESS
902099,50169,CREDIT,2537.49,2026-09-22,ONLINE,CAD,SUCCESS
902100,50727,DEBIT,710.51,2026-07-19,BRANCH,CAD,SUCCESS
902101,50633,CREDIT,4617.36,2026-07-06,ONLINE,CAD,SUCCESS
902102,50949,DEBIT,3269.64,2026-08-14,POS,CAD,SUCCESS
902103,50374,CREDIT,260.17,2026-07-21,ATM,CAD,SUCCESS
902104,50361,CREDIT,4492.42,2026-07-06,ONLINE,CAD,SUCCESS
902105,50712,DEBIT,941.53,2026-08-05,ONLINE,CAD,SUCCESS
902106,50260,DEBIT,1576.6,2026-09-06,POS,CAD,SUCCESS
902107,50395,DEBIT,480.41,2026-09-24,ONLINE,CAD,SUCCESS
902108,50609,DEBIT,3120.59,2026-07-16,ONLINE,CAD,SUCCESS
902109,50421,CREDIT,2432.04,2026-09-16,POS,CAD,SUCCESS
902110,50703,CREDIT,3424.58,2026-08-26,POS,CAD,SUCCESS
902111,50522,DEBIT,306.13,2026-09-22,ATM,CAD,SUCCESS
902112,50316,CREDIT,3465.23,2026-08-15,ATM,CAD,SUCCESS
902113,50875,DEBIT,3694.24,2026-09-26,POS,CAD,SUCCESS
902114,51232,DEBIT,917.99,2026-08-13,POS,CAD,SUCCESS
902115,50199,DEBIT,3928.63,2026-09-13,ATM,CAD,SUCCESS
902116,50553,CREDIT,4700.17,2026-07-12,ONLINE,CAD,SUCCESS
902117,50168,CREDIT,2347.48,2026-09-16,ATM,CAD,SUCCESS
902118,50276,CREDIT,2357.95,2026-07-18,ATM,CAD,SUCCESS
902119,50273,DEBIT,1734.79,2026-08-15,ONLINE,CAD,SUCCESS
902120,50361,DEBIT,4748.28,2026-07-06,POS,CAD,SUCCESS
902121,51085,CREDIT,768.04,2026-09-27,BRANCH,CAD,SUCCESS
902122,50609,CREDIT,1597.67,2026-07-01,ONLINE,CAD,SUCCESS
902123,51040,DEBIT,4265.34,2026-07-24,POS,CAD,SUCCESS
902124,51044,CREDIT,1917.91,2026-07-22,POS,CAD,SUCCESS
902125,51163,DEBIT,2077.08,2026-09-06,POS,CAD,SUCCESS
902126,50454,CREDIT,4848.11,2026-08-05,ATM,CAD,SUCCESS
902127,50104,DEBIT,4723.68,2026-07-07,ONLINE,CAD,SUCCESS
902128,50565,CREDIT,2276.33,2026-09-09,ATM,CAD,SUCCESS
902129,50677,DEBIT,782.15,2026-09-04,POS,CAD,SUCCESS
902130,51037,CREDIT,980.82,2026-09-14,BRANCH,CAD,SUCCESS
902131,50469,DEBIT,4348.51,2026-07-01,BRANCH,CAD,SUCCESS
902132,50606,CREDIT,2959.12,2026-07-21,POS,CAD,SUCCESS
902133,50724,CREDIT,1444.54,2026-09-01,ONLINE,CAD,SUCCESS
902134,50986,CREDIT,3373.04,2026-08-20,ONLINE,CAD,SUCCESS
902135,50874,CREDIT,1500.22,2026-07-25,POS,CAD,SUCCESS
902136,50872,DEBIT,3535.61,2026-09-05,BRANCH,CAD,SUCCESS
902137,51083,CREDIT,3007.59,2026-09-29,ONLINE,CAD,SUCCESS
902138,51172,DEBIT,3133.37,2026-09-24,ATM,CAD,SUCCESS
902139,50735,DEBIT,3728.02,2026-07-19,BRANCH,CAD,SUCCESS
902140,50063,CREDIT,2452.51,2026-09-11,BRANCH,CAD,SUCCESS
902141,50150,CREDIT,2049.75,2026-07-10,BRANCH,CAD,SUCCESS
902142,50016,DEBIT,4951.06,2026-07-17,BRANCH,CAD,SUCCESS
902143,50585,CREDIT,4033.43,2026-08-06,BRANCH,CAD,SUCCESS
902144,50055,CREDIT,1359.72,2026-08-28,POS,CAD,SUCCESS
902145,50276,CREDIT,1888.17,2026-09-11,POS,CAD,SUCCESS
902146,51034,DEBIT,4671.81,2026-07-17,ATM,CAD,SUCCESS
902147,51186,DEBIT,1620.7,2026-08-28,ONLINE,CAD,SUCCESS
902148,50616,CREDIT,1260.97,2026-07-01,BRANCH,CAD,SUCCESS
902149,50766,DEBIT,4383.08,2026-09-24,POS,CAD,SUCCESS
902150,50056,CREDIT,291.19,2026-08-03,POS,CAD,SUCCESS
902151,50885,DEBIT,1323.15,2026-08-14,POS,CAD,SUCCESS
902152,51130,DEBIT,4392.33,2026-09-23,ATM,CAD,SUCCESS
902153,50415,DEBIT,3993.98,2026-09-29,POS,CAD,SUCCESS
902154,51027,DEBIT,4456.61,2026-07-03,POS,CAD,SUCCESS
902155,50244,CREDIT,3759.45,2026-08-20,POS,CAD,SUCCESS
902156,50450,CREDIT,3499.16,2026-08-23,ATM,CAD,SUCCESS
902157,50905,CREDIT,385.44,2026-09-07,ONLINE,CAD,SUCCESS
902158,50798,CREDIT,1944.88,2026-08-22,ATM,CAD,SUCCESS
902159,50856,DEBIT,201.47,2026-09-22,POS,CAD,SUCCESS
902160,50564,CREDIT,809.83,2026-09-21,ATM,CAD,SUCCESS
902161,50471,DEBIT,2202.48,2026-09-15,ATM,CAD,SUCCESS
902162,50927,CREDIT,3343.11,2026-07-10,ONLINE,CAD,SUCCESS
902163,51009,DEBIT,4031.03,2026-07-15,ONLINE,CAD,SUCCESS
902164,50011,CREDIT,171.66,2026-08-21,ONLINE,CAD,SUCCESS
902165,50859,CREDIT,1301.2,2026-09-17,ONLINE,CAD,SUCCESS
902166,51250,CREDIT,728.85,2026-08-25,ATM,CAD,SUCCESS
902167,50421,DEBIT,4453.68,2026-09-22,BRANCH,CAD,SUCCESS
902168,50342,CREDIT,3677.14,2026-09-04,ATM,CAD,SUCCESS
902169,50140,DEBIT,1756.12,2026-09-12,ATM,CAD,SUCCESS
902170,50424,CREDIT,4461.48,2026-08-02,ONLINE,CAD,SUCCESS
902171,51181,CREDIT,1121.52,2026-08-23,ONLINE,CAD,SUCCESS
902172,50497,DEBIT,2766.47,2026-07-11,ONLINE,CAD,SUCCESS
902173,51079,CREDIT,3957.74,2026-07-25,ONLINE,CAD,SUCCESS
902174,51241,DEBIT,1564.6,2026-07-10,BRANCH,CAD,SUCCESS
902175,50187,CREDIT,2908.3,2026-08-29,BRANCH,CAD,SUCCESS
902176,50392,DEBIT,1977.51,2026-09-22,BRANCH,CAD,SUCCESS
902177,50946,CREDIT,2838.65,2026-08-23,BRANCH,CAD,SUCCESS
902178,50100,CREDIT,445.78,2026-09-08,ONLINE,CAD,SUCCESS
902179,50835,DEBIT,2738.47,2026-09-01,ONLINE,CAD,SUCCESS
902180,51199,CREDIT,4229.82,2026-07-21,POS,CAD,SUCCESS
902181,50654,DEBIT,544.35,2026-07-30,BRANCH,CAD,SUCCESS
902182,50215,DEBIT,186.62,2026-09-09,BRANCH,CAD,SUCCESS
902183,50839,DEBIT,3708.32,2026-07-22,POS,CAD,SUCCESS
902184,51234,DEBIT,2658.42,2026-07-27,ONLINE,CAD,SUCCESS
902185,50061,CREDIT,1430.58,2026-08-22,POS,CAD,SUCCESS
902186,50981,DEBIT,1747.45,2026-07-19,POS,CAD,SUCCESS
902187,50713,CREDIT,2311.9,2026-07-26,BRANCH,CAD,SUCCESS
902188,50732,CREDIT,759.46,2026-07-22,ATM,CAD,SUCCESS
902189,51217,DEBIT,3150.29,2026-09-25,ATM,CAD,SUCCESS
902190,50520,DEBIT,1326.77,2026-08-10,ATM,CAD,SUCCESS
902191,50366,DEBIT,2502.25,2026-08-01,BRANCH,CAD,SUCCESS
902192,50548,CREDIT,3231.82,2026-07-31,ONLINE,CAD,SUCCESS
902193,50995,DEBIT,1573.65,2026-09-10,ATM,CAD,SUCCESS
902194,51061,DEBIT,891.64,2026-07-19,BRANCH,CAD,SUCCESS
902195,50132,DEBIT,2609.64,2026-08-08,BRANCH,CAD,SUCCESS
902196,50500,DEBIT,4720.29,2026-09-04,POS,CAD,SUCCESS
902197,51228,DEBIT,4617.48,2026-08-27,BRANCH,CAD,SUCCESS
902198,51208,CREDIT,3760.95,2026-07-12,ONLINE,CAD,SUCCESS
902199,50443,DEBIT,3311.02,2026-07-19,BRANCH,CAD,SUCCESS
902200,50560,DEBIT,1664.77,2026-07-28,ONLINE,CAD,SUCCESS
902201,50079,DEBIT,4020.28,2026-07-05,ATM,CAD,SUCCESS
902202,50092,DEBIT,4021.95,2026-07-18,ATM,CAD,SUCCESS
902203,50558,DEBIT,3617.28,2026-09-11,ATM,CAD,SUCCESS
902204,51092,CREDIT,1504.46,2026-08-14,ATM,CAD,SUCCESS
902205,51021,CREDIT,314.76,2026-07-20,BRANCH,CAD,SUCCESS
902206,51007,CREDIT,577.35,2026-08-20,BRANCH,CAD,SUCCESS
902207,50408,DEBIT,614.15,2026-08-18,BRANCH,CAD,SUCCESS
902208,51166,CREDIT,2626.05,2026-07-04,ONLINE,CAD,SUCCESS
902209,50333,CREDIT,2502.4,2026-09-13,POS,CAD,SUCCESS
902210,50040,CREDIT,2651.41,2026-09-23,BRANCH,CAD,SUCCESS
902211,51203,CREDIT,4419.26,2026-08-18,ATM,CAD,SUCCESS
902212,50903,CREDIT,4958.65,2026-09-22,ONLINE,CAD,SUCCESS
902213,50844,DEBIT,2597.94,2026-09-05,BRANCH,CAD,SUCCESS
902214,50188,CREDIT,3000.72,2026-09-03,POS,CAD,SUCCESS
902215,50508,CREDIT,4924.66,2026-09-13,ONLINE,CAD,SUCCESS
902216,50113,CREDIT,1405.82,2026-07-12,ONLINE,CAD,SUCCESS
902217,50777,DEBIT,1248.93,2026-08-01,POS,CAD,SUCCESS
902218,50488,CREDIT,1011.15,2026-07-21,POS,CAD,SUCCESS
902219,50977,CREDIT,3320.73,2026-07-19,POS,CAD,SUCCESS
902220,50979,CREDIT,4776.33,2026-08-16,POS,CAD,SUCCESS
902221,51033,CREDIT,3626.63,2026-09-17,POS,CAD,SUCCESS
902222,50954,DEBIT,133.9,2026-08-05,ATM,CAD,SUCCESS
902223,50067,DEBIT,2864.65,2026-08-03,ONLINE,CAD,SUCCESS
902224,50688,DEBIT,3863.48,2026-07-10,ATM,CAD,SUCCESS
902225,50358,DEBIT,3151.39,2026-08-25,ATM,CAD,SUCCESS
902226,50139,DEBIT,578.04,2026-08-04,POS,CAD,SUCCESS
902227,50928,DEBIT,3076.71,2026-09-26,ATM,CAD,SUCCESS
902228,50114,DEBIT,2267.87,2026-09-13,POS,CAD,SUCCESS
902229,50565,DEBIT,2010.7,2026-09-27,ATM,CAD,SUCCESS
902230,50473,CREDIT,433.09,2026-09-09,BRANCH,CAD,SUCCESS
902231,50550,DEBIT,4081.23,2026-08-11,POS,CAD,SUCCESS
902232,50329,DEBIT,4066.7,2026-09-26,ATM,CAD,SUCCESS
902233,50360,DEBIT,4457.86,2026-08-21,POS,CAD,SUCCESS
902234,50600,CREDIT,230.85,2026-09-03,BRANCH,CAD,SUCCESS
902235,51102,CREDIT,950.75,2026-07-20,ONLINE,CAD,SUCCESS
902236,50261,DEBIT,2427.55,2026-08-14,POS,CAD,SUCCESS
902237,50407,CREDIT,2779.82,2026-09-12,ONLINE,CAD,SUCCESS
902238,50211,DEBIT,1430.05,2026-09-18,BRANCH,CAD,SUCCESS
902239,51198,DEBIT,1741.2,2026-07-09,ATM,CAD,SUCCESS
902240,51132,CREDIT,4450.43,2026-09-27,BRANCH,CAD,SUCCESS
902241,50700,CREDIT,4958.67,2026-07-29,ATM,CAD,SUCCESS
902242,51233,DEBIT,118.16,2026-07-26,BRANCH,CAD,SUCCESS
902243,50631,CREDIT,240.75,2026-09-22,ATM,CAD,SUCCESS
902244,50228,DEBIT,1089.66,2026-07-15,ATM,CAD,SUCCESS
902245,51126,DEBIT,2205.52,2026-08-08,POS,CAD,SUCCESS
902246,50405,CREDIT,1551.59,2026-07-16,ATM,CAD,SUCCESS
902247,51185,CREDIT,4875.54,2026-08-14,BRANCH,CAD,SUCCESS
902248,51043,CREDIT,103.09,2026-09-22,ONLINE,CAD,SUCCESS
902249,51171,DEBIT,3867.31,2026-08-28,ATM,CAD,SUCCESS
902250,50651,DEBIT,2683.18,2026-08-24,BRANCH,CAD,SUCCESS
902251,50143,CREDIT,1101.28,2026-07-30,ATM,CAD,SUCCESS
902252,50840,CREDIT,4877.24,2026-08-12,ATM,CAD,SUCCESS
902253,51223,CREDIT,1578.09,2026-08-04,ATM,CAD,SUCCESS
902254,51053,CREDIT,174.74,2026-08-09,POS,CAD,SUCCESS
902255,51049,CREDIT,3551.89,2026-08-14,BRANCH,CAD,SUCCESS
902256,50334,CREDIT,1051.58,2026-09-05,ATM,CAD,SUCCESS
902257,50877,DEBIT,243.99,2026-09-19,POS,CAD,SUCCESS
902258,50372,DEBIT,4891.49,2026-09-23,ATM,CAD,SUCCESS
902259,50994,DEBIT,4406.71,2026-09-15,BRANCH,CAD,SUCCESS
902260,51042,CREDIT,341.54,2026-07-05,ONLINE,CAD,SUCCESS
902261,50839,CREDIT,2246.97,2026-08-03,ONLINE,CAD,SUCCESS
902262,51069,CREDIT,1415.38,2026-09-08,ONLINE,CAD,SUCCESS
902263,51086,DEBIT,3735.38,2026-08-01,ONLINE,CAD,SUCCESS
902264,50517,DEBIT,3728.93,2026-07-23,ONLINE,CAD,SUCCESS
902265,50995,CREDIT,4057.2,2026-07-01,BRANCH,CAD,SUCCESS
902266,50548,CREDIT,2670.7,2026-08-31,POS,CAD,SUCCESS
902267,50991,CREDIT,1389.86,2026-07-28,ATM,CAD,SUCCESS
902268,50501,DEBIT,820.91,2026-08-20,POS,CAD,SUCCESS
902269,50902,DEBIT,175.75,2026-07-13,POS,CAD,SUCCESS
902270,50500,DEBIT,759.12,2026-09-18,POS,CAD,SUCCESS
902271,50350,DEBIT,3490.43,2026-07-05,ATM,CAD,SUCCESS
902272,51080,DEBIT,3083.01,2026-07-09,ONLINE,CAD,SUCCESS
902273,50284,DEBIT,4279.41,2026-07-28,POS,CAD,SUCCESS
902274,50637,CREDIT,336.29,2026-08-06,ONLINE,CAD,SUCCESS
902275,50096,CREDIT,305.33,2026-09-28,BRANCH,CAD,SUCCESS
902276,50505,CREDIT,60.34,2026-08-31,BRANCH,CAD,SUCCESS
902277,50188,DEBIT,4149.89,2026-07-04,POS,CAD,SUCCESS
902278,50866,CREDIT,4947.55,2026-08-03,POS,CAD,SUCCESS
902279,50545,CREDIT,3626.78,2026-08-17,ONLINE,CAD,SUCCESS
902280,50883,DEBIT,1319.87,2026-09-23,POS,CAD,SUCCESS
902281,50228,DEBIT,769.93,2026-09-26,POS,CAD,SUCCESS
902282,51179,CREDIT,3526.42,2026-08-19,BRANCH,CAD,SUCCESS
902283,50481,DEBIT,3958.45,2026-09-22,ONLINE,CAD,SUCCESS
902284,50360,CREDIT,4383.04,2026-07-07,BRANCH,CAD,SUCCESS
902285,50448,CREDIT,2397.3,2026-08-04,ATM,CAD,SUCCESS
902286,50026,DEBIT,2071.01,2026-09-15,ONLINE,CAD,SUCCESS
902287,50237,DEBIT,1678.77,2026-09-28,ONLINE,CAD,SUCCESS
902288,50814,DEBIT,4447.06,2026-07-15,ATM,CAD,SUCCESS
902289,50991,CREDIT,3547.91,2026-07-06,BRANCH,CAD,SUCCESS
902290,50899,DEBIT,1758.7,2026-09-16,ONLINE,CAD,SUCCESS
902291,50850,DEBIT,4418.32,2026-08-07,BRANCH,CAD,SUCCESS
902292,50200,CREDIT,3428.2,2026-08-14,POS,CAD,SUCCESS
902293,51089,CREDIT,3232.04,2026-09-13,BRANCH,CAD,SUCCESS
902294,50045,CREDIT,125.15,2026-09-28,BRANCH,CAD,SUCCESS
902295,50630,DEBIT,37.31,2026-08-14,ONLINE,CAD,SUCCESS
902296,50661,DEBIT,1078.83,2026-08-28,BRANCH,CAD,SUCCESS
902297,50564,DEBIT,98.43,2026-07-25,BRANCH,CAD,SUCCESS
902298,50734,DEBIT,4229.77,2026-07-10,BRANCH,CAD,SUCCESS
902299,50578,CREDIT,7.59,2026-07-26,POS,CAD,SUCCESS
902300,50430,CREDIT,2492.05,2026-08-17,POS,CAD,SUCCESS
902301,50604,CREDIT,1791.78,2026-07-06,ATM,CAD,SUCCESS
902302,50379,CREDIT,2988.54,2026-09-04,POS,CAD,SUCCESS
902303,50236,DEBIT,1808.4,2026-08-18,POS,CAD,SUCCESS
902304,50374,DEBIT,2757.45,2026-07-09,BRANCH,CAD,SUCCESS
902305,50165,CREDIT,4374.75,2026-07-06,POS,CAD,SUCCESS
902306,51136,CREDIT,3812.09,2026-09-11,ONLINE,CAD,SUCCESS
902307,51121,CREDIT,4055.36,2026-09-01,POS,CAD,SUCCESS
902308,50983,DEBIT,4925.71,2026-08-07,ONLINE,CAD,SUCCESS
902309,51056,DEBIT,1056.56,2026-07-18,POS,CAD,SUCCESS
902310,50703,CREDIT,4332.34,2026-07-04,ATM,CAD,SUCCESS
902311,50077,DEBIT,361.19,2026-07-28,ONLINE,CAD,SUCCESS
902312,50207,CREDIT,3118.22,2026-08-11,ONLINE,CAD,SUCCESS
902313,50964,CREDIT,1586.91,2026-07-15,BRANCH,CAD,SUCCESS
902314,50767,DEBIT,67.86,2026-08-22,ONLINE,CAD,SUCCESS
902315,50422,CREDIT,425.09,2026-08-31,POS,CAD,SUCCESS
902316,50013,DEBIT,2107.08,2026-09-24,ATM,CAD,SUCCESS
902317,51065,DEBIT,1415.39,2026-08-29,ONLINE,CAD,SUCCESS
902318,50979,CREDIT,1831.87,2026-07-13,ATM,CAD,SUCCESS
902319,50854,DEBIT,4464.67,2026-07-25,BRANCH,CAD,SUCCESS
902320,51006,CREDIT,556.21,2026-08-14,ATM,CAD,SUCCESS
902321,50546,DEBIT,2404.64,2026-08-31,BRANCH,CAD,SUCCESS
902322,50306,DEBIT,1818.49,2026-08-17,ONLINE,CAD,SUCCESS
902323,50465,DEBIT,3243.4,2026-09-01,POS,CAD,SUCCESS
902324,51246,CREDIT,1652.27,2026-08-18,ONLINE,CAD,SUCCESS
902325,50150,CREDIT,3471.94,2026-07-14,POS,CAD,SUCCESS
902326,51105,DEBIT,4928.01,2026-07-01,ONLINE,CAD,SUCCESS
902327,50216,DEBIT,2229.65,2026-08-29,ATM,CAD,SUCCESS
902328,50083,CREDIT,2419.11,2026-09-23,POS,CAD,SUCCESS
902329,50999,CREDIT,4453.67,2026-07-30,ONLINE,CAD,SUCCESS
902330,51228,DEBIT,2042.85,2026-09-24,ATM,CAD,SUCCESS
902331,51157,CREDIT,1983.0,2026-07-18,ONLINE,CAD,SUCCESS
902332,50182,CREDIT,3282.85,2026-07-07,ONLINE,CAD,SUCCESS
902333,50927,CREDIT,1799.47,2026-08-25,ONLINE,CAD,SUCCESS
902334,50120,DEBIT,565.63,2026-07-19,ONLINE,CAD,SUCCESS
902335,50030,DEBIT,2701.05,2026-07-26,ONLINE,CAD,SUCCESS
902336,50317,DEBIT,3719.8,2026-08-29,ATM,CAD,SUCCESS
902337,50594,DEBIT,257.43,2026-07-31,POS,CAD,SUCCESS
902338,50778,CREDIT,1973.94,2026-07-19,POS,CAD,SUCCESS
902339,51121,CREDIT,3875.73,2026-07-15,ATM,CAD,SUCCESS
902340,50219,DEBIT,4575.86,2026-07-10,ATM,CAD,SUCCESS
902341,51165,CREDIT,4123.2,2026-08-14,POS,CAD,SUCCESS
902342,50204,DEBIT,4382.53,2026-09-28,BRANCH,CAD,SUCCESS
902343,50388,CREDIT,3608.17,2026-08-07,BRANCH,CAD,SUCCESS
902344,50434,DEBIT,956.89,2026-09-19,ONLINE,CAD,SUCCESS
902345,50430,DEBIT,1837.88,2026-08-05,ATM,CAD,SUCCESS
902346,50875,CREDIT,1558.98,2026-08-30,BRANCH,CAD,SUCCESS
902347,50125,DEBIT,3978.59,2026-08-10,ATM,CAD,SUCCESS
902348,50756,DEBIT,362.47,2026-07-03,ATM,CAD,SUCCESS
902349,50299,CREDIT,406.61,2026-08-25,BRANCH,CAD,SUCCESS
902350,50096,CREDIT,2879.42,2026-09-07,POS,CAD,SUCCESS
902351,50445,CREDIT,3365.85,2026-07-24,ONLINE,CAD,SUCCESS
902352,50824,CREDIT,4910.27,2026-08-05,ATM,CAD,SUCCESS
902353,50351,DEBIT,1780.68,2026-07-06,POS,CAD,SUCCESS
902354,50421,DEBIT,1301.94,2026-08-26,BRANCH,CAD,SUCCESS
902355,50429,CREDIT,2206.44,2026-07-13,ONLINE,CAD,SUCCESS
902356,50168,CREDIT,871.86,2026-09-17,POS,CAD,SUCCESS
902357,50979,CREDIT,4823.03,2026-09-27,POS,CAD,SUCCESS
902358,50721,CREDIT,638.35,2026-09-03,ONLINE,CAD,SUCCESS
902359,50538,CREDIT,2841.89,2026-07-19,ATM,CAD,SUCCESS
902360,50534,CREDIT,4560.13,2026-08-22,POS,CAD,SUCCESS
902361,51113,DEBIT,3445.36,2026-08-06,POS,CAD,SUCCESS
902362,50025,CREDIT,720.55,2026-07-23,ONLINE,CAD,SUCCESS
902363,50913,DEBIT,2387.61,2026-07-20,ATM,CAD,SUCCESS
902364,50873,CREDIT,2384.32,2026-07-20,POS,CAD,SUCCESS
902365,51146,DEBIT,3556.94,2026-07-19,POS,CAD,SUCCESS
902366,50098,DEBIT,1469.71,2026-08-02,ONLINE,CAD,SUCCESS
902367,50062,CREDIT,4539.2,2026-09-17,ATM,CAD,SUCCESS
902368,50630,CREDIT,4772.68,2026-07-16,BRANCH,CAD,SUCCESS
902369,50682,DEBIT,313.11,2026-09-21,BRANCH,CAD,SUCCESS
902370,50368,CREDIT,4561.1,2026-07-15,POS,CAD,SUCCESS
902371,50948,CREDIT,1075.32,2026-09-09,POS,CAD,SUCCESS
902372,50588,CREDIT,2717.59,2026-07-09,POS,CAD,SUCCESS
902373,50395,DEBIT,1404.21,2026-08-10,POS,CAD,SUCCESS
902374,51081,CREDIT,3044.01,2026-07-19,ONLINE,CAD,SUCCESS
902375,50842,DEBIT,4795.84,2026-09-06,POS,CAD,SUCCESS
902376,50407,CREDIT,3036.78,2026-08-06,ATM,CAD,SUCCESS
902377,50500,CREDIT,3836.78,2026-08-18,POS,CAD,SUCCESS
902378,50849,CREDIT,4652.8,2026-07-06,POS,CAD,SUCCESS
902379,50534,DEBIT,1981.71,2026-08-14,ONLINE,CAD,SUCCESS
902380,50939,CREDIT,99.15,2026-09-28,BRANCH,CAD,SUCCESS
902381,50284,DEBIT,347.39,2026-08-27,ONLINE,CAD,SUCCESS
902382,51206,DEBIT,4388.81,2026-07-31,POS,CAD,SUCCESS
902383,50403,CREDIT,1331.25,2026-09-06,BRANCH,CAD,SUCCESS
902384,50503,CREDIT,2071.65,2026-08-14,ONLINE,CAD,SUCCESS
902385,51068,DEBIT,3974.81,2026-07-07,ONLINE,CAD,SUCCESS
902386,50889,CREDIT,911.71,2026-08-10,BRANCH,CAD,SUCCESS
902387,50317,CREDIT,3566.43,2026-09-10,ONLINE,CAD,SUCCESS
902388,50596,CREDIT,4590.01,2026-08-24,ATM,CAD,SUCCESS
902389,51085,CREDIT,3114.96,2026-09-12,POS,CAD,SUCCESS
902390,51248,DEBIT,2101.73,2026-07-19,POS,CAD,SUCCESS
902391,50111,DEBIT,1956.91,2026-07-23,POS,CAD,SUCCESS
902392,50599,CREDIT,2309.4,2026-07-23,ONLINE,CAD,SUCCESS
902393,50416,CREDIT,2422.98,2026-08-17,BRANCH,CAD,SUCCESS
902394,50567,CREDIT,2412.49,2026-08-01,ONLINE,CAD,SUCCESS
902395,50926,CREDIT,4432.89,2026-07-21,ATM,CAD,SUCCESS
902396,51227,DEBIT,3153.01,2026-07-03,ONLINE,CAD,SUCCESS
902397,51249,CREDIT,3318.8,2026-08-30,ATM,CAD,SUCCESS
902398,50567,CREDIT,1913.24,2026-07-01,POS,CAD,SUCCESS
902399,50800,DEBIT,4753.96,2026-08-24,BRANCH,CAD,SUCCESS
902400,50338,CREDIT,1652.12,2026-07-30,ONLINE,CAD,SUCCESS
902401,51152,DEBIT,2283.02,2026-07-10,ATM,CAD,SUCCESS
902402,51173,CREDIT,4691.89,2026-07-24,ONLINE,CAD,SUCCESS
902403,50034,DEBIT,3673.42,2026-08-20,BRANCH,CAD,SUCCESS
902404,51002,DEBIT,769.63,2026-09-25,ATM,CAD,SUCCESS
902405,51099,CREDIT,4512.22,2026-07-24,BRANCH,CAD,SUCCESS
902406,50153,DEBIT,833.77,2026-09-09,BRANCH,CAD,SUCCESS
902407,50709,DEBIT,2295.81,2026-09-09,BRANCH,CAD,SUCCESS
902408,50538,DEBIT,4627.3,2026-07-23,ONLINE,CAD,SUCCESS
902409,50053,DEBIT,2708.45,2026-07-19,ATM,CAD,SUCCESS
902410,50121,CREDIT,2260.78,2026-08-11,ONLINE,CAD,SUCCESS
902411,50792,DEBIT,3973.11,2026-07-04,ATM,CAD,SUCCESS
902412,50941,DEBIT,879.71,2026-07-19,POS,CAD,SUCCESS
902413,51151,DEBIT,1976.98,2026-08-16,POS,CAD,SUCCESS
902414,50084,DEBIT,1455.79,2026-07-13,ATM,CAD,SUCCESS
902415,51109,CREDIT,3480.81,2026-07-14,ONLINE,CAD,SUCCESS
902416,50909,CREDIT,2040.2,2026-07-18,ATM,CAD,SUCCESS
902417,50160,CREDIT,3687.5,2026-07-17,BRANCH,CAD,SUCCESS
902418,50917,CREDIT,3212.95,2026-08-28,ONLINE,CAD,SUCCESS
902419,50735,DEBIT,3562.27,2026-08-16,ATM,CAD,SUCCESS
902420,50856,DEBIT,3480.18,2026-09-21,BRANCH,CAD,SUCCESS
902421,50243,CREDIT,3322.68,2026-08-31,ONLINE,CAD,SUCCESS
902422,50190,CREDIT,2093.58,2026-09-17,POS,CAD,SUCCESS
902423,51120,DEBIT,4646.19,2026-09-28,BRANCH,CAD,SUCCESS
902424,50523,CREDIT,2438.42,2026-07-07,BRANCH,CAD,SUCCESS
902425,50339,CREDIT,2784.84,2026-09-17,POS,CAD,SUCCESS
902426,50090,DEBIT,3555.41,2026-09-23,BRANCH,CAD,SUCCESS
902427,50218,DEBIT,4282.06,2026-08-29,ONLINE,CAD,SUCCESS
902428,50201,CREDIT,1159.08,2026-09-03,ONLINE,CAD,SUCCESS
902429,50713,DEBIT,1696.65,2026-09-02,ONLINE,CAD,SUCCESS
902430,50944,DEBIT,3302.43,2026-08-06,BRANCH,CAD,SUCCESS
902431,50602,DEBIT,4867.72,2026-09-19,ONLINE,CAD,SUCCESS
902432,50208,DEBIT,2977.17,2026-07-02,ATM,CAD,SUCCESS
902433,50194,CREDIT,3904.18,2026-07-18,ONLINE,CAD,SUCCESS
902434,50482,DEBIT,4348.1,2026-09-04,POS,CAD,SUCCESS
902435,50091,DEBIT,4270.56,2026-09-20,BRANCH,CAD,SUCCESS
902436,50345,CREDIT,1367.79,2026-07-05,POS,CAD,SUCCESS
902437,50372,CREDIT,2394.16,2026-09-23,BRANCH,CAD,SUCCESS
902438,51150,CREDIT,4689.21,2026-07-28,ONLINE,CAD,SUCCESS
902439,50425,DEBIT,234.69,2026-07-06,BRANCH,CAD,SUCCESS
902440,50434,DEBIT,660.79,2026-09-13,BRANCH,CAD,SUCCESS
902441,50961,CREDIT,2192.93,2026-07-27,POS,CAD,SUCCESS
902442,50024,DEBIT,34.94,2026-07-29,POS,CAD,SUCCESS
902443,50493,CREDIT,3133.66,2026-09-01,ATM,CAD,SUCCESS
902444,51099,DEBIT,2886.79,2026-07-17,ATM,CAD,SUCCESS
902445,50213,DEBIT,939.45,2026-09-23,POS,CAD,SUCCESS
902446,50814,DEBIT,3610.33,2026-09-27,ATM,CAD,SUCCESS
902447,50471,CREDIT,2494.43,2026-09-02,ONLINE,CAD,SUCCESS
902448,50725,DEBIT,331.18,2026-08-31,ONLINE,CAD,SUCCESS
902449,50988,CREDIT,999.82,2026-08-14,ONLINE,CAD,SUCCESS
902450,51182,CREDIT,1110.19,2026-08-15,ATM,CAD,SUCCESS
902451,51029,CREDIT,3407.46,2026-09-06,ONLINE,CAD,SUCCESS
902452,50845,CREDIT,1153.34,2026-08-05,ONLINE,CAD,SUCCESS
902453,50216,DEBIT,4105.21,2026-07-11,BRANCH,CAD,SUCCESS
902454,50457,CREDIT,4819.4,2026-08-10,ATM,CAD,SUCCESS
902455,50254,CREDIT,2411.75,2026-09-11,BRANCH,CAD,SUCCESS
902456,50464,DEBIT,832.1,2026-07-25,BRANCH,CAD,SUCCESS
902457,50161,DEBIT,3892.51,2026-08-08,BRANCH,CAD,SUCCESS
902458,50419,DEBIT,1256.09,2026-08-28,POS,CAD,SUCCESS
902459,50073,CREDIT,945.76,2026-09-29,ONLINE,CAD,SUCCESS
902460,50412,DEBIT,581.9,2026-07-05,ATM,CAD,SUCCESS
902461,50401,DEBIT,811.94,2026-07-28,ONLINE,CAD,SUCCESS
902462,51008,DEBIT,4864.06,2026-07-07,POS,CAD,SUCCESS
902463,50630,DEBIT,4570.6,2026-08-22,ATM,CAD,SUCCESS
902464,50674,DEBIT,2378.2,2026-08-09,ONLINE,CAD,SUCCESS
902465,50240,DEBIT,1619.64,2026-08-08,POS,CAD,SUCCESS
902466,50387,CREDIT,4917.23,2026-07-20,BRANCH,CAD,SUCCESS
902467,50579,CREDIT,3062.55,2026-08-31,ONLINE,CAD,SUCCESS
902468,50082,CREDIT,3451.23,2026-08-11,POS,CAD,SUCCESS
902469,50145,DEBIT,3791.45,2026-08-22,ONLINE,CAD,SUCCESS
902470,50434,DEBIT,3133.4,2026-07-07,ATM,CAD,SUCCESS
902471,50381,CREDIT,4873.83,2026-08-31,ONLINE,CAD,SUCCESS
902472,51030,DEBIT,46.1,2026-09-18,BRANCH,CAD,SUCCESS
902473,50359,CREDIT,1381.02,2026-08-11,ONLINE,CAD,SUCCESS
902474,50155,CREDIT,25.63,2026-08-09,ATM,CAD,SUCCESS
902475,50149,CREDIT,1315.53,2026-08-19,POS,CAD,SUCCESS
902476,50809,CREDIT,1716.55,2026-07-25,ATM,CAD,SUCCESS
902477,50833,DEBIT,756.85,2026-07-24,BRANCH,CAD,SUCCESS
902478,50730,CREDIT,321.82,2026-07-27,ATM,CAD,SUCCESS
902479,50395,CREDIT,1722.89,2026-07-20,ONLINE,CAD,SUCCESS
902480,50292,DEBIT,3560.79,2026-08-20,ATM,CAD,SUCCESS
902481,51220,DEBIT,3307.22,2026-07-20,ONLINE,CAD,SUCCESS
902482,50670,DEBIT,3466.06,2026-07-12,POS,CAD,SUCCESS
902483,50526,CREDIT,2164.94,2026-07-12,ATM,CAD,SUCCESS
902484,50526,CREDIT,2745.54,2026-08-14,ATM,CAD,SUCCESS
902485,50231,DEBIT,4600.89,2026-09-20,ONLINE,CAD,SUCCESS
902486,50804,DEBIT,2456.53,2026-07-27,POS,CAD,SUCCESS
902487,51191,DEBIT,743.52,2026-07-01,POS,CAD,SUCCESS
902488,50643,DEBIT,1485.49,2026-08-16,ONLINE,CAD,SUCCESS
902489,50315,CREDIT,32.39,2026-09-18,POS,CAD,SUCCESS
902490,50496,DEBIT,4130.14,2026-09-18,POS,CAD,SUCCESS
902491,50567,CREDIT,3943.76,2026-07-21,BRANCH,CAD,SUCCESS
902492,50340,CREDIT,3267.98,2026-09-28,ONLINE,CAD,SUCCESS
902493,50991,CREDIT,1150.73,2026-07-12,ONLINE,CAD,SUCCESS
902494,50609,DEBIT,3650.25,2026-07-03,ATM,CAD,SUCCESS
902495,51162,CREDIT,1521.22,2026-08-29,ONLINE,CAD,SUCCESS
902496,50107,DEBIT,417.37,2026-08-07,POS,CAD,SUCCESS
902497,50490,DEBIT,4303.2,2026-08-17,BRANCH,CAD,SUCCESS
902498,50953,CREDIT,3684.93,2026-09-01,ONLINE,CAD,SUCCESS
902499,50178,DEBIT,726.73,2026-09-13,ONLINE,CAD,SUCCESS
902500,50167,DEBIT,1171.8,2026-07-12,BRANCH,CAD,SUCCESS
902501,50796,CREDIT,1012.2,2026-07-24,ATM,CAD,SUCCESS
902502,50677,DEBIT,1584.69,2026-08-04,POS,CAD,SUCCESS
902503,51114,DEBIT,2404.85,2026-08-26,BRANCH,CAD,SUCCESS
902504,50309,DEBIT,400.34,2026-09-20,ATM,CAD,SUCCESS
902505,50625,DEBIT,2002.08,2026-09-02,ONLINE,CAD,SUCCESS
902506,50853,CREDIT,164.19,2026-09-25,ONLINE,CAD,SUCCESS
902507,50015,CREDIT,3036.92,2026-07-03,POS,CAD,SUCCESS
902508,50511,CREDIT,2153.33,2026-09-15,POS,CAD,SUCCESS
902509,51153,DEBIT,260.61,2026-07-15,BRANCH,CAD,SUCCESS
902510,51056,CREDIT,4244.64,2026-09-09,ONLINE,CAD,SUCCESS
902511,50796,CREDIT,4203.99,2026-09-01,ONLINE,CAD,SUCCESS
902512,50761,DEBIT,1213.62,2026-09-11,ONLINE,CAD,SUCCESS
902513,50601,CREDIT,2749.18,2026-09-18,ATM,CAD,SUCCESS
902514,50544,DEBIT,1569.13,2026-07-04,ONLINE,CAD,SUCCESS
902515,50034,CREDIT,578.71,2026-07-21,BRANCH,CAD,SUCCESS
902516,50091,CREDIT,4095.22,2026-09-03,POS,CAD,SUCCESS
902517,50561,CREDIT,3005.96,2026-09-18,ONLINE,CAD,SUCCESS
902518,50723,CREDIT,1924.75,2026-08-03,BRANCH,CAD,SUCCESS
902519,51064,DEBIT,1114.06,2026-07-09,BRANCH,CAD,SUCCESS
902520,50244,DEBIT,2963.17,2026-09-09,ONLINE,CAD,SUCCESS
902521,50024,CREDIT,1225.68,2026-09-01,ONLINE,CAD,SUCCESS
902522,50195,CREDIT,459.58,2026-08-04,ONLINE,CAD,SUCCESS
902523,50881,DEBIT,1113.54,2026-07-02,BRANCH,CAD,SUCCESS
902524,51018,DEBIT,1137.27,2026-07-27,POS,CAD,SUCCESS
902525,50871,DEBIT,1499.27,2026-09-01,ONLINE,CAD,SUCCESS
902526,50776,DEBIT,675.96,2026-07-30,ATM,CAD,SUCCESS
902527,50482,CREDIT,2379.84,2026-09-10,POS,CAD,SUCCESS
902528,50686,CREDIT,1632.3,2026-08-14,ATM,CAD,SUCCESS
902529,50930,CREDIT,62.52,2026-09-26,ATM,CAD,SUCCESS
902530,50755,CREDIT,1197.54,2026-07-16,ONLINE,CAD,SUCCESS
902531,50885,DEBIT,1385.26,2026-07-11,ONLINE,CAD,SUCCESS
902532,50177,CREDIT,20.34,2026-07-25,ONLINE,CAD,SUCCESS
902533,51226,DEBIT,4087.3,2026-07-02,ATM,CAD,SUCCESS
902534,50109,CREDIT,216.92,2026-09-05,POS,CAD,SUCCESS
902535,50259,DEBIT,3717.48,2026-07-11,ONLINE,CAD,SUCCESS
902536,51134,DEBIT,3860.69,2026-07-02,ATM,CAD,SUCCESS
902537,50018,DEBIT,835.65,2026-07-08,ATM,CAD,SUCCESS
902538,50695,DEBIT,4483.03,2026-07-23,POS,CAD,SUCCESS
902539,51230,CREDIT,2061.63,2026-08-30,BRANCH,CAD,SUCCESS
902540,50308,CREDIT,1819.01,2026-07-30,ATM,CAD,SUCCESS
902541,51202,CREDIT,256.67,2026-07-02,POS,CAD,SUCCESS
902542,51089,CREDIT,156.14,2026-07-22,POS,CAD,SUCCESS
902543,50155,CREDIT,2339.98,2026-07-29,ONLINE,CAD,SUCCESS
902544,50368,CREDIT,4608.54,2026-09-21,POS,CAD,SUCCESS
902545,50632,CREDIT,3383.34,2026-09-27,BRANCH,CAD,SUCCESS
902546,50839,CREDIT,4872.73,2026-08-02,BRANCH,CAD,SUCCESS
902547,51190,DEBIT,1137.41,2026-08-08,ATM,CAD,SUCCESS
902548,50669,DEBIT,609.93,2026-09-19,BRANCH,CAD,SUCCESS
902549,51183,CREDIT,3681.52,2026-08-15,BRANCH,CAD,SUCCESS
902550,51196,DEBIT,3860.48,2026-07-10,ATM,CAD,SUCCESS
902551,50089,DEBIT,1191.63,2026-08-31,ONLINE,CAD,SUCCESS
902552,50513,CREDIT,1434.54,2026-07-10,BRANCH,CAD,SUCCESS
902553,50309,CREDIT,1124.77,2026-07-16,POS,CAD,SUCCESS
902554,50661,CREDIT,2744.77,2026-09-28,ONLINE,CAD,SUCCESS
902555,50687,CREDIT,4458.84,2026-07-28,POS,CAD,SUCCESS
902556,51040,CREDIT,3929.07,2026-07-24,POS,CAD,SUCCESS
902557,51197,DEBIT,4094.82,2026-09-02,POS,CAD,SUCCESS
902558,50771,DEBIT,3122.81,2026-08-31,BRANCH,CAD,SUCCESS
902559,50191,CREDIT,4199.9,2026-09-07,ONLINE,CAD,SUCCESS
902560,50774,DEBIT,2756.52,2026-09-15,POS,CAD,SUCCESS
902561,50223,DEBIT,724.29,2026-07-27,BRANCH,CAD,SUCCESS
902562,51007,DEBIT,1873.01,2026-08-20,BRANCH,CAD,SUCCESS
902563,50608,DEBIT,1891.24,2026-08-27,ONLINE,CAD,SUCCESS
902564,51238,DEBIT,4304.72,2026-09-23,ONLINE,CAD,SUCCESS
902565,50831,DEBIT,4425.11,2026-09-04,ONLINE,CAD,SUCCESS
902566,50177,DEBIT,4163.47,2026-07-26,ATM,CAD,SUCCESS
902567,50286,DEBIT,323.22,2026-07-04,BRANCH,CAD,SUCCESS
902568,50590,CREDIT,3463.37,2026-07-21,ONLINE,CAD,SUCCESS
902569,50366,DEBIT,4428.5,2026-07-12,BRANCH,CAD,SUCCESS
902570,50915,CREDIT,4655.46,2026-08-03,ATM,CAD,SUCCESS
902571,50858,CREDIT,4585.76,2026-07-17,ATM,CAD,SUCCESS
902572,50436,CREDIT,2840.44,2026-07-11,ONLINE,CAD,SUCCESS
902573,50236,CREDIT,907.93,2026-07-02,POS,CAD,SUCCESS
902574,51198,CREDIT,4485.4,2026-09-14,POS,CAD,SUCCESS
902575,51017,CREDIT,3590.23,2026-08-21,ATM,CAD,SUCCESS
902576,50552,CREDIT,4165.04,2026-09-26,ATM,CAD,SUCCESS
902577,50853,CREDIT,1580.82,2026-08-20,POS,CAD,SUCCESS
902578,50346,DEBIT,1892.81,2026-08-31,ATM,CAD,SUCCESS
902579,51187,DEBIT,1307.88,2026-09-13,ONLINE,CAD,SUCCESS
902580,50834,CREDIT,813.04,2026-09-27,POS,CAD,SUCCESS
902581,50586,CREDIT,485.12,2026-09-22,POS,CAD,SUCCESS
902582,50471,CREDIT,1446.61,2026-08-09,ONLINE,CAD,SUCCESS
902583,51110,CREDIT,3088.88,2026-09-21,ATM,CAD,SUCCESS
902584,51241,CREDIT,229.87,2026-08-23,ONLINE,CAD,SUCCESS
902585,51017,DEBIT,2339.4,2026-09-18,ATM,CAD,SUCCESS
902586,50853,DEBIT,3457.86,2026-09-07,BRANCH,CAD,SUCCESS
902587,50691,CREDIT,4979.04,2026-08-14,ONLINE,CAD,SUCCESS
902588,51191,CREDIT,3967.47,2026-08-26,BRANCH,CAD,SUCCESS
902589,50905,CREDIT,2681.68,2026-09-24,POS,CAD,SUCCESS
902590,51115,DEBIT,4032.18,2026-07-04,POS,CAD,SUCCESS
902591,50140,DEBIT,2232.39,2026-07-03,ATM,CAD,SUCCESS
902592,50619,DEBIT,182.63,2026-09-08,ATM,CAD,SUCCESS
902593,50399,DEBIT,4857.38,2026-08-06,BRANCH,CAD,SUCCESS
902594,50616,DEBIT,1352.6,2026-08-01,BRANCH,CAD,SUCCESS
902595,50525,CREDIT,1759.9,2026-08-10,POS,CAD,SUCCESS
902596,50426,CREDIT,234.85,2026-09-20,POS,CAD,SUCCESS
902597,50761,DEBIT,3551.7,2026-07-05,ONLINE,CAD,SUCCESS
902598,51064,DEBIT,2255.83,2026-08-24,BRANCH,CAD,SUCCESS
902599,50596,CREDIT,2896.32,2026-08-06,BRANCH,CAD,SUCCESS
902600,50370,DEBIT,4140.5,2026-07-03,ATM,CAD,SUCCESS
902601,51116,DEBIT,2053.72,2026-08-29,ONLINE,CAD,SUCCESS
902602,50267,DEBIT,2599.65,2026-09-20,BRANCH,CAD,SUCCESS
902603,50801,CREDIT,3623.02,2026-07-11,ATM,CAD,SUCCESS
902604,50250,CREDIT,1822.82,2026-07-30,ATM,CAD,SUCCESS
902605,50249,CREDIT,4616.19,2026-08-07,ONLINE,CAD,SUCCESS
902606,51096,CREDIT,2142.61,2026-09-21,ONLINE,CAD,SUCCESS
902607,50477,CREDIT,2965.8,2026-07-04,ONLINE,CAD,SUCCESS
902608,50968,DEBIT,2613.23,2026-08-23,ATM,CAD,SUCCESS
902609,50425,CREDIT,2447.75,2026-09-26,BRANCH,CAD,SUCCESS
902610,50542,DEBIT,4325.85,2026-08-06,POS,CAD,SUCCESS
902611,50478,CREDIT,3107.52,2026-07-29,ATM,CAD,SUCCESS
902612,50185,DEBIT,2455.54,2026-08-12,BRANCH,CAD,SUCCESS
902613,51020,CREDIT,1366.92,2026-07-04,POS,CAD,SUCCESS
902614,51080,DEBIT,2335.72,2026-08-09,ATM,CAD,SUCCESS
902615,50174,CREDIT,866.57,2026-09-27,ONLINE,CAD,SUCCESS
902616,51082,DEBIT,1048.16,2026-08-30,ATM,CAD,SUCCESS
902617,50571,CREDIT,2004.56,2026-07-12,POS,CAD,SUCCESS
902618,50232,CREDIT,918.59,2026-09-28,ONLINE,CAD,SUCCESS
902619,50315,CREDIT,393.94,2026-07-13,ATM,CAD,SUCCESS
902620,51183,DEBIT,2192.98,2026-08-29,ONLINE,CAD,SUCCESS
902621,50813,DEBIT,2021.09,2026-09-20,POS,CAD,SUCCESS
902622,50274,DEBIT,578.83,2026-08-17,ONLINE,CAD,SUCCESS
902623,51046,DEBIT,981.77,2026-09-20,ATM,CAD,SUCCESS
902624,50948,CREDIT,2605.5,2026-09-28,POS,CAD,SUCCESS
902625,50921,DEBIT,1509.57,2026-07-22,POS,CAD,SUCCESS
902626,50296,DEBIT,785.83,2026-09-02,BRANCH,CAD,SUCCESS
902627,50678,DEBIT,1698.48,2026-07-18,BRANCH,CAD,SUCCESS
902628,50061,DEBIT,3815.9,2026-07-05,ATM,CAD,SUCCESS
902629,50339,DEBIT,2589.29,2026-07-05,BRANCH,CAD,SUCCESS
902630,50733,CREDIT,1302.38,2026-09-11,ATM,CAD,SUCCESS
902631,50642,DEBIT,810.96,2026-07-29,ATM,CAD,SUCCESS
902632,50299,CREDIT,1343.29,2026-07-16,POS,CAD,SUCCESS
902633,50311,CREDIT,1259.91,2026-09-18,ONLINE,CAD,SUCCESS
902634,50193,DEBIT,1211.26,2026-07-29,BRANCH,CAD,SUCCESS
902635,51192,CREDIT,4448.77,2026-07-29,ATM,CAD,SUCCESS
902636,50301,CREDIT,4746.42,2026-07-30,POS,CAD,SUCCESS
902637,51015,CREDIT,3886.76,2026-08-10,BRANCH,CAD,SUCCESS
902638,50854,DEBIT,2153.29,2026-07-04,ATM,CAD,SUCCESS
902639,50947,CREDIT,4458.73,2026-08-18,ATM,CAD,SUCCESS
902640,50632,DEBIT,3486.2,2026-09-02,POS,CAD,SUCCESS
902641,51006,DEBIT,4333.31,2026-07-06,BRANCH,CAD,SUCCESS
902642,50928,CREDIT,198.3,2026-09-05,BRANCH,CAD,SUCCESS
902643,51211,DEBIT,4793.67,2026-08-30,POS,CAD,SUCCESS
902644,50055,DEBIT,3661.36,2026-07-11,ATM,CAD,SUCCESS
902645,50032,DEBIT,1167.85,2026-09-17,ATM,CAD,SUCCESS
902646,50533,CREDIT,3210.22,2026-07-06,ONLINE,CAD,SUCCESS
902647,50302,DEBIT,4093.92,2026-07-17,ONLINE,CAD,SUCCESS
902648,50590,CREDIT,4918.04,2026-07-04,POS,CAD,SUCCESS
902649,50280,DEBIT,2169.82,2026-09-08,ATM,CAD,SUCCESS
902650,50792,CREDIT,625.56,2026-09-07,ONLINE,CAD,SUCCESS
902651,50961,DEBIT,1684.24,2026-08-04,POS,CAD,SUCCESS
902652,50875,CREDIT,4723.99,2026-08-17,POS,CAD,SUCCESS
902653,50806,CREDIT,1892.94,2026-08-01,ATM,CAD,SUCCESS
902654,50101,CREDIT,1336.36,2026-08-09,ONLINE,CAD,SUCCESS
902655,51161,CREDIT,4271.03,2026-08-06,ATM,CAD,SUCCESS
902656,50900,CREDIT,284.61,2026-07-31,POS,CAD,SUCCESS
902657,50333,DEBIT,2548.03,2026-08-20,BRANCH,CAD,SUCCESS
902658,50833,CREDIT,1133.09,2026-07-03,POS,CAD,SUCCESS
902659,50079,CREDIT,328.7,2026-09-13,POS,CAD,SUCCESS
902660,50108,DEBIT,2242.76,2026-08-04,ATM,CAD,SUCCESS
902661,50594,CREDIT,4244.07,2026-08-21,BRANCH,CAD,SUCCESS
902662,50849,DEBIT,4264.83,2026-09-07,ONLINE,CAD,SUCCESS
902663,50308,CREDIT,1538.29,2026-07-07,ATM,CAD,SUCCESS
902664,50464,DEBIT,1084.6,2026-07-08,ONLINE,CAD,SUCCESS
902665,50862,DEBIT,2652.49,2026-07-27,ONLINE,CAD,SUCCESS
902666,50719,CREDIT,4870.29,2026-09-11,ATM,CAD,SUCCESS
902667,50664,CREDIT,4320.41,2026-07-21,POS,CAD,SUCCESS
902668,50022,CREDIT,4281.24,2026-07-23,BRANCH,CAD,SUCCESS
902669,51061,CREDIT,2881.52,2026-09-26,ATM,CAD,SUCCESS
902670,50862,CREDIT,2711.51,2026-08-02,ONLINE,CAD,SUCCESS
902671,50964,DEBIT,841.67,2026-08-17,ONLINE,CAD,SUCCESS
902672,50083,DEBIT,4600.38,2026-08-19,POS,CAD,SUCCESS
902673,50849,CREDIT,4969.35,2026-09-26,BRANCH,CAD,SUCCESS
902674,51181,DEBIT,3090.62,2026-09-04,ONLINE,CAD,SUCCESS
902675,50269,CREDIT,4391.08,2026-08-06,ATM,CAD,SUCCESS
902676,50356,CREDIT,1375.79,2026-07-13,POS,CAD,SUCCESS
902677,50189,CREDIT,2614.39,2026-08-31,POS,CAD,SUCCESS
902678,51018,DEBIT,509.38,2026-09-06,ONLINE,CAD,SUCCESS
902679,50322,CREDIT,851.27,2026-08-22,BRANCH,CAD,SUCCESS
902680,50921,CREDIT,2036.1,2026-07-14,POS,CAD,SUCCESS
902681,51106,CREDIT,3390.14,2026-07-12,ATM,CAD,SUCCESS
902682,50068,CREDIT,3482.14,2026-07-18,ATM,CAD,SUCCESS
902683,50304,CREDIT,295.21,2026-09-22,ATM,CAD,SUCCESS
902684,50538,CREDIT,1896.14,2026-08-24,POS,CAD,SUCCESS
902685,50149,CREDIT,19.36,2026-09-02,POS,CAD,SUCCESS
902686,50359,DEBIT,4118.44,2026-07-07,POS,CAD,SUCCESS
902687,50934,DEBIT,3500.58,2026-07-14,POS,CAD,SUCCESS
902688,50038,CREDIT,2431.25,2026-09-11,ONLINE,CAD,SUCCESS
902689,50209,DEBIT,4799.68,2026-08-05,ONLINE,CAD,SUCCESS
902690,50625,DEBIT,4570.12,2026-09-02,ATM,CAD,SUCCESS
902691,50499,DEBIT,2927.35,2026-07-26,ATM,CAD,SUCCESS
902692,50611,DEBIT,2992.6,2026-07-11,ATM,CAD,SUCCESS
902693,51193,CREDIT,572.92,2026-09-06,ATM,CAD,SUCCESS
902694,50490,DEBIT,427.45,2026-07-14,ATM,CAD,SUCCESS
902695,50459,CREDIT,4280.32,2026-07-11,BRANCH,CAD,SUCCESS
902696,50187,DEBIT,4225.01,2026-08-03,POS,CAD,SUCCESS
902697,50302,CREDIT,3831.45,2026-08-15,BRANCH,CAD,SUCCESS
902698,50044,CREDIT,3116.68,2026-09-18,POS,CAD,SUCCESS
902699,50379,CREDIT,2917.05,2026-07-01,ONLINE,CAD,SUCCESS
902700,51174,DEBIT,4284.71,2026-08-31,BRANCH,CAD,SUCCESS
902701,50628,DEBIT,182.96,2026-08-15,ONLINE,CAD,SUCCESS
902702,50551,CREDIT,1011.89,2026-07-10,ATM,CAD,SUCCESS
902703,50673,DEBIT,1563.3,2026-08-21,ATM,CAD,SUCCESS
902704,51050,CREDIT,3290.77,2026-07-31,ONLINE,CAD,SUCCESS
902705,50571,CREDIT,2196.45,2026-09-02,POS,CAD,SUCCESS
902706,50758,CREDIT,2422.44,2026-09-17,BRANCH,CAD,SUCCESS
902707,50371,CREDIT,2935.12,2026-07-19,BRANCH,CAD,SUCCESS
902708,50751,CREDIT,2572.77,2026-08-15,BRANCH,CAD,SUCCESS
902709,51061,DEBIT,2933.05,2026-09-06,POS,CAD,SUCCESS
902710,51194,DEBIT,3444.8,2026-08-22,POS,CAD,SUCCESS
902711,50019,DEBIT,2399.78,2026-07-26,ATM,CAD,SUCCESS
902712,50614,CREDIT,4371.1,2026-08-14,BRANCH,CAD,SUCCESS
902713,51034,DEBIT,3542.53,2026-08-21,BRANCH,CAD,SUCCESS
902714,50801,CREDIT,2338.32,2026-07-05,ONLINE,CAD,SUCCESS
902715,50836,DEBIT,1319.7,2026-08-21,POS,CAD,SUCCESS
902716,50979,DEBIT,1311.1,2026-07-03,BRANCH,CAD,SUCCESS
902717,51203,CREDIT,4208.22,2026-07-22,ATM,CAD,SUCCESS
902718,50679,DEBIT,2502.22,2026-09-09,ATM,CAD,SUCCESS
902719,51232,DEBIT,1620.52,2026-08-30,BRANCH,CAD,SUCCESS
902720,50961,CREDIT,3429.69,2026-08-25,ONLINE,CAD,SUCCESS
902721,50419,CREDIT,401.94,2026-08-09,ONLINE,CAD,SUCCESS
902722,51109,DEBIT,4718.68,2026-09-21,BRANCH,CAD,SUCCESS
902723,50309,CREDIT,1496.04,2026-08-23,ATM,CAD,SUCCESS
902724,50333,CREDIT,4253.65,2026-09-29,ATM,CAD,SUCCESS
902725,50027,DEBIT,3723.49,2026-08-26,POS,CAD,SUCCESS
902726,50814,CREDIT,4843.48,2026-07-31,BRANCH,CAD,SUCCESS
902727,50086,DEBIT,299.78,2026-07-21,POS,CAD,SUCCESS
902728,51130,CREDIT,739.71,2026-09-16,POS,CAD,SUCCESS
902729,50536,CREDIT,3843.15,2026-09-10,POS,CAD,SUCCESS
902730,50565,CREDIT,4444.33,2026-07-16,ATM,CAD,SUCCESS
902731,50759,CREDIT,1607.15,2026-08-24,ONLINE,CAD,SUCCESS
902732,50983,DEBIT,4453.24,2026-07-09,ATM,CAD,SUCCESS
902733,50570,DEBIT,4475.75,2026-08-13,POS,CAD,SUCCESS
902734,50141,CREDIT,219.89,2026-07-24,POS,CAD,SUCCESS
902735,50874,CREDIT,1113.51,2026-08-09,BRANCH,CAD,SUCCESS
902736,50480,DEBIT,197.61,2026-08-25,POS,CAD,SUCCESS
902737,50571,DEBIT,2374.67,2026-08-15,BRANCH,CAD,SUCCESS
902738,50958,DEBIT,3282.9,2026-08-21,POS,CAD,SUCCESS
902739,50656,DEBIT,4419.17,2026-09-20,ATM,CAD,SUCCESS
902740,51155,DEBIT,1983.28,2026-07-29,ATM,CAD,SUCCESS
902741,50386,CREDIT,937.59,2026-07-01,ONLINE,CAD,SUCCESS
902742,50003,DEBIT,931.2,2026-08-15,POS,CAD,SUCCESS
902743,51123,DEBIT,809.0,2026-08-28,ONLINE,CAD,SUCCESS
902744,51213,CREDIT,3208.83,2026-07-22,POS,CAD,SUCCESS
902745,50157,DEBIT,3006.47,2026-09-13,POS,CAD,SUCCESS
902746,51179,DEBIT,4341.48,2026-09-23,POS,CAD,SUCCESS
902747,50962,CREDIT,1286.38,2026-07-09,ONLINE,CAD,SUCCESS
902748,51145,DEBIT,4819.62,2026-08-16,ATM,CAD,SUCCESS
902749,51117,CREDIT,657.85,2026-07-05,BRANCH,CAD,SUCCESS
902750,50740,CREDIT,1874.19,2026-07-29,ONLINE,CAD,SUCCESS
902751,50063,CREDIT,1862.17,2026-07-07,POS,CAD,SUCCESS
902752,50324,DEBIT,2483.48,2026-09-10,ATM,CAD,SUCCESS
902753,50609,DEBIT,1417.38,2026-07-04,ONLINE,CAD,SUCCESS
902754,50050,DEBIT,736.16,2026-09-25,ATM,CAD,SUCCESS
902755,50976,DEBIT,720.2,2026-08-11,ATM,CAD,SUCCESS
902756,50450,DEBIT,4084.21,2026-07-22,POS,CAD,SUCCESS
902757,51111,CREDIT,4274.58,2026-07-15,POS,CAD,SUCCESS
902758,50038,CREDIT,4927.05,2026-08-08,BRANCH,CAD,SUCCESS
902759,50129,CREDIT,337.79,2026-09-22,POS,CAD,SUCCESS
902760,50304,CREDIT,2207.49,2026-07-22,ONLINE,CAD,SUCCESS
902761,50638,DEBIT,1371.91,2026-09-23,POS,CAD,SUCCESS
902762,50153,CREDIT,1010.75,2026-07-25,ATM,CAD,SUCCESS
902763,51007,DEBIT,2835.12,2026-07-30,ONLINE,CAD,SUCCESS
902764,50216,DEBIT,3119.28,2026-08-24,POS,CAD,SUCCESS
902765,50740,CREDIT,2342.81,2026-09-13,POS,CAD,SUCCESS
902766,50744,DEBIT,2203.11,2026-07-18,ONLINE,CAD,SUCCESS
902767,50252,DEBIT,4874.0,2026-07-10,ONLINE,CAD,SUCCESS
902768,50331,DEBIT,2919.11,2026-08-01,POS,CAD,SUCCESS
902769,51234,DEBIT,2279.05,2026-08-08,POS,CAD,SUCCESS
902770,50233,CREDIT,3789.11,2026-08-15,POS,CAD,SUCCESS
902771,50312,DEBIT,1266.13,2026-09-29,ATM,CAD,SUCCESS
902772,51008,CREDIT,3151.59,2026-09-15,ATM,CAD,SUCCESS
902773,50775,CREDIT,2784.06,2026-08-12,BRANCH,CAD,SUCCESS
902774,50200,CREDIT,4392.5,2026-09-29,POS,CAD,SUCCESS
902775,50563,DEBIT,4241.71,2026-08-29,ATM,CAD,SUCCESS
902776,50393,CREDIT,4504.87,2026-07-22,BRANCH,CAD,SUCCESS
902777,50940,DEBIT,3190.3,2026-07-19,ATM,CAD,SUCCESS
902778,50290,DEBIT,2040.33,2026-07-16,BRANCH,CAD,SUCCESS
902779,50438,DEBIT,4157.63,2026-08-22,BRANCH,CAD,SUCCESS
902780,50643,DEBIT,2693.16,2026-07-29,BRANCH,CAD,SUCCESS
902781,51058,DEBIT,3678.29,2026-07-14,ATM,CAD,SUCCESS
902782,50586,DEBIT,1061.79,2026-09-27,ONLINE,CAD,SUCCESS
902783,50077,DEBIT,3732.97,2026-07-24,ATM,CAD,SUCCESS
902784,50233,DEBIT,4645.66,2026-08-05,ATM,CAD,SUCCESS
902785,50599,DEBIT,2122.34,2026-07-18,BRANCH,CAD,SUCCESS
902786,50589,DEBIT,2761.24,2026-09-09,POS,CAD,SUCCESS
902787,50682,CREDIT,561.49,2026-09-14,ATM,CAD,SUCCESS
902788,50223,CREDIT,4737.44,2026-07-12,ATM,CAD,SUCCESS
902789,50398,CREDIT,3910.75,2026-08-18,ATM,CAD,SUCCESS
902790,51248,DEBIT,3322.66,2026-07-01,POS,CAD,SUCCESS
902791,50526,DEBIT,240.26,2026-07-07,BRANCH,CAD,SUCCESS
902792,50589,DEBIT,540.02,2026-09-15,ATM,CAD,SUCCESS
902793,50699,DEBIT,834.6,2026-07-07,ONLINE,CAD,SUCCESS
902794,50634,DEBIT,292.84,2026-08-14,BRANCH,CAD,SUCCESS
902795,50625,DEBIT,4900.9,2026-07-13,POS,CAD,SUCCESS
902796,50224,CREDIT,3807.81,2026-09-20,ATM,CAD,SUCCESS
902797,51138,CREDIT,4855.87,2026-07-07,BRANCH,CAD,SUCCESS
902798,50003,DEBIT,3616.11,2026-07-31,BRANCH,CAD,SUCCESS
902799,50493,CREDIT,492.92,2026-08-31,ONLINE,CAD,SUCCESS
902800,50715,CREDIT,2728.35,2026-07-27,BRANCH,CAD,SUCCESS
902801,50627,DEBIT,4152.66,2026-07-28,BRANCH,CAD,SUCCESS
902802,51030,DEBIT,4195.25,2026-08-04,ONLINE,CAD,SUCCESS
902803,50511,CREDIT,539.64,2026-08-30,POS,CAD,SUCCESS
902804,50985,DEBIT,2746.69,2026-09-26,ONLINE,CAD,SUCCESS
902805,50304,CREDIT,736.65,2026-08-30,BRANCH,CAD,SUCCESS
902806,50249,CREDIT,1668.69,2026-08-17,ATM,CAD,SUCCESS
902807,50759,CREDIT,697.8,2026-08-01,ATM,CAD,SUCCESS
902808,51079,CREDIT,4090.84,2026-09-13,BRANCH,CAD,SUCCESS
902809,50387,DEBIT,2626.73,2026-08-04,ONLINE,CAD,SUCCESS
902810,50933,DEBIT,4477.68,2026-09-17,POS,CAD,SUCCESS
902811,50120,CREDIT,2839.4,2026-08-26,BRANCH,CAD,SUCCESS
902812,50581,CREDIT,2765.36,2026-08-11,POS,CAD,SUCCESS
902813,50071,DEBIT,2832.62,2026-09-03,BRANCH,CAD,SUCCESS
902814,50529,DEBIT,4551.95,2026-08-21,ATM,CAD,SUCCESS
902815,50197,CREDIT,1899.9,2026-09-29,BRANCH,CAD,SUCCESS
902816,51020,CREDIT,1601.66,2026-07-24,BRANCH,CAD,SUCCESS
902817,50229,DEBIT,3257.33,2026-07-17,ATM,CAD,SUCCESS
902818,50134,CREDIT,1546.76,2026-07-15,POS,CAD,SUCCESS
902819,50863,CREDIT,4558.23,2026-08-20,ONLINE,CAD,SUCCESS
902820,50359,CREDIT,1121.88,2026-07-21,BRANCH,CAD,SUCCESS
902821,50592,CREDIT,2431.21,2026-07-07,POS,CAD,SUCCESS
902822,50654,DEBIT,1748.85,2026-07-23,POS,CAD,SUCCESS
902823,50922,DEBIT,3529.23,2026-07-05,ONLINE,CAD,SUCCESS
902824,50087,CREDIT,122.74,2026-09-21,POS,CAD,SUCCESS
902825,50027,CREDIT,4425.57,2026-09-12,BRANCH,CAD,SUCCESS
902826,51050,CREDIT,3931.01,2026-09-02,ONLINE,CAD,SUCCESS
902827,51095,CREDIT,3667.58,2026-08-15,POS,CAD,SUCCESS
902828,50409,CREDIT,3409.86,2026-08-08,ONLINE,CAD,SUCCESS
902829,51161,DEBIT,2570.83,2026-08-28,POS,CAD,SUCCESS
902830,50333,CREDIT,4269.85,2026-08-22,BRANCH,CAD,SUCCESS
902831,50394,CREDIT,1146.72,2026-08-31,ATM,CAD,SUCCESS
902832,50758,CREDIT,3527.62,2026-08-13,BRANCH,CAD,SUCCESS
902833,50819,CREDIT,1891.34,2026-09-20,BRANCH,CAD,SUCCESS
902834,50994,CREDIT,650.91,2026-07-27,BRANCH,CAD,SUCCESS
902835,50902,CREDIT,2662.7,2026-08-09,BRANCH,CAD,SUCCESS
902836,50031,DEBIT,3907.19,2026-08-14,BRANCH,CAD,SUCCESS
902837,50815,DEBIT,3777.01,2026-08-12,BRANCH,CAD,SUCCESS
902838,50141,DEBIT,2968.42,2026-08-02,ATM,CAD,SUCCESS
902839,50756,DEBIT,2926.49,2026-08-10,POS,CAD,SUCCESS
902840,50160,CREDIT,3697.27,2026-08-10,BRANCH,CAD,SUCCESS
902841,50129,CREDIT,3146.33,2026-08-08,ONLINE,CAD,SUCCESS
902842,50273,CREDIT,1564.78,2026-07-27,ATM,CAD,SUCCESS
902843,50402,DEBIT,2215.2,2026-07-29,ATM,CAD,SUCCESS
902844,51027,CREDIT,1057.14,2026-07-05,BRANCH,CAD,SUCCESS
902845,50953,CREDIT,4599.25,2026-09-08,BRANCH,CAD,SUCCESS
902846,50089,CREDIT,239.85,2026-08-01,ONLINE,CAD,SUCCESS
902847,50875,CREDIT,3251.57,2026-08-21,POS,CAD,SUCCESS
902848,50327,DEBIT,548.48,2026-09-02,BRANCH,CAD,SUCCESS
902849,50701,CREDIT,1884.69,2026-08-30,ONLINE,CAD,SUCCESS
902850,50748,CREDIT,4725.87,2026-07-27,ATM,CAD,SUCCESS
902851,50735,CREDIT,3231.6,2026-09-14,BRANCH,CAD,SUCCESS
902852,50882,DEBIT,704.61,2026-09-25,ONLINE,CAD,SUCCESS
902853,50075,CREDIT,2786.86,2026-09-14,ATM,CAD,SUCCESS
902854,50926,CREDIT,1955.24,2026-09-21,POS,CAD,SUCCESS
902855,51041,DEBIT,4133.13,2026-07-27,ONLINE,CAD,SUCCESS
902856,50756,DEBIT,4891.97,2026-09-10,ONLINE,CAD,SUCCESS
902857,51240,DEBIT,3930.46,2026-09-06,BRANCH,CAD,SUCCESS
902858,50754,DEBIT,3045.67,2026-09-18,BRANCH,CAD,SUCCESS
902859,50686,DEBIT,809.09,2026-08-31,BRANCH,CAD,SUCCESS
902860,51114,CREDIT,2231.05,2026-09-07,BRANCH,CAD,SUCCESS
902861,50606,CREDIT,3128.1,2026-07-20,POS,CAD,SUCCESS
902862,50135,DEBIT,3691.31,2026-07-21,POS,CAD,SUCCESS
902863,50562,DEBIT,1499.69,2026-07-07,BRANCH,CAD,SUCCESS
902864,51108,DEBIT,1662.78,2026-09-25,POS,CAD,SUCCESS
902865,50895,CREDIT,1611.92,2026-09-29,ONLINE,CAD,SUCCESS
902866,50232,DEBIT,4764.92,2026-09-10,POS,CAD,SUCCESS
902867,50917,DEBIT,4129.56,2026-07-08,ATM,CAD,SUCCESS
902868,50318,CREDIT,3084.36,2026-08-24,ONLINE,CAD,SUCCESS
902869,50117,DEBIT,265.56,2026-09-12,ONLINE,CAD,SUCCESS
902870,51121,DEBIT,3283.05,2026-09-04,ATM,CAD,SUCCESS
902871,50944,DEBIT,4709.32,2026-07-04,ONLINE,CAD,SUCCESS
902872,50921,DEBIT,89.29,2026-07-29,BRANCH,CAD,SUCCESS
902873,51223,CREDIT,3421.64,2026-09-03,POS,CAD,SUCCESS
902874,51238,CREDIT,1540.06,2026-08-29,ONLINE,CAD,SUCCESS
902875,50244,DEBIT,229.67,2026-09-04,BRANCH,CAD,SUCCESS
902876,50960,DEBIT,1031.78,2026-08-17,BRANCH,CAD,SUCCESS
902877,50346,CREDIT,3398.17,2026-07-04,ATM,CAD,SUCCESS
902878,50206,DEBIT,2940.19,2026-07-07,POS,CAD,SUCCESS
902879,50481,DEBIT,3478.38,2026-08-15,ATM,CAD,SUCCESS
902880,50212,DEBIT,4083.97,2026-07-27,ATM,CAD,SUCCESS
902881,50075,DEBIT,2563.7,2026-08-08,ONLINE,CAD,SUCCESS
902882,50200,DEBIT,465.43,2026-09-14,POS,CAD,SUCCESS
902883,50223,CREDIT,707.28,2026-08-22,BRANCH,CAD,SUCCESS
902884,51107,DEBIT,4154.61,2026-07-19,BRANCH,CAD,SUCCESS
902885,51222,CREDIT,2856.45,2026-07-08,POS,CAD,SUCCESS
902886,51195,DEBIT,3452.9,2026-08-09,BRANCH,CAD,SUCCESS
902887,50004,CREDIT,1385.02,2026-09-21,ONLINE,CAD,SUCCESS
902888,50398,DEBIT,4453.45,2026-09-15,ATM,CAD,SUCCESS
902889,51243,DEBIT,2240.19,2026-08-08,POS,CAD,SUCCESS
902890,50370,CREDIT,3716.12,2026-08-13,BRANCH,CAD,SUCCESS
902891,50263,CREDIT,3290.03,2026-07-08,BRANCH,CAD,SUCCESS
902892,50061,CREDIT,999.53,2026-07-27,BRANCH,CAD,SUCCESS
902893,50668,CREDIT,1489.52,2026-08-17,POS,CAD,SUCCESS
902894,50698,CREDIT,2679.45,2026-09-26,ATM,CAD,SUCCESS
902895,50010,CREDIT,2738.38,2026-09-16,POS,CAD,SUCCESS
902896,51249,DEBIT,2657.17,2026-08-30,POS,CAD,SUCCESS
902897,50660,DEBIT,2580.15,2026-07-29,ONLINE,CAD,SUCCESS
902898,50492,CREDIT,4890.58,2026-09-18,BRANCH,CAD,SUCCESS
902899,50210,DEBIT,4592.95,2026-09-10,BRANCH,CAD,SUCCESS
902900,51046,CREDIT,3968.64,2026-09-14,ATM,CAD,SUCCESS
902901,50414,DEBIT,3813.06,2026-07-30,ONLINE,CAD,SUCCESS
902902,50351,CREDIT,4977.6,2026-08-28,ONLINE,CAD,SUCCESS
902903,50647,CREDIT,3225.11,2026-08-10,POS,CAD,SUCCESS
902904,50496,CREDIT,4761.58,2026-08-15,POS,CAD,SUCCESS
902905,50812,CREDIT,2447.72,2026-07-18,ONLINE,CAD,SUCCESS
902906,50545,CREDIT,4480.71,2026-08-24,ONLINE,CAD,SUCCESS
902907,50224,DEBIT,3502.16,2026-08-21,POS,CAD,SUCCESS
902908,50639,CREDIT,205.2,2026-09-05,BRANCH,CAD,SUCCESS
902909,50889,CREDIT,4442.46,2026-07-25,BRANCH,CAD,SUCCESS
902910,50473,DEBIT,4438.0,2026-08-30,BRANCH,CAD,SUCCESS
902911,51049,DEBIT,2796.33,2026-08-09,BRANCH,CAD,SUCCESS
902912,50589,DEBIT,4833.37,2026-07-17,ATM,CAD,SUCCESS
902913,51083,DEBIT,2801.81,2026-07-23,POS,CAD,SUCCESS
902914,50846,DEBIT,4806.66,2026-08-30,ONLINE,CAD,SUCCESS
902915,50206,CREDIT,2422.6,2026-08-09,ONLINE,CAD,SUCCESS
902916,50473,CREDIT,3857.81,2026-09-12,POS,CAD,SUCCESS
902917,50591,CREDIT,1042.81,2026-07-12,ONLINE,CAD,SUCCESS
902918,50386,CREDIT,2083.16,2026-08-13,BRANCH,CAD,SUCCESS
902919,51131,CREDIT,4208.42,2026-07-04,ATM,CAD,SUCCESS
902920,50450,CREDIT,2562.47,2026-07-14,POS,CAD,SUCCESS
902921,50135,DEBIT,1909.13,2026-07-03,POS,CAD,SUCCESS
902922,51005,DEBIT,1216.71,2026-09-04,BRANCH,CAD,SUCCESS
902923,51106,CREDIT,4451.74,2026-09-05,POS,CAD,SUCCESS
902924,50169,CREDIT,2403.84,2026-08-11,POS,CAD,SUCCESS
902925,50239,CREDIT,2325.74,2026-07-14,ATM,CAD,SUCCESS
902926,50828,DEBIT,1457.13,2026-07-29,BRANCH,CAD,SUCCESS
902927,50756,CREDIT,3172.35,2026-08-22,ONLINE,CAD,SUCCESS
902928,50066,CREDIT,1392.87,2026-08-08,POS,CAD,SUCCESS
902929,50085,CREDIT,2577.03,2026-07-13,BRANCH,CAD,SUCCESS
902930,50082,DEBIT,1209.01,2026-09-12,BRANCH,CAD,SUCCESS
902931,50804,DEBIT,2124.6,2026-09-06,ONLINE,CAD,SUCCESS
902932,50641,CREDIT,3419.35,2026-09-04,ATM,CAD,SUCCESS
902933,50437,DEBIT,2361.43,2026-09-15,ATM,CAD,SUCCESS
902934,50798,CREDIT,830.97,2026-07-26,POS,CAD,SUCCESS
902935,51018,CREDIT,1417.46,2026-07-23,ATM,CAD,SUCCESS
902936,50586,DEBIT,1507.44,2026-07-21,BRANCH,CAD,SUCCESS
902937,50133,CREDIT,4080.65,2026-08-21,BRANCH,CAD,SUCCESS
902938,50385,CREDIT,1296.89,2026-07-29,ATM,CAD,SUCCESS
902939,50172,CREDIT,1818.02,2026-07-26,ATM,CAD,SUCCESS
902940,50965,DEBIT,1472.63,2026-08-31,ATM,CAD,SUCCESS
902941,50971,CREDIT,1376.93,2026-08-12,ATM,CAD,SUCCESS
902942,50736,DEBIT,2939.52,2026-07-08,BRANCH,CAD,SUCCESS
902943,50678,DEBIT,3454.12,2026-09-12,POS,CAD,SUCCESS
902944,50845,DEBIT,2971.9,2026-08-30,ATM,CAD,SUCCESS
902945,50927,DEBIT,175.55,2026-07-08,BRANCH,CAD,SUCCESS
902946,50053,CREDIT,1485.07,2026-09-03,ONLINE,CAD,SUCCESS
902947,50792,DEBIT,4924.29,2026-09-17,POS,CAD,SUCCESS
902948,51170,DEBIT,2793.1,2026-08-27,BRANCH,CAD,SUCCESS
902949,50434,CREDIT,3542.85,2026-08-27,POS,CAD,SUCCESS
902950,51005,CREDIT,2809.48,2026-08-15,ATM,CAD,SUCCESS
902951,50514,DEBIT,3479.98,2026-09-22,ONLINE,CAD,SUCCESS
902952,51175,CREDIT,194.75,2026-09-26,ATM,CAD,SUCCESS
902953,51158,DEBIT,3281.64,2026-07-25,ATM,CAD,SUCCESS
902954,50706,DEBIT,3645.27,2026-09-27,POS,CAD,SUCCESS
902955,50113,CREDIT,4025.5,2026-07-06,BRANCH,CAD,SUCCESS
902956,50362,DEBIT,1915.35,2026-09-25,POS,CAD,SUCCESS
902957,50202,DEBIT,810.28,2026-09-12,ATM,CAD,SUCCESS
902958,51132,DEBIT,4110.21,2026-08-28,ATM,CAD,SUCCESS
902959,50833,CREDIT,1868.37,2026-08-27,BRANCH,CAD,SUCCESS
902960,50933,DEBIT,1320.96,2026-07-22,ONLINE,CAD,SUCCESS
902961,50879,CREDIT,4520.28,2026-08-09,BRANCH,CAD,SUCCESS
902962,50659,CREDIT,4522.71,2026-07-14,ONLINE,CAD,SUCCESS
902963,50265,DEBIT,2382.33,2026-09-25,ONLINE,CAD,SUCCESS
902964,50770,CREDIT,4868.38,2026-08-03,ONLINE,CAD,SUCCESS
902965,50738,DEBIT,883.04,2026-08-14,ONLINE,CAD,SUCCESS
902966,50685,CREDIT,1931.81,2026-09-26,ONLINE,CAD,SUCCESS
902967,50645,CREDIT,4883.26,2026-09-16,ATM,CAD,SUCCESS
902968,50908,DEBIT,4345.99,2026-07-20,POS,CAD,SUCCESS
902969,50458,CREDIT,2697.07,2026-09-14,ATM,CAD,SUCCESS
902970,51178,DEBIT,1272.07,2026-08-19,ONLINE,CAD,SUCCESS
902971,50428,DEBIT,1599.56,2026-07-21,ATM,CAD,SUCCESS
902972,50625,CREDIT,2587.82,2026-07-02,ONLINE,CAD,SUCCESS
902973,50616,DEBIT,4317.75,2026-08-18,POS,CAD,SUCCESS
902974,50256,CREDIT,1019.6,2026-08-02,ATM,CAD,SUCCESS
902975,50341,CREDIT,4839.47,2026-07-18,BRANCH,CAD,SUCCESS
902976,50176,CREDIT,268.11,2026-08-01,POS,CAD,SUCCESS
902977,50129,CREDIT,3301.62,2026-07-09,POS,CAD,SUCCESS
902978,50648,DEBIT,1255.57,2026-07-03,BRANCH,CAD,SUCCESS
902979,50501,DEBIT,2105.36,2026-07-06,BRANCH,CAD,SUCCESS
902980,50773,DEBIT,2830.68,2026-07-21,ONLINE,CAD,SUCCESS
902981,50241,DEBIT,3761.85,2026-08-14,POS,CAD,SUCCESS
902982,50059,CREDIT,2807.64,2026-09-14,POS,CAD,SUCCESS
902983,50608,CREDIT,4338.27,2026-07-26,BRANCH,CAD,SUCCESS
902984,50554,CREDIT,106.92,2026-07-08,POS,CAD,SUCCESS
902985,51160,CREDIT,444.21,2026-07-25,BRANCH,CAD,SUCCESS
902986,51171,CREDIT,4981.7,2026-07-01,ONLINE,CAD,SUCCESS
902987,50397,DEBIT,599.13,2026-08-12,ONLINE,CAD,SUCCESS
902988,51124,CREDIT,4441.59,2026-08-03,POS,CAD,SUCCESS
902989,50144,DEBIT,914.63,2026-07-01,ATM,CAD,SUCCESS
902990,50205,DEBIT,2343.61,2026-08-05,POS,CAD,SUCCESS
902991,50400,CREDIT,4491.05,2026-08-28,ONLINE,CAD,SUCCESS
902992,51134,CREDIT,1988.49,2026-07-08,ATM,CAD,SUCCESS
902993,50429,DEBIT,657.0,2026-09-26,BRANCH,CAD,SUCCESS
902994,50480,DEBIT,2829.46,2026-08-26,BRANCH,CAD,SUCCESS
902995,51072,DEBIT,4831.19,2026-09-06,ATM,CAD,SUCCESS
902996,51104,CREDIT,1913.34,2026-07-07,ONLINE,CAD,SUCCESS
902997,50230,CREDIT,3486.49,2026-07-22,ONLINE,CAD,SUCCESS
902998,51167,DEBIT,2255.55,2026-09-16,BRANCH,CAD,SUCCESS
902999,50846,CREDIT,1962.67,2026-08-15,BRANCH,CAD,SUCCESS
903000,50096,CREDIT,3617.97,2026-08-15,ATM,CAD,SUCCESS
903001,50837,CREDIT,4751.36,2026-07-08,POS,CAD,SUCCESS
903002,51127,CREDIT,1199.52,2026-07-16,BRANCH,CAD,SUCCESS
903003,50310,CREDIT,2319.58,2026-07-28,ONLINE,CAD,SUCCESS
903004,51210,DEBIT,4563.13,2026-09-29,ONLINE,CAD,SUCCESS
903005,50928,CREDIT,2232.69,2026-09-20,ATM,CAD,SUCCESS
903006,50150,CREDIT,3600.7,2026-08-30,POS,CAD,SUCCESS
903007,50237,DEBIT,2905.11,2026-07-23,ATM,CAD,SUCCESS
903008,50800,CREDIT,2897.08,2026-09-19,ATM,CAD,SUCCESS
903009,50071,CREDIT,4862.64,2026-08-17,BRANCH,CAD,SUCCESS
903010,50499,CREDIT,2537.71,2026-09-25,POS,CAD,SUCCESS
903011,50194,CREDIT,2893.6,2026-07-03,POS,CAD,SUCCESS
903012,51011,DEBIT,3444.8,2026-09-12,ATM,CAD,SUCCESS
903013,50015,CREDIT,886.89,2026-08-24,ONLINE,CAD,SUCCESS
903014,50418,DEBIT,4738.22,2026-07-28,BRANCH,CAD,SUCCESS
903015,50042,DEBIT,2398.6,2026-09-18,POS,CAD,SUCCESS
903016,51194,CREDIT,71.12,2026-07-01,BRANCH,CAD,SUCCESS
903017,50307,CREDIT,3344.3,2026-08-22,ONLINE,CAD,SUCCESS
903018,50343,DEBIT,3994.69,2026-09-15,BRANCH,CAD,SUCCESS
903019,50339,CREDIT,3768.76,2026-08-11,POS,CAD,SUCCESS
903020,50496,CREDIT,3639.84,2026-08-07,BRANCH,CAD,SUCCESS
903021,50525,CREDIT,1114.98,2026-08-24,ATM,CAD,SUCCESS
903022,50069,DEBIT,3238.49,2026-09-16,POS,CAD,SUCCESS
903023,50116,DEBIT,4244.58,2026-08-09,BRANCH,CAD,SUCCESS
903024,50351,CREDIT,4273.46,2026-09-11,ATM,CAD,SUCCESS
903025,50218,DEBIT,2683.45,2026-08-20,ONLINE,CAD,SUCCESS
903026,50796,DEBIT,557.33,2026-09-27,ATM,CAD,SUCCESS
903027,50965,CREDIT,2967.91,2026-08-08,POS,CAD,SUCCESS
903028,50937,CREDIT,4795.37,2026-09-14,POS,CAD,SUCCESS
903029,50333,CREDIT,2373.68,2026-07-25,BRANCH,CAD,SUCCESS
903030,50252,DEBIT,2310.31,2026-07-23,ATM,CAD,SUCCESS
903031,50020,DEBIT,382.45,2026-09-22,ATM,CAD,SUCCESS
903032,50868,CREDIT,4796.48,2026-08-30,BRANCH,CAD,SUCCESS
903033,50300,CREDIT,4628.76,2026-07-24,ATM,CAD,SUCCESS
903034,50449,CREDIT,1374.84,2026-07-11,BRANCH,CAD,SUCCESS
903035,50792,CREDIT,3776.07,2026-07-24,ONLINE,CAD,SUCCESS
903036,50365,DEBIT,4136.05,2026-08-02,POS,CAD,SUCCESS
903037,50325,DEBIT,3717.61,2026-08-25,ATM,CAD,SUCCESS
903038,50249,DEBIT,918.75,2026-08-13,ONLINE,CAD,SUCCESS
903039,50516,DEBIT,4513.18,2026-07-13,BRANCH,CAD,SUCCESS
903040,50893,DEBIT,2855.05,2026-08-23,POS,CAD,SUCCESS
903041,51061,DEBIT,1006.65,2026-08-13,ATM,CAD,SUCCESS
903042,50099,DEBIT,3950.03,2026-09-13,ONLINE,CAD,SUCCESS
903043,50073,CREDIT,1566.41,2026-08-03,ATM,CAD,SUCCESS
903044,51110,DEBIT,4458.74,2026-09-27,BRANCH,CAD,SUCCESS
903045,50209,CREDIT,4681.08,2026-08-06,BRANCH,CAD,SUCCESS
903046,51229,CREDIT,1416.74,2026-09-10,ATM,CAD,SUCCESS
903047,50350,CREDIT,4569.19,2026-07-29,ATM,CAD,SUCCESS
903048,50764,DEBIT,4369.51,2026-07-05,POS,CAD,SUCCESS
903049,50051,DEBIT,3515.22,2026-07-03,ONLINE,CAD,SUCCESS
903050,50933,CREDIT,4772.36,2026-09-10,POS,CAD,SUCCESS
903051,50411,CREDIT,4310.76,2026-08-09,BRANCH,CAD,SUCCESS
903052,50342,CREDIT,507.17,2026-07-04,BRANCH,CAD,SUCCESS
903053,50875,CREDIT,4264.29,2026-08-04,ONLINE,CAD,SUCCESS
903054,50039,DEBIT,3637.03,2026-09-18,BRANCH,CAD,SUCCESS
903055,50442,CREDIT,2934.04,2026-09-07,POS,CAD,SUCCESS
903056,50618,DEBIT,4285.7,2026-09-24,ATM,CAD,SUCCESS
903057,50287,DEBIT,3757.83,2026-08-12,ATM,CAD,SUCCESS
903058,50062,DEBIT,3809.29,2026-09-11,BRANCH,CAD,SUCCESS
903059,50045,DEBIT,2918.4,2026-07-12,ATM,CAD,SUCCESS
903060,50625,DEBIT,3106.71,2026-07-04,ATM,CAD,SUCCESS
903061,50137,DEBIT,4256.03,2026-09-07,POS,CAD,SUCCESS
903062,50936,CREDIT,181.12,2026-09-11,POS,CAD,SUCCESS
903063,50928,CREDIT,496.55,2026-07-25,POS,CAD,SUCCESS
903064,50693,DEBIT,3352.15,2026-08-04,ATM,CAD,SUCCESS
903065,51177,CREDIT,2486.06,2026-09-23,ATM,CAD,SUCCESS
903066,50954,CREDIT,3073.68,2026-08-07,ATM,CAD,SUCCESS
903067,50564,CREDIT,1269.51,2026-07-09,POS,CAD,SUCCESS
903068,50853,DEBIT,266.5,2026-07-27,ATM,CAD,SUCCESS
903069,50668,DEBIT,2326.86,2026-08-10,ONLINE,CAD,SUCCESS
903070,50127,DEBIT,2729.0,2026-09-20,POS,CAD,SUCCESS
903071,50833,DEBIT,66.5,2026-07-18,ATM,CAD,SUCCESS
903072,51095,DEBIT,2608.9,2026-07-11,ONLINE,CAD,SUCCESS
903073,50138,DEBIT,3777.66,2026-07-17,ATM,CAD,SUCCESS
903074,50983,CREDIT,4613.81,2026-08-29,POS,CAD,SUCCESS
903075,50433,CREDIT,464.27,2026-07-07,POS,CAD,SUCCESS
903076,50228,DEBIT,264.51,2026-07-26,POS,CAD,SUCCESS
903077,50664,CREDIT,41.37,2026-07-25,BRANCH,CAD,SUCCESS
903078,50637,CREDIT,740.6,2026-08-26,POS,CAD,SUCCESS
903079,50240,CREDIT,714.82,2026-09-26,ONLINE,CAD,SUCCESS
903080,50844,CREDIT,1044.94,2026-07-02,BRANCH,CAD,SUCCESS
903081,51128,CREDIT,650.42,2026-09-11,ATM,CAD,SUCCESS
903082,50148,CREDIT,4002.86,2026-08-08,POS,CAD,SUCCESS
903083,50045,DEBIT,2924.53,2026-08-19,ONLINE,CAD,SUCCESS
903084,51189,CREDIT,4630.49,2026-08-31,ATM,CAD,SUCCESS
903085,50502,CREDIT,2554.44,2026-07-01,ATM,CAD,SUCCESS
903086,51105,DEBIT,1808.7,2026-09-16,POS,CAD,SUCCESS
903087,50011,CREDIT,1315.1,2026-08-07,POS,CAD,SUCCESS
903088,50175,CREDIT,4485.21,2026-07-08,ATM,CAD,SUCCESS
903089,50781,CREDIT,1801.33,2026-08-31,POS,CAD,SUCCESS
903090,50824,DEBIT,1893.43,2026-07-28,ATM,CAD,SUCCESS
903091,51026,DEBIT,4181.31,2026-07-22,BRANCH,CAD,SUCCESS
903092,50548,CREDIT,4794.07,2026-09-06,POS,CAD,SUCCESS
903093,50865,DEBIT,523.67,2026-07-27,ATM,CAD,SUCCESS
903094,50457,CREDIT,249.55,2026-08-25,ATM,CAD,SUCCESS
903095,51236,CREDIT,4342.76,2026-09-12,BRANCH,CAD,SUCCESS
903096,50174,DEBIT,4052.26,2026-09-23,POS,CAD,SUCCESS
903097,51232,DEBIT,4769.95,2026-09-06,ONLINE,CAD,SUCCESS
903098,50480,DEBIT,3650.39,2026-08-14,ONLINE,CAD,SUCCESS
903099,50493,CREDIT,2085.17,2026-07-06,POS,CAD,SUCCESS
903100,50200,CREDIT,4346.3,2026-09-01,BRANCH,CAD,SUCCESS
903101,50844,DEBIT,2989.24,2026-07-02,ATM,CAD,SUCCESS
903102,50506,DEBIT,4053.4,2026-08-31,POS,CAD,SUCCESS
903103,51249,DEBIT,795.11,2026-09-28,BRANCH,CAD,SUCCESS
903104,50705,CREDIT,4428.61,2026-08-13,ONLINE,CAD,SUCCESS
903105,50112,DEBIT,2167.83,2026-08-01,ATM,CAD,SUCCESS
903106,50205,CREDIT,2428.38,2026-09-03,ONLINE,CAD,SUCCESS
903107,50733,DEBIT,1971.46,2026-08-27,BRANCH,CAD,SUCCESS
903108,50826,CREDIT,2794.39,2026-08-24,ATM,CAD,SUCCESS
903109,50056,DEBIT,1383.91,2026-07-01,BRANCH,CAD,SUCCESS
903110,50177,CREDIT,3644.25,2026-07-17,ATM,CAD,SUCCESS
903111,50302,CREDIT,92.4,2026-08-02,POS,CAD,SUCCESS
903112,50299,CREDIT,4137.15,2026-07-18,POS,CAD,SUCCESS
903113,51069,DEBIT,2195.51,2026-07-12,BRANCH,CAD,SUCCESS
903114,51029,CREDIT,4805.43,2026-08-04,BRANCH,CAD,SUCCESS
903115,50018,CREDIT,4086.75,2026-08-19,ATM,CAD,SUCCESS
903116,50763,CREDIT,3509.07,2026-08-26,POS,CAD,SUCCESS
903117,50630,DEBIT,2424.9,2026-07-17,POS,CAD,SUCCESS
903118,51072,CREDIT,1218.12,2026-07-21,ATM,CAD,SUCCESS
903119,50445,DEBIT,3136.4,2026-08-12,ATM,CAD,SUCCESS
903120,50994,CREDIT,2794.76,2026-08-13,ATM,CAD,SUCCESS
903121,50370,DEBIT,3540.53,2026-07-29,POS,CAD,SUCCESS
903122,50828,CREDIT,3539.78,2026-07-28,POS,CAD,SUCCESS
903123,50206,DEBIT,2087.75,2026-07-01,ONLINE,CAD,SUCCESS
903124,51235,DEBIT,2759.49,2026-07-04,POS,CAD,SUCCESS
903125,50527,CREDIT,1670.87,2026-08-14,ONLINE,CAD,SUCCESS
903126,50725,DEBIT,1611.02,2026-07-31,ONLINE,CAD,SUCCESS
903127,50815,DEBIT,1548.11,2026-08-26,ONLINE,CAD,SUCCESS
903128,50121,CREDIT,4593.1,2026-07-31,ATM,CAD,SUCCESS
903129,50322,CREDIT,2771.64,2026-09-25,POS,CAD,SUCCESS
903130,50666,CREDIT,4086.52,2026-08-17,POS,CAD,SUCCESS
903131,51179,DEBIT,1362.15,2026-07-03,POS,CAD,SUCCESS
903132,51221,DEBIT,2186.39,2026-09-22,BRANCH,CAD,SUCCESS
903133,50939,DEBIT,3174.79,2026-07-01,BRANCH,CAD,SUCCESS
903134,51091,CREDIT,3509.26,2026-09-18,POS,CAD,SUCCESS
903135,50526,DEBIT,2701.33,2026-08-02,ATM,CAD,SUCCESS
903136,51169,DEBIT,2500.99,2026-07-09,ONLINE,CAD,SUCCESS
903137,50871,CREDIT,2765.87,2026-07-18,ONLINE,CAD,SUCCESS
903138,50359,CREDIT,2469.99,2026-09-02,BRANCH,CAD,SUCCESS
903139,50526,CREDIT,672.4,2026-07-06,ONLINE,CAD,SUCCESS
903140,50218,CREDIT,138.68,2026-07-03,ATM,CAD,SUCCESS
903141,50553,CREDIT,3033.43,2026-08-14,ATM,CAD,SUCCESS
903142,50616,CREDIT,117.24,2026-07-27,POS,CAD,SUCCESS
903143,51016,DEBIT,1077.72,2026-08-15,POS,CAD,SUCCESS
903144,50636,CREDIT,3320.19,2026-07-12,BRANCH,CAD,SUCCESS
903145,50396,CREDIT,3810.91,2026-09-14,POS,CAD,SUCCESS
903146,50272,DEBIT,4875.01,2026-07-18,BRANCH,CAD,SUCCESS
903147,50840,CREDIT,730.02,2026-09-25,ONLINE,CAD,SUCCESS
903148,51173,DEBIT,3460.5,2026-07-10,ATM,CAD,SUCCESS
903149,50079,CREDIT,852.99,2026-08-08,POS,CAD,SUCCESS
903150,50506,DEBIT,4151.93,2026-09-09,ATM,CAD,SUCCESS
903151,51025,DEBIT,3904.37,2026-07-17,ATM,CAD,SUCCESS
903152,50482,DEBIT,624.12,2026-08-28,ONLINE,CAD,SUCCESS
903153,50024,DEBIT,4859.89,2026-08-29,POS,CAD,SUCCESS
903154,50444,CREDIT,2091.98,2026-07-26,ATM,CAD,SUCCESS
903155,50939,DEBIT,169.39,2026-07-26,ONLINE,CAD,SUCCESS
903156,51245,CREDIT,2262.51,2026-09-04,ATM,CAD,SUCCESS
903157,50029,CREDIT,2705.33,2026-08-12,ATM,CAD,SUCCESS
903158,50850,DEBIT,2295.89,2026-07-18,ATM,CAD,SUCCESS
903159,51206,DEBIT,2434.13,2026-09-15,ATM,CAD,SUCCESS
903160,51030,DEBIT,4904.42,2026-09-20,ONLINE,CAD,SUCCESS
903161,50719,CREDIT,641.08,2026-09-23,ONLINE,CAD,SUCCESS
903162,50602,CREDIT,4332.31,2026-08-10,ATM,CAD,SUCCESS
903163,51089,CREDIT,192.45,2026-08-21,POS,CAD,SUCCESS
903164,50117,DEBIT,635.54,2026-07-05,ATM,CAD,SUCCESS
903165,51097,DEBIT,2788.91,2026-07-04,ONLINE,CAD,SUCCESS
903166,51092,DEBIT,1289.19,2026-07-31,POS,CAD,SUCCESS
903167,50510,DEBIT,1288.86,2026-08-16,ATM,CAD,SUCCESS
903168,50633,CREDIT,3687.33,2026-09-11,ATM,CAD,SUCCESS
903169,50641,DEBIT,3067.62,2026-09-15,ATM,CAD,SUCCESS
903170,50977,DEBIT,1322.11,2026-08-08,BRANCH,CAD,SUCCESS
903171,50450,DEBIT,1407.74,2026-08-25,POS,CAD,SUCCESS
903172,50651,CREDIT,4846.7,2026-07-29,POS,CAD,SUCCESS
903173,50627,DEBIT,3266.81,2026-09-20,BRANCH,CAD,SUCCESS
903174,50483,DEBIT,186.11,2026-07-02,ATM,CAD,SUCCESS
903175,50362,DEBIT,4053.16,2026-09-09,POS,CAD,SUCCESS
903176,50405,DEBIT,1038.46,2026-07-04,BRANCH,CAD,SUCCESS
903177,50208,DEBIT,4689.08,2026-09-24,ATM,CAD,SUCCESS
903178,50449,DEBIT,3979.33,2026-09-21,POS,CAD,SUCCESS
903179,51222,DEBIT,1579.24,2026-08-19,ATM,CAD,SUCCESS
903180,50472,CREDIT,3271.46,2026-09-23,BRANCH,CAD,SUCCESS
903181,50023,DEBIT,2598.81,2026-07-09,ATM,CAD,SUCCESS
903182,50730,CREDIT,137.66,2026-08-06,BRANCH,CAD,SUCCESS
903183,50703,DEBIT,3607.55,2026-08-11,ONLINE,CAD,SUCCESS
903184,50790,CREDIT,3654.57,2026-08-28,ONLINE,CAD,SUCCESS
903185,50314,DEBIT,3824.1,2026-08-11,ATM,CAD,SUCCESS
903186,50831,CREDIT,4025.39,2026-08-15,BRANCH,CAD,SUCCESS
903187,50582,DEBIT,1706.26,2026-07-18,ATM,CAD,SUCCESS
903188,50766,DEBIT,3659.35,2026-08-25,ONLINE,CAD,SUCCESS
903189,50727,DEBIT,3094.62,2026-07-11,POS,CAD,SUCCESS
903190,50554,DEBIT,2751.18,2026-07-02,ONLINE,CAD,SUCCESS
903191,51169,DEBIT,3359.24,2026-09-17,POS,CAD,SUCCESS
903192,50276,CREDIT,1000.48,2026-08-28,POS,CAD,SUCCESS
903193,50810,CREDIT,286.01,2026-08-23,ONLINE,CAD,SUCCESS
903194,50060,CREDIT,2834.53,2026-08-20,ATM,CAD,SUCCESS
903195,50736,CREDIT,3531.26,2026-07-10,ONLINE,CAD,SUCCESS
903196,50817,DEBIT,2821.22,2026-09-08,ONLINE,CAD,SUCCESS
903197,50513,DEBIT,3631.36,2026-09-22,POS,CAD,SUCCESS
903198,51097,CREDIT,2853.96,2026-07-19,POS,CAD,SUCCESS
903199,50956,DEBIT,1493.66,2026-07-05,BRANCH,CAD,SUCCESS
903200,50133,CREDIT,2491.22,2026-07-17,BRANCH,CAD,SUCCESS
903201,50595,CREDIT,943.15,2026-09-27,BRANCH,CAD,SUCCESS
903202,50706,DEBIT,2574.21,2026-08-17,ATM,CAD,SUCCESS
903203,51026,DEBIT,2519.55,2026-09-07,BRANCH,CAD,SUCCESS
903204,50587,CREDIT,4860.13,2026-08-31,BRANCH,CAD,SUCCESS
903205,50621,DEBIT,252.99,2026-07-20,BRANCH,CAD,SUCCESS
903206,51097,DEBIT,2771.07,2026-08-11,ONLINE,CAD,SUCCESS
903207,50829,DEBIT,3426.79,2026-09-07,BRANCH,CAD,SUCCESS
903208,50757,CREDIT,2253.12,2026-09-06,BRANCH,CAD,SUCCESS
903209,50091,CREDIT,3251.45,2026-09-07,ATM,CAD,SUCCESS
903210,50171,CREDIT,2078.15,2026-07-08,POS,CAD,SUCCESS
903211,50510,CREDIT,1726.32,2026-09-02,ONLINE,CAD,SUCCESS
903212,50985,CREDIT,4326.68,2026-09-25,ATM,CAD,SUCCESS
903213,51150,DEBIT,1216.72,2026-07-29,ONLINE,CAD,SUCCESS
903214,50584,CREDIT,4865.7,2026-08-16,BRANCH,CAD,SUCCESS
903215,50250,CREDIT,3298.62,2026-08-11,BRANCH,CAD,SUCCESS
903216,50811,CREDIT,18.54,2026-08-03,POS,CAD,SUCCESS
903217,50658,CREDIT,43.83,2026-09-25,BRANCH,CAD,SUCCESS
903218,51058,DEBIT,3787.26,2026-09-24,BRANCH,CAD,SUCCESS
903219,50783,CREDIT,2036.06,2026-08-12,ATM,CAD,SUCCESS
903220,50297,DEBIT,1586.38,2026-09-03,ATM,CAD,SUCCESS
903221,51072,DEBIT,587.8,2026-09-25,ATM,CAD,SUCCESS
903222,50759,CREDIT,4106.47,2026-08-13,POS,CAD,SUCCESS
903223,50897,CREDIT,3973.56,2026-08-26,ONLINE,CAD,SUCCESS
903224,50010,CREDIT,4149.76,2026-07-07,ONLINE,CAD,SUCCESS
903225,50269,DEBIT,627.32,2026-09-03,POS,CAD,SUCCESS
903226,50892,DEBIT,4794.94,2026-09-07,BRANCH,CAD,SUCCESS
903227,51173,DEBIT,570.35,2026-07-10,BRANCH,CAD,SUCCESS
903228,51235,DEBIT,4962.02,2026-07-03,BRANCH,CAD,SUCCESS
903229,50106,CREDIT,4982.02,2026-07-01,BRANCH,CAD,SUCCESS
903230,50547,CREDIT,1179.64,2026-09-19,ONLINE,CAD,SUCCESS
903231,51201,DEBIT,2426.06,2026-09-05,ONLINE,CAD,SUCCESS
903232,50372,DEBIT,4124.88,2026-07-03,ONLINE,CAD,SUCCESS
903233,51146,DEBIT,62.29,2026-07-29,ATM,CAD,SUCCESS
903234,50457,CREDIT,4338.13,2026-07-12,BRANCH,CAD,SUCCESS
903235,50656,DEBIT,3767.39,2026-08-14,BRANCH,CAD,SUCCESS
903236,50789,DEBIT,2771.07,2026-08-09,ATM,CAD,SUCCESS
903237,50730,CREDIT,2034.78,2026-09-04,BRANCH,CAD,SUCCESS
903238,51188,DEBIT,4988.09,2026-07-21,BRANCH,CAD,SUCCESS
903239,50046,CREDIT,4500.98,2026-07-12,POS,CAD,SUCCESS
903240,51209,CREDIT,2333.19,2026-09-17,ONLINE,CAD,SUCCESS
903241,50641,CREDIT,3340.45,2026-08-15,BRANCH,CAD,SUCCESS
903242,50768,CREDIT,4322.68,2026-07-18,POS,CAD,SUCCESS
903243,50999,CREDIT,4586.44,2026-08-11,POS,CAD,SUCCESS
903244,51231,DEBIT,1731.78,2026-08-04,BRANCH,CAD,SUCCESS
903245,51116,DEBIT,4905.08,2026-09-13,POS,CAD,SUCCESS
903246,50669,DEBIT,3986.7,2026-07-23,POS,CAD,SUCCESS
903247,50066,CREDIT,864.46,2026-09-12,ONLINE,CAD,SUCCESS
903248,50011,DEBIT,1366.99,2026-07-02,BRANCH,CAD,SUCCESS
903249,50060,DEBIT,1237.65,2026-08-30,ONLINE,CAD,SUCCESS
903250,51017,CREDIT,3322.05,2026-08-09,ATM,CAD,SUCCESS
903251,50472,DEBIT,957.23,2026-07-06,ATM,CAD,SUCCESS
903252,50514,CREDIT,4215.57,2026-08-12,ONLINE,CAD,SUCCESS
903253,50912,CREDIT,2408.38,2026-09-18,POS,CAD,SUCCESS
903254,50801,DEBIT,4194.98,2026-07-02,ONLINE,CAD,SUCCESS
903255,51044,DEBIT,2928.07,2026-09-09,POS,CAD,SUCCESS
903256,51009,CREDIT,1610.56,2026-07-25,POS,CAD,SUCCESS
903257,50603,DEBIT,1484.36,2026-07-08,ONLINE,CAD,SUCCESS
903258,50270,DEBIT,1141.76,2026-09-27,BRANCH,CAD,SUCCESS
903259,50893,DEBIT,1279.32,2026-08-19,POS,CAD,SUCCESS
903260,50605,DEBIT,3490.32,2026-09-20,POS,CAD,SUCCESS
903261,51246,DEBIT,3553.89,2026-08-01,ONLINE,CAD,SUCCESS
903262,50202,DEBIT,1979.12,2026-09-26,POS,CAD,SUCCESS
903263,50944,CREDIT,1863.99,2026-07-19,ONLINE,CAD,SUCCESS
903264,50663,DEBIT,4682.02,2026-08-01,BRANCH,CAD,SUCCESS
903265,50488,DEBIT,2487.79,2026-09-03,BRANCH,CAD,SUCCESS
903266,50900,CREDIT,1037.09,2026-07-16,ATM,CAD,SUCCESS
903267,51056,CREDIT,4599.14,2026-08-19,POS,CAD,SUCCESS
903268,50791,DEBIT,1629.73,2026-09-07,ONLINE,CAD,SUCCESS
903269,50566,CREDIT,4010.19,2026-07-21,ATM,CAD,SUCCESS
903270,51115,CREDIT,770.67,2026-09-09,BRANCH,CAD,SUCCESS
903271,50331,DEBIT,3999.31,2026-07-20,BRANCH,CAD,SUCCESS
903272,50870,CREDIT,665.4,2026-08-20,ONLINE,CAD,SUCCESS
903273,51048,DEBIT,3347.3,2026-08-23,BRANCH,CAD,SUCCESS
903274,51172,DEBIT,2005.38,2026-07-06,ATM,CAD,SUCCESS
903275,50112,CREDIT,4052.38,2026-07-18,ONLINE,CAD,SUCCESS
903276,50508,CREDIT,4839.68,2026-09-02,POS,CAD,SUCCESS
903277,50189,CREDIT,1604.06,2026-07-18,POS,CAD,SUCCESS
903278,50483,DEBIT,1052.54,2026-09-21,BRANCH,CAD,SUCCESS
903279,50924,CREDIT,3356.44,2026-08-02,POS,CAD,SUCCESS
903280,50296,DEBIT,2121.41,2026-07-22,POS,CAD,SUCCESS
903281,50304,CREDIT,777.52,2026-07-18,POS,CAD,SUCCESS
903282,50356,CREDIT,3534.28,2026-08-17,ONLINE,CAD,SUCCESS
903283,50152,DEBIT,2388.05,2026-07-22,ATM,CAD,SUCCESS
903284,50638,CREDIT,3454.37,2026-07-12,POS,CAD,SUCCESS
903285,50499,DEBIT,4974.78,2026-07-20,ATM,CAD,SUCCESS
903286,50125,CREDIT,1399.78,2026-09-08,POS,CAD,SUCCESS
903287,50706,DEBIT,4089.91,2026-07-17,ONLINE,CAD,SUCCESS
903288,50630,DEBIT,348.33,2026-08-08,POS,CAD,SUCCESS
903289,50220,DEBIT,3398.52,2026-09-15,POS,CAD,SUCCESS
903290,50357,DEBIT,1360.07,2026-07-12,ATM,CAD,SUCCESS
903291,50931,CREDIT,1301.76,2026-08-03,ATM,CAD,SUCCESS
903292,50070,DEBIT,2642.96,2026-09-16,ATM,CAD,SUCCESS
903293,50035,CREDIT,953.52,2026-07-23,ONLINE,CAD,SUCCESS
903294,50821,CREDIT,3468.52,2026-07-20,POS,CAD,SUCCESS
903295,51249,DEBIT,870.05,2026-08-09,BRANCH,CAD,SUCCESS
903296,51171,DEBIT,3232.2,2026-07-05,BRANCH,CAD,SUCCESS
903297,50912,CREDIT,3786.98,2026-07-08,POS,CAD,SUCCESS
903298,50080,CREDIT,1085.52,2026-08-08,BRANCH,CAD,SUCCESS
903299,50435,DEBIT,67.98,2026-08-04,POS,CAD,SUCCESS
903300,50098,CREDIT,3266.03,2026-07-03,BRANCH,CAD,SUCCESS
903301,50849,DEBIT,1562.87,2026-07-09,POS,CAD,SUCCESS
903302,50547,CREDIT,1016.95,2026-09-23,POS,CAD,SUCCESS
903303,50823,CREDIT,1381.12,2026-07-15,ATM,CAD,SUCCESS
903304,50751,DEBIT,83.96,2026-09-12,ATM,CAD,SUCCESS
903305,50798,DEBIT,4677.39,2026-09-01,POS,CAD,SUCCESS
903306,50104,CREDIT,886.38,2026-08-01,BRANCH,CAD,SUCCESS
903307,50895,DEBIT,1597.39,2026-09-10,POS,CAD,SUCCESS
903308,51210,DEBIT,650.77,2026-07-28,ATM,CAD,SUCCESS
903309,50936,CREDIT,328.17,2026-08-25,ATM,CAD,SUCCESS
903310,50803,DEBIT,4316.63,2026-08-26,ONLINE,CAD,SUCCESS
903311,50399,DEBIT,2554.34,2026-09-16,BRANCH,CAD,SUCCESS
903312,50139,CREDIT,1375.23,2026-08-07,ONLINE,CAD,SUCCESS
903313,50605,CREDIT,1757.45,2026-09-29,POS,CAD,SUCCESS
903314,50980,CREDIT,3483.46,2026-09-19,ONLINE,CAD,SUCCESS
903315,50531,DEBIT,4037.04,2026-07-26,POS,CAD,SUCCESS
903316,50442,DEBIT,3489.19,2026-09-13,ONLINE,CAD,SUCCESS
903317,50683,DEBIT,4750.97,2026-07-25,BRANCH,CAD,SUCCESS
903318,51233,DEBIT,4146.68,2026-08-08,BRANCH,CAD,SUCCESS
903319,50970,CREDIT,2273.81,2026-07-06,BRANCH,CAD,SUCCESS
903320,50717,DEBIT,2317.93,2026-07-17,POS,CAD,SUCCESS
903321,51191,DEBIT,2759.98,2026-08-03,POS,CAD,SUCCESS
903322,50727,DEBIT,3817.14,2026-07-18,ATM,CAD,SUCCESS
903323,51081,DEBIT,3161.21,2026-09-18,POS,CAD,SUCCESS
903324,50481,CREDIT,4264.49,2026-09-24,POS,CAD,SUCCESS
903325,51123,DEBIT,1234.84,2026-07-05,ONLINE,CAD,SUCCESS
903326,50062,DEBIT,2057.87,2026-07-17,ONLINE,CAD,SUCCESS
903327,50797,CREDIT,3949.12,2026-09-08,BRANCH,CAD,SUCCESS
903328,50034,CREDIT,2545.77,2026-08-18,ATM,CAD,SUCCESS
903329,50278,CREDIT,4702.33,2026-08-08,POS,CAD,SUCCESS
903330,51105,DEBIT,3013.73,2026-09-09,POS,CAD,SUCCESS
903331,50465,DEBIT,1042.92,2026-09-09,POS,CAD,SUCCESS
903332,50512,CREDIT,3994.73,2026-09-23,ATM,CAD,SUCCESS
903333,50525,CREDIT,514.23,2026-09-07,BRANCH,CAD,SUCCESS
903334,51034,CREDIT,4525.96,2026-09-29,ATM,CAD,SUCCESS
903335,51049,CREDIT,3696.23,2026-09-29,POS,CAD,SUCCESS
903336,51163,CREDIT,3843.53,2026-07-13,POS,CAD,SUCCESS
903337,50476,CREDIT,3015.19,2026-07-22,ONLINE,CAD,SUCCESS
903338,51068,CREDIT,4240.49,2026-08-06,ATM,CAD,SUCCESS
903339,51066,DEBIT,1318.5,2026-08-02,ATM,CAD,SUCCESS
903340,50565,DEBIT,2324.25,2026-07-18,ONLINE,CAD,SUCCESS
903341,50767,CREDIT,1583.29,2026-08-20,ONLINE,CAD,SUCCESS
903342,50235,CREDIT,3442.33,2026-07-14,ATM,CAD,SUCCESS
903343,50572,DEBIT,3470.23,2026-07-19,ATM,CAD,SUCCESS
903344,50422,CREDIT,1578.27,2026-09-27,BRANCH,CAD,SUCCESS
903345,50319,DEBIT,1369.2,2026-08-14,ONLINE,CAD,SUCCESS
903346,51081,CREDIT,3149.2,2026-08-12,ONLINE,CAD,SUCCESS
903347,50032,CREDIT,757.28,2026-07-04,POS,CAD,SUCCESS
903348,50482,DEBIT,3760.59,2026-07-01,ATM,CAD,SUCCESS
903349,50808,CREDIT,1090.9,2026-09-12,BRANCH,CAD,SUCCESS
903350,50026,DEBIT,3961.27,2026-09-03,BRANCH,CAD,SUCCESS
903351,50817,DEBIT,3166.44,2026-08-20,ATM,CAD,SUCCESS
903352,50348,DEBIT,2842.17,2026-07-27,ATM,CAD,SUCCESS
903353,50891,CREDIT,3374.59,2026-08-16,POS,CAD,SUCCESS
903354,50904,CREDIT,1177.65,2026-07-03,BRANCH,CAD,SUCCESS
903355,51118,DEBIT,2002.76,2026-08-10,POS,CAD,SUCCESS
903356,50897,DEBIT,340.54,2026-09-28,POS,CAD,SUCCESS
903357,50507,CREDIT,3337.28,2026-07-14,ONLINE,CAD,SUCCESS
903358,50383,DEBIT,4553.91,2026-07-20,BRANCH,CAD,SUCCESS
903359,50731,DEBIT,1981.76,2026-09-22,ONLINE,CAD,SUCCESS
903360,51078,CREDIT,1632.45,2026-07-14,ONLINE,CAD,SUCCESS
903361,50702,DEBIT,3584.04,2026-09-22,ATM,CAD,SUCCESS
903362,50280,DEBIT,3412.53,2026-08-09,ONLINE,CAD,SUCCESS
903363,50802,CREDIT,3156.78,2026-07-29,ATM,CAD,SUCCESS
903364,50453,DEBIT,3718.13,2026-07-20,ATM,CAD,SUCCESS
903365,50601,CREDIT,33.77,2026-09-23,BRANCH,CAD,SUCCESS
903366,50056,DEBIT,4669.83,2026-08-03,POS,CAD,SUCCESS
903367,50955,CREDIT,2305.38,2026-09-21,ATM,CAD,SUCCESS
903368,50026,CREDIT,1974.96,2026-07-03,ATM,CAD,SUCCESS
903369,50537,DEBIT,754.84,2026-07-20,ATM,CAD,SUCCESS
903370,50024,CREDIT,2384.16,2026-07-29,ONLINE,CAD,SUCCESS
903371,50303,CREDIT,1898.42,2026-08-12,ATM,CAD,SUCCESS
903372,50296,DEBIT,1965.45,2026-08-18,ONLINE,CAD,SUCCESS
903373,50784,CREDIT,4916.41,2026-08-20,ATM,CAD,SUCCESS
903374,50209,CREDIT,2834.9,2026-08-14,POS,CAD,SUCCESS
903375,50040,DEBIT,1031.98,2026-09-17,BRANCH,CAD,SUCCESS
903376,50499,DEBIT,519.68,2026-09-01,POS,CAD,SUCCESS
903377,50602,CREDIT,4241.12,2026-08-24,ATM,CAD,SUCCESS
903378,50780,CREDIT,968.8,2026-07-13,BRANCH,CAD,SUCCESS
903379,50980,CREDIT,2123.13,2026-07-02,BRANCH,CAD,SUCCESS
903380,50839,DEBIT,2012.87,2026-09-19,ATM,CAD,SUCCESS
903381,50969,CREDIT,2280.0,2026-08-04,BRANCH,CAD,SUCCESS
903382,50690,CREDIT,1563.51,2026-09-27,BRANCH,CAD,SUCCESS
903383,50290,DEBIT,1725.31,2026-09-16,ATM,CAD,SUCCESS
903384,50777,DEBIT,1190.04,2026-07-27,ATM,CAD,SUCCESS
903385,51050,CREDIT,1749.62,2026-09-05,BRANCH,CAD,SUCCESS
903386,50272,DEBIT,3669.25,2026-08-02,ATM,CAD,SUCCESS
903387,50875,CREDIT,2036.34,2026-09-12,POS,CAD,SUCCESS
903388,50273,CREDIT,1025.24,2026-08-27,BRANCH,CAD,SUCCESS
903389,50451,CREDIT,2001.47,2026-08-19,BRANCH,CAD,SUCCESS
903390,50494,DEBIT,4517.4,2026-08-16,ONLINE,CAD,SUCCESS
903391,50170,DEBIT,2075.6,2026-07-28,POS,CAD,SUCCESS
903392,50350,DEBIT,3169.03,2026-07-13,ONLINE,CAD,SUCCESS
903393,50060,DEBIT,616.61,2026-09-02,BRANCH,CAD,SUCCESS
903394,50162,DEBIT,760.49,2026-08-11,ONLINE,CAD,SUCCESS
903395,50995,CREDIT,4367.87,2026-09-24,ONLINE,CAD,SUCCESS
903396,50750,DEBIT,4477.04,2026-08-29,POS,CAD,SUCCESS
903397,50847,CREDIT,4806.79,2026-07-11,ATM,CAD,SUCCESS
903398,50103,CREDIT,3028.84,2026-08-15,BRANCH,CAD,SUCCESS
903399,50111,DEBIT,202.68,2026-09-18,BRANCH,CAD,SUCCESS
903400,50826,CREDIT,1400.11,2026-07-26,ATM,CAD,SUCCESS
903401,50513,DEBIT,393.69,2026-09-05,ATM,CAD,SUCCESS
903402,50350,DEBIT,1051.98,2026-08-31,ATM,CAD,SUCCESS
903403,51029,DEBIT,2374.76,2026-07-29,POS,CAD,SUCCESS
903404,50589,CREDIT,47.89,2026-07-28,ATM,CAD,SUCCESS
903405,50295,CREDIT,3965.63,2026-07-29,POS,CAD,SUCCESS
903406,50403,DEBIT,4814.52,2026-09-02,BRANCH,CAD,SUCCESS
903407,50047,DEBIT,4552.18,2026-08-25,ATM,CAD,SUCCESS
903408,51155,CREDIT,4809.4,2026-08-17,ONLINE,CAD,SUCCESS
903409,50855,DEBIT,1504.88,2026-08-17,BRANCH,CAD,SUCCESS
903410,50472,DEBIT,3291.0,2026-08-12,ONLINE,CAD,SUCCESS
903411,51220,DEBIT,3562.64,2026-07-30,POS,CAD,SUCCESS
903412,50074,CREDIT,2129.72,2026-08-15,POS,CAD,SUCCESS
903413,50206,CREDIT,3106.97,2026-07-31,ONLINE,CAD,SUCCESS
903414,50932,CREDIT,4751.47,2026-07-21,ATM,CAD,SUCCESS
903415,51203,DEBIT,4517.92,2026-08-02,ATM,CAD,SUCCESS
903416,51027,CREDIT,1824.72,2026-07-02,ONLINE,CAD,SUCCESS
903417,50574,CREDIT,3955.3,2026-09-27,ONLINE,CAD,SUCCESS
903418,51025,DEBIT,1184.26,2026-09-14,ATM,CAD,SUCCESS
903419,50931,CREDIT,4235.6,2026-09-15,POS,CAD,SUCCESS
903420,50677,DEBIT,2748.63,2026-08-06,ATM,CAD,SUCCESS
903421,50510,DEBIT,2157.76,2026-09-28,ATM,CAD,SUCCESS
903422,50971,CREDIT,2120.21,2026-09-25,ATM,CAD,SUCCESS
903423,50616,CREDIT,3333.21,2026-09-14,POS,CAD,SUCCESS
903424,50640,DEBIT,3765.87,2026-07-22,POS,CAD,SUCCESS
903425,50519,DEBIT,3710.91,2026-09-29,ATM,CAD,SUCCESS
903426,50187,DEBIT,1570.23,2026-07-22,BRANCH,CAD,SUCCESS
903427,50837,CREDIT,2030.7,2026-08-20,POS,CAD,SUCCESS
903428,50231,DEBIT,2533.16,2026-07-20,BRANCH,CAD,SUCCESS
903429,50178,DEBIT,636.24,2026-08-30,POS,CAD,SUCCESS
903430,50340,CREDIT,509.88,2026-08-10,ATM,CAD,SUCCESS
903431,50759,DEBIT,763.39,2026-09-14,ATM,CAD,SUCCESS
903432,50468,DEBIT,4351.01,2026-09-27,ATM,CAD,SUCCESS
903433,50873,CREDIT,2288.74,2026-09-11,BRANCH,CAD,SUCCESS
903434,50493,CREDIT,4368.8,2026-08-15,ONLINE,CAD,SUCCESS
903435,50045,CREDIT,3053.01,2026-07-25,ATM,CAD,SUCCESS
903436,50573,CREDIT,2345.29,2026-08-18,ONLINE,CAD,SUCCESS
903437,50644,CREDIT,796.64,2026-08-16,ONLINE,CAD,SUCCESS
903438,50685,DEBIT,2912.84,2026-08-28,BRANCH,CAD,SUCCESS
903439,51182,DEBIT,1856.15,2026-09-08,POS,CAD,SUCCESS
903440,50947,CREDIT,2639.41,2026-08-10,ATM,CAD,SUCCESS
903441,50498,DEBIT,4118.49,2026-07-31,POS,CAD,SUCCESS
903442,50049,DEBIT,3486.98,2026-08-18,ONLINE,CAD,SUCCESS
903443,51049,DEBIT,3866.94,2026-07-03,ONLINE,CAD,SUCCESS
903444,51091,CREDIT,2520.28,2026-07-06,ONLINE,CAD,SUCCESS
903445,51209,DEBIT,979.59,2026-09-25,POS,CAD,SUCCESS
903446,50328,DEBIT,4917.56,2026-08-07,BRANCH,CAD,SUCCESS
903447,50595,CREDIT,260.63,2026-07-17,ONLINE,CAD,SUCCESS
903448,51143,CREDIT,4192.72,2026-07-02,BRANCH,CAD,SUCCESS
903449,50124,DEBIT,4596.92,2026-07-07,BRANCH,CAD,SUCCESS
903450,50920,DEBIT,2311.06,2026-07-28,ATM,CAD,SUCCESS
903451,50244,DEBIT,2733.08,2026-07-15,ONLINE,CAD,SUCCESS
903452,50622,DEBIT,2894.85,2026-08-26,BRANCH,CAD,SUCCESS
903453,50599,CREDIT,4589.89,2026-07-25,ONLINE,CAD,SUCCESS
903454,51169,CREDIT,1324.61,2026-08-25,BRANCH,CAD,SUCCESS
903455,50580,CREDIT,472.14,2026-08-04,POS,CAD,SUCCESS
903456,50649,DEBIT,1070.13,2026-08-17,ONLINE,CAD,SUCCESS
903457,51035,DEBIT,641.16,2026-08-24,ATM,CAD,SUCCESS
903458,50601,DEBIT,1154.02,2026-09-15,BRANCH,CAD,SUCCESS
903459,51111,DEBIT,1275.44,2026-08-20,BRANCH,CAD,SUCCESS
903460,50889,CREDIT,3014.77,2026-09-24,ONLINE,CAD,SUCCESS
903461,50167,DEBIT,1058.31,2026-07-04,BRANCH,CAD,SUCCESS
903462,50558,CREDIT,114.24,2026-07-22,BRANCH,CAD,SUCCESS
903463,50271,DEBIT,1859.03,2026-09-06,BRANCH,CAD,SUCCESS
903464,50457,DEBIT,4000.2,2026-07-21,ONLINE,CAD,SUCCESS
903465,50833,CREDIT,1900.88,2026-08-26,ONLINE,CAD,SUCCESS
903466,50049,CREDIT,3643.45,2026-08-13,BRANCH,CAD,SUCCESS
903467,50065,DEBIT,3350.88,2026-08-09,ATM,CAD,SUCCESS
903468,50902,CREDIT,3291.94,2026-08-17,BRANCH,CAD,SUCCESS
903469,51155,CREDIT,3419.71,2026-08-10,ATM,CAD,SUCCESS
903470,51049,DEBIT,3158.06,2026-08-07,POS,CAD,SUCCESS
903471,51203,CREDIT,2605.86,2026-08-13,POS,CAD,SUCCESS
903472,50659,DEBIT,2599.26,2026-09-29,POS,CAD,SUCCESS
903473,50426,CREDIT,2925.67,2026-07-04,POS,CAD,SUCCESS
903474,50062,DEBIT,1713.91,2026-08-02,ATM,CAD,SUCCESS
903475,50812,CREDIT,4005.12,2026-07-18,POS,CAD,SUCCESS
903476,51154,CREDIT,3146.0,2026-07-23,ATM,CAD,SUCCESS
903477,50975,CREDIT,1521.83,2026-09-26,ONLINE,CAD,SUCCESS
903478,50203,CREDIT,3573.14,2026-07-18,BRANCH,CAD,SUCCESS
903479,50314,DEBIT,3624.28,2026-07-26,ONLINE,CAD,SUCCESS
903480,50470,CREDIT,1857.27,2026-08-09,BRANCH,CAD,SUCCESS
903481,50044,DEBIT,1487.1,2026-08-27,BRANCH,CAD,SUCCESS
903482,50700,DEBIT,1533.66,2026-08-03,ONLINE,CAD,SUCCESS
903483,50457,DEBIT,1157.34,2026-09-12,BRANCH,CAD,SUCCESS
903484,50125,DEBIT,3545.43,2026-07-10,POS,CAD,SUCCESS
903485,50137,CREDIT,101.09,2026-08-25,BRANCH,CAD,SUCCESS
903486,50295,CREDIT,81.15,2026-08-04,ATM,CAD,SUCCESS
903487,51106,DEBIT,1434.27,2026-07-22,POS,CAD,SUCCESS
903488,50438,CREDIT,42.7,2026-09-03,ATM,CAD,SUCCESS
903489,50300,DEBIT,1246.15,2026-09-27,ATM,CAD,SUCCESS
903490,50313,CREDIT,4987.21,2026-08-18,ATM,CAD,SUCCESS
903491,50094,DEBIT,4046.55,2026-07-25,ATM,CAD,SUCCESS
903492,50226,DEBIT,2553.32,2026-08-27,BRANCH,CAD,SUCCESS
903493,50310,CREDIT,3622.69,2026-07-15,POS,CAD,SUCCESS
903494,50819,DEBIT,855.6,2026-07-29,ONLINE,CAD,SUCCESS
903495,51232,CREDIT,3014.22,2026-08-05,ATM,CAD,SUCCESS
903496,50668,DEBIT,456.25,2026-09-29,BRANCH,CAD,SUCCESS
903497,50067,CREDIT,1262.37,2026-08-24,BRANCH,CAD,SUCCESS
903498,50218,CREDIT,4553.33,2026-09-13,ONLINE,CAD,SUCCESS
903499,50629,DEBIT,4777.96,2026-08-03,ATM,CAD,SUCCESS
903500,50120,CREDIT,4075.87,2026-09-23,POS,CAD,SUCCESS
903501,51058,CREDIT,3090.56,2026-09-11,ATM,CAD,SUCCESS
903502,50523,CREDIT,1983.81,2026-09-10,ATM,CAD,SUCCESS
903503,50282,CREDIT,1853.71,2026-07-08,POS,CAD,SUCCESS
903504,50724,CREDIT,3233.19,2026-08-26,POS,CAD,SUCCESS
903505,51146,DEBIT,3881.19,2026-09-24,BRANCH,CAD,SUCCESS
903506,50519,DEBIT,1341.05,2026-08-16,BRANCH,CAD,SUCCESS
903507,50154,CREDIT,169.43,2026-09-29,BRANCH,CAD,SUCCESS
903508,50501,CREDIT,47.71,2026-08-23,POS,CAD,SUCCESS
903509,50604,DEBIT,2528.51,2026-07-04,POS,CAD,SUCCESS
903510,50462,DEBIT,3409.04,2026-07-08,BRANCH,CAD,SUCCESS
903511,50182,DEBIT,4830.0,2026-07-31,POS,CAD,SUCCESS
903512,51223,CREDIT,3951.25,2026-09-04,ATM,CAD,SUCCESS
903513,50773,CREDIT,363.08,2026-08-24,POS,CAD,SUCCESS
903514,50344,DEBIT,3315.1,2026-07-26,ONLINE,CAD,SUCCESS
903515,50324,DEBIT,4047.35,2026-08-30,ATM,CAD,SUCCESS
903516,50112,DEBIT,1875.81,2026-07-27,ATM,CAD,SUCCESS
903517,50370,DEBIT,3318.45,2026-08-18,ATM,CAD,SUCCESS
903518,51083,DEBIT,2273.6,2026-09-08,ONLINE,CAD,SUCCESS
903519,50635,CREDIT,2738.58,2026-09-21,POS,CAD,SUCCESS
903520,51010,CREDIT,3745.91,2026-08-11,BRANCH,CAD,SUCCESS
903521,50849,DEBIT,4029.56,2026-07-23,ATM,CAD,SUCCESS
903522,50216,CREDIT,1746.35,2026-08-11,ONLINE,CAD,SUCCESS
903523,51052,DEBIT,871.58,2026-08-11,ONLINE,CAD,SUCCESS
903524,50130,DEBIT,4208.7,2026-08-15,ONLINE,CAD,SUCCESS
903525,51082,DEBIT,2523.24,2026-07-31,POS,CAD,SUCCESS
903526,50201,DEBIT,4138.57,2026-09-10,POS,CAD,SUCCESS
903527,50483,CREDIT,1294.85,2026-09-19,POS,CAD,SUCCESS
903528,50184,CREDIT,4473.02,2026-07-12,POS,CAD,SUCCESS
903529,50767,CREDIT,718.94,2026-09-13,ONLINE,CAD,SUCCESS
903530,50223,DEBIT,3035.76,2026-09-29,BRANCH,CAD,SUCCESS
903531,50195,CREDIT,1366.51,2026-08-17,POS,CAD,SUCCESS
903532,50145,DEBIT,1498.14,2026-08-18,BRANCH,CAD,SUCCESS
903533,50896,CREDIT,4491.77,2026-09-24,BRANCH,CAD,SUCCESS
903534,50647,CREDIT,4120.68,2026-07-21,ATM,CAD,SUCCESS
903535,50194,CREDIT,943.16,2026-07-15,ONLINE,CAD,SUCCESS
903536,51076,CREDIT,2381.9,2026-07-02,ONLINE,CAD,SUCCESS
903537,50886,DEBIT,3205.47,2026-08-27,BRANCH,CAD,SUCCESS
903538,50742,DEBIT,4728.83,2026-08-21,BRANCH,CAD,SUCCESS
903539,50927,CREDIT,1468.04,2026-07-08,BRANCH,CAD,SUCCESS
903540,50866,CREDIT,2679.95,2026-07-18,POS,CAD,SUCCESS
903541,50317,CREDIT,4326.01,2026-09-28,ATM,CAD,SUCCESS
903542,51218,DEBIT,4367.38,2026-08-14,BRANCH,CAD,SUCCESS
903543,50854,DEBIT,693.62,2026-09-21,BRANCH,CAD,SUCCESS
903544,50314,DEBIT,1231.26,2026-09-01,POS,CAD,SUCCESS
903545,51040,DEBIT,4969.53,2026-09-07,ONLINE,CAD,SUCCESS
903546,50641,CREDIT,4381.69,2026-08-23,ONLINE,CAD,SUCCESS
903547,50115,DEBIT,2198.91,2026-08-12,POS,CAD,SUCCESS
903548,50989,DEBIT,3790.5,2026-08-09,ONLINE,CAD,SUCCESS
903549,50987,DEBIT,3580.45,2026-08-03,POS,CAD,SUCCESS
903550,50842,CREDIT,2307.57,2026-08-13,POS,CAD,SUCCESS
903551,50194,CREDIT,4755.16,2026-08-18,ONLINE,CAD,SUCCESS
903552,50407,CREDIT,226.36,2026-07-27,BRANCH,CAD,SUCCESS
903553,51127,CREDIT,4195.82,2026-09-17,POS,CAD,SUCCESS
903554,50155,DEBIT,1984.33,2026-08-25,ATM,CAD,SUCCESS
903555,50397,CREDIT,136.16,2026-09-18,POS,CAD,SUCCESS
903556,50473,CREDIT,2913.21,2026-08-29,ATM,CAD,SUCCESS
903557,50248,DEBIT,3626.12,2026-08-27,POS,CAD,SUCCESS
903558,50926,DEBIT,3754.39,2026-07-29,BRANCH,CAD,SUCCESS
903559,50661,CREDIT,189.5,2026-08-04,POS,CAD,SUCCESS
903560,50876,CREDIT,2534.32,2026-09-16,ATM,CAD,SUCCESS
903561,51008,CREDIT,28.94,2026-09-26,ATM,CAD,SUCCESS
903562,50896,DEBIT,1873.63,2026-09-07,ATM,CAD,SUCCESS
903563,50318,DEBIT,4814.81,2026-07-31,BRANCH,CAD,SUCCESS
903564,50468,CREDIT,3251.25,2026-08-25,BRANCH,CAD,SUCCESS
903565,50827,DEBIT,3366.02,2026-08-27,POS,CAD,SUCCESS
903566,50040,DEBIT,4884.89,2026-08-05,BRANCH,CAD,SUCCESS
903567,50094,CREDIT,4332.85,2026-08-07,ONLINE,CAD,SUCCESS
903568,51017,CREDIT,1047.45,2026-09-15,BRANCH,CAD,SUCCESS
903569,50887,CREDIT,4872.21,2026-09-28,ONLINE,CAD,SUCCESS
903570,50947,CREDIT,4367.39,2026-08-04,ONLINE,CAD,SUCCESS
903571,51191,CREDIT,2317.09,2026-07-27,BRANCH,CAD,SUCCESS
903572,50981,DEBIT,636.88,2026-09-23,ATM,CAD,SUCCESS
903573,50726,CREDIT,2050.71,2026-07-22,ONLINE,CAD,SUCCESS
903574,50429,CREDIT,4393.88,2026-07-29,POS,CAD,SUCCESS
903575,50107,CREDIT,3449.53,2026-08-23,ONLINE,CAD,SUCCESS
903576,51108,DEBIT,4053.56,2026-09-02,ATM,CAD,SUCCESS
903577,50590,DEBIT,1074.08,2026-08-26,ONLINE,CAD,SUCCESS
903578,50731,DEBIT,1653.45,2026-07-30,BRANCH,CAD,SUCCESS
903579,50192,DEBIT,2686.65,2026-08-29,BRANCH,CAD,SUCCESS
903580,50921,DEBIT,1820.5,2026-08-19,BRANCH,CAD,SUCCESS
903581,50767,DEBIT,801.46,2026-09-21,BRANCH,CAD,SUCCESS
903582,50329,DEBIT,4825.07,2026-09-23,ATM,CAD,SUCCESS
903583,50203,DEBIT,452.53,2026-07-14,ATM,CAD,SUCCESS
903584,51203,CREDIT,4330.91,2026-07-30,ONLINE,CAD,SUCCESS
903585,50540,DEBIT,3818.62,2026-08-14,ATM,CAD,SUCCESS
903586,51193,CREDIT,1188.87,2026-09-15,POS,CAD,SUCCESS
903587,51091,CREDIT,4281.21,2026-07-01,ATM,CAD,SUCCESS
903588,51214,DEBIT,3769.79,2026-09-02,ATM,CAD,SUCCESS
903589,50159,CREDIT,4433.81,2026-07-29,ONLINE,CAD,SUCCESS
903590,50647,DEBIT,4127.01,2026-07-05,ATM,CAD,SUCCESS
903591,50298,CREDIT,654.83,2026-07-26,POS,CAD,SUCCESS
903592,51068,CREDIT,1206.54,2026-07-27,ATM,CAD,SUCCESS
903593,51180,DEBIT,4113.09,2026-08-10,ONLINE,CAD,SUCCESS
903594,51138,DEBIT,4295.83,2026-07-10,ATM,CAD,SUCCESS
903595,51208,CREDIT,4545.29,2026-09-08,BRANCH,CAD,SUCCESS
903596,50058,DEBIT,1598.38,2026-07-30,BRANCH,CAD,SUCCESS
903597,50985,DEBIT,1584.6,2026-08-09,ONLINE,CAD,SUCCESS
903598,50859,CREDIT,2331.14,2026-08-27,POS,CAD,SUCCESS
903599,50829,CREDIT,4258.1,2026-08-24,POS,CAD,SUCCESS
903600,50006,DEBIT,3209.98,2026-07-03,POS,CAD,SUCCESS
903601,50341,DEBIT,2329.08,2026-08-01,BRANCH,CAD,SUCCESS
903602,50830,CREDIT,3123.8,2026-08-17,POS,CAD,SUCCESS
903603,50953,CREDIT,1970.6,2026-07-29,ONLINE,CAD,SUCCESS
903604,50971,DEBIT,564.85,2026-09-10,POS,CAD,SUCCESS
903605,50544,CREDIT,4630.85,2026-09-25,ONLINE,CAD,SUCCESS
903606,50792,DEBIT,999.63,2026-07-03,BRANCH,CAD,SUCCESS
903607,50172,CREDIT,4891.79,2026-09-08,ATM,CAD,SUCCESS
903608,51174,DEBIT,4759.24,2026-08-19,POS,CAD,SUCCESS
903609,50251,CREDIT,1647.77,2026-07-06,ONLINE,CAD,SUCCESS
903610,50027,CREDIT,875.35,2026-07-17,POS,CAD,SUCCESS
903611,50525,DEBIT,2491.76,2026-09-13,BRANCH,CAD,SUCCESS
903612,50087,CREDIT,4356.58,2026-07-10,POS,CAD,SUCCESS
903613,50253,CREDIT,3995.89,2026-09-26,BRANCH,CAD,SUCCESS
903614,50514,CREDIT,3809.14,2026-09-21,POS,CAD,SUCCESS
903615,50645,CREDIT,443.5,2026-08-05,BRANCH,CAD,SUCCESS
903616,50437,CREDIT,2720.12,2026-09-06,ONLINE,CAD,SUCCESS
903617,50518,CREDIT,1227.83,2026-08-08,POS,CAD,SUCCESS
903618,50555,CREDIT,2992.89,2026-07-27,BRANCH,CAD,SUCCESS
903619,51163,DEBIT,4924.11,2026-07-03,BRANCH,CAD,SUCCESS
903620,50814,CREDIT,3267.11,2026-08-19,POS,CAD,SUCCESS
903621,51054,CREDIT,4744.01,2026-07-19,ONLINE,CAD,SUCCESS
903622,50718,DEBIT,1653.57,2026-07-08,BRANCH,CAD,SUCCESS
903623,51100,CREDIT,652.56,2026-07-01,ONLINE,CAD,SUCCESS
903624,50514,DEBIT,673.05,2026-08-27,ONLINE,CAD,SUCCESS
903625,50661,DEBIT,1685.18,2026-08-08,BRANCH,CAD,SUCCESS
903626,50318,DEBIT,2254.2,2026-08-24,BRANCH,CAD,SUCCESS
903627,50891,DEBIT,4694.33,2026-09-03,ONLINE,CAD,SUCCESS
903628,50732,DEBIT,160.45,2026-08-04,ATM,CAD,SUCCESS
903629,51223,CREDIT,124.82,2026-09-13,ONLINE,CAD,SUCCESS
903630,50075,CREDIT,1856.44,2026-07-21,ONLINE,CAD,SUCCESS
903631,50077,CREDIT,613.65,2026-07-30,ATM,CAD,SUCCESS
903632,50288,CREDIT,2450.51,2026-08-19,POS,CAD,SUCCESS
903633,50001,CREDIT,727.26,2026-09-21,POS,CAD,SUCCESS
903634,51141,CREDIT,3216.19,2026-08-11,ATM,CAD,SUCCESS
903635,50105,CREDIT,3909.19,2026-09-21,POS,CAD,SUCCESS
903636,50606,CREDIT,1117.59,2026-08-25,ATM,CAD,SUCCESS
903637,50831,DEBIT,4649.93,2026-07-25,POS,CAD,SUCCESS
903638,50355,CREDIT,1775.0,2026-08-24,BRANCH,CAD,SUCCESS
903639,50310,DEBIT,2769.6,2026-08-18,ONLINE,CAD,SUCCESS
903640,51140,DEBIT,427.96,2026-07-09,ATM,CAD,SUCCESS
903641,51209,DEBIT,4797.58,2026-09-24,POS,CAD,SUCCESS
903642,50089,CREDIT,3198.91,2026-07-24,POS,CAD,SUCCESS
903643,50697,CREDIT,3145.19,2026-09-20,BRANCH,CAD,SUCCESS
903644,50916,CREDIT,2744.7,2026-09-09,ATM,CAD,SUCCESS
903645,51129,DEBIT,3687.67,2026-08-04,ATM,CAD,SUCCESS
903646,50765,DEBIT,4098.28,2026-09-09,BRANCH,CAD,SUCCESS
903647,50827,CREDIT,817.64,2026-08-09,POS,CAD,SUCCESS
903648,50026,CREDIT,2446.46,2026-08-15,ONLINE,CAD,SUCCESS
903649,50337,DEBIT,1129.27,2026-08-13,BRANCH,CAD,SUCCESS
903650,51150,DEBIT,2734.92,2026-08-22,ATM,CAD,SUCCESS
903651,50804,DEBIT,2630.33,2026-09-28,POS,CAD,SUCCESS
903652,50924,DEBIT,3556.88,2026-07-06,ATM,CAD,SUCCESS
903653,50829,CREDIT,1496.1,2026-09-24,POS,CAD,SUCCESS
903654,50420,CREDIT,4902.22,2026-09-19,BRANCH,CAD,SUCCESS
903655,50761,DEBIT,3264.93,2026-08-16,POS,CAD,SUCCESS
903656,50818,CREDIT,4626.49,2026-08-28,BRANCH,CAD,SUCCESS
903657,50008,DEBIT,2856.56,2026-08-08,ONLINE,CAD,SUCCESS
903658,50495,DEBIT,4120.23,2026-08-11,POS,CAD,SUCCESS
903659,50237,DEBIT,3854.11,2026-08-31,BRANCH,CAD,SUCCESS
903660,50889,CREDIT,1863.42,2026-08-17,ONLINE,CAD,SUCCESS
903661,50214,DEBIT,3036.2,2026-07-04,POS,CAD,SUCCESS
903662,50602,CREDIT,2355.67,2026-09-21,ONLINE,CAD,SUCCESS
903663,51151,DEBIT,2862.65,2026-09-09,ATM,CAD,SUCCESS
903664,50273,DEBIT,1505.78,2026-07-09,ONLINE,CAD,SUCCESS
903665,51022,DEBIT,3834.55,2026-07-16,POS,CAD,SUCCESS
903666,50708,DEBIT,3652.78,2026-07-29,ONLINE,CAD,SUCCESS
903667,50856,DEBIT,4984.17,2026-09-03,BRANCH,CAD,SUCCESS
903668,50117,CREDIT,4249.08,2026-07-21,ATM,CAD,SUCCESS
903669,50610,CREDIT,3469.05,2026-08-18,ATM,CAD,SUCCESS
903670,51245,CREDIT,4440.78,2026-09-21,BRANCH,CAD,SUCCESS
903671,50112,DEBIT,1163.78,2026-08-16,POS,CAD,SUCCESS
903672,50315,CREDIT,881.0,2026-09-13,ONLINE,CAD,SUCCESS
903673,51035,CREDIT,2161.7,2026-08-25,POS,CAD,SUCCESS
903674,50393,CREDIT,1973.75,2026-08-20,ONLINE,CAD,SUCCESS
903675,50359,CREDIT,1575.51,2026-09-29,POS,CAD,SUCCESS
903676,51133,DEBIT,4687.55,2026-07-26,POS,CAD,SUCCESS
903677,51241,DEBIT,256.66,2026-09-27,ATM,CAD,SUCCESS
903678,50064,DEBIT,822.64,2026-07-02,ONLINE,CAD,SUCCESS
903679,50303,DEBIT,2583.45,2026-09-21,BRANCH,CAD,SUCCESS
903680,50212,CREDIT,4906.99,2026-09-10,ONLINE,CAD,SUCCESS
903681,50073,DEBIT,1277.01,2026-09-25,ONLINE,CAD,SUCCESS
903682,51205,DEBIT,1357.81,2026-08-24,POS,CAD,SUCCESS
903683,50285,DEBIT,1955.21,2026-07-20,ATM,CAD,SUCCESS
903684,50738,CREDIT,3751.17,2026-07-29,POS,CAD,SUCCESS
903685,51163,CREDIT,524.81,2026-09-01,POS,CAD,SUCCESS
903686,50144,DEBIT,3917.74,2026-07-26,ATM,CAD,SUCCESS
903687,50758,CREDIT,4417.62,2026-09-03,BRANCH,CAD,SUCCESS
903688,50960,DEBIT,2615.6,2026-07-11,ONLINE,CAD,SUCCESS
903689,50212,CREDIT,4889.96,2026-09-26,POS,CAD,SUCCESS
903690,51107,DEBIT,4597.94,2026-08-09,ONLINE,CAD,SUCCESS
903691,50950,CREDIT,4563.5,2026-08-06,ONLINE,CAD,SUCCESS
903692,50592,CREDIT,1150.77,2026-09-05,ONLINE,CAD,SUCCESS
903693,50587,DEBIT,448.03,2026-08-31,BRANCH,CAD,SUCCESS
903694,50569,DEBIT,3227.56,2026-07-29,BRANCH,CAD,SUCCESS
903695,50787,CREDIT,4239.35,2026-08-20,ATM,CAD,SUCCESS
903696,50646,CREDIT,649.89,2026-08-31,BRANCH,CAD,SUCCESS
903697,50779,DEBIT,3759.54,2026-09-19,ATM,CAD,SUCCESS
903698,50923,CREDIT,1482.91,2026-07-26,ATM,CAD,SUCCESS
903699,50517,DEBIT,4283.71,2026-09-12,POS,CAD,SUCCESS
903700,50811,CREDIT,3673.62,2026-08-27,BRANCH,CAD,SUCCESS
903701,51001,DEBIT,4657.73,2026-07-04,BRANCH,CAD,SUCCESS
903702,50559,CREDIT,4610.98,2026-07-03,ATM,CAD,SUCCESS
903703,51023,DEBIT,3321.82,2026-08-26,ONLINE,CAD,SUCCESS
903704,51116,CREDIT,3434.66,2026-07-01,BRANCH,CAD,SUCCESS
903705,50194,DEBIT,4078.09,2026-08-29,BRANCH,CAD,SUCCESS
903706,50551,CREDIT,1408.0,2026-08-17,BRANCH,CAD,SUCCESS
903707,50321,DEBIT,913.56,2026-07-01,BRANCH,CAD,SUCCESS
903708,50621,CREDIT,4017.69,2026-08-16,POS,CAD,SUCCESS
903709,50282,CREDIT,1767.22,2026-08-07,BRANCH,CAD,SUCCESS
903710,50396,DEBIT,3890.29,2026-09-08,ONLINE,CAD,SUCCESS
903711,50449,CREDIT,1495.03,2026-07-23,ONLINE,CAD,SUCCESS
903712,50809,DEBIT,220.62,2026-09-27,POS,CAD,SUCCESS
903713,50794,CREDIT,1163.74,2026-07-21,ATM,CAD,SUCCESS
903714,50452,CREDIT,1942.61,2026-07-13,ATM,CAD,SUCCESS
903715,51019,CREDIT,3603.96,2026-07-05,ATM,CAD,SUCCESS
903716,50498,CREDIT,2638.34,2026-08-03,POS,CAD,SUCCESS
903717,50999,CREDIT,2246.29,2026-09-12,POS,CAD,SUCCESS
903718,50596,CREDIT,4447.21,2026-09-10,POS,CAD,SUCCESS
903719,51232,DEBIT,894.93,2026-07-30,ONLINE,CAD,SUCCESS
903720,50473,CREDIT,692.81,2026-09-25,ATM,CAD,SUCCESS
903721,50859,DEBIT,4984.94,2026-07-07,BRANCH,CAD,SUCCESS
903722,50351,DEBIT,2319.39,2026-07-13,ONLINE,CAD,SUCCESS
903723,50534,CREDIT,1259.59,2026-07-17,ATM,CAD,SUCCESS
903724,50583,DEBIT,1262.74,2026-08-25,ATM,CAD,SUCCESS
903725,50116,CREDIT,3252.64,2026-08-19,POS,CAD,SUCCESS
903726,50692,DEBIT,4808.86,2026-08-24,ATM,CAD,SUCCESS
903727,50766,CREDIT,4529.29,2026-09-11,ATM,CAD,SUCCESS
903728,50254,CREDIT,4168.67,2026-08-17,ONLINE,CAD,SUCCESS
903729,50911,CREDIT,4000.25,2026-09-26,POS,CAD,SUCCESS
903730,50450,CREDIT,538.41,2026-08-16,POS,CAD,SUCCESS
903731,50165,CREDIT,2765.76,2026-08-17,BRANCH,CAD,SUCCESS
903732,50586,DEBIT,3212.87,2026-08-27,ONLINE,CAD,SUCCESS
903733,50747,CREDIT,2247.75,2026-07-12,BRANCH,CAD,SUCCESS
903734,50338,CREDIT,3800.54,2026-08-28,BRANCH,CAD,SUCCESS
903735,50309,DEBIT,86.5,2026-08-13,BRANCH,CAD,SUCCESS
903736,50835,CREDIT,4255.48,2026-08-02,POS,CAD,SUCCESS
903737,51143,CREDIT,1993.5,2026-09-27,ONLINE,CAD,SUCCESS
903738,51176,CREDIT,3956.14,2026-08-14,POS,CAD,SUCCESS
903739,50174,DEBIT,2989.74,2026-07-17,BRANCH,CAD,SUCCESS
903740,51103,CREDIT,2996.74,2026-09-07,ATM,CAD,SUCCESS
903741,50453,CREDIT,4497.29,2026-09-10,POS,CAD,SUCCESS
903742,50022,CREDIT,2712.39,2026-08-31,POS,CAD,SUCCESS
903743,50515,CREDIT,4410.32,2026-08-27,ONLINE,CAD,SUCCESS
903744,51099,CREDIT,193.86,2026-08-02,ONLINE,CAD,SUCCESS
903745,50103,DEBIT,2676.68,2026-07-09,ONLINE,CAD,SUCCESS
903746,50688,CREDIT,2334.06,2026-09-23,POS,CAD,SUCCESS
903747,50840,DEBIT,1573.41,2026-07-25,ATM,CAD,SUCCESS
903748,50145,DEBIT,4187.83,2026-08-02,POS,CAD,SUCCESS
903749,50859,CREDIT,3198.7,2026-07-13,ATM,CAD,SUCCESS
903750,51183,DEBIT,2781.12,2026-09-20,ATM,CAD,SUCCESS
903751,51106,CREDIT,99.61,2026-07-14,ATM,CAD,SUCCESS
903752,51099,DEBIT,2305.52,2026-07-25,ONLINE,CAD,SUCCESS
903753,50515,DEBIT,2200.36,2026-09-06,ATM,CAD,SUCCESS
903754,50581,CREDIT,2263.11,2026-07-04,ONLINE,CAD,SUCCESS
903755,51089,DEBIT,1949.94,2026-09-27,ONLINE,CAD,SUCCESS
903756,50045,DEBIT,861.96,2026-09-03,POS,CAD,SUCCESS
903757,50043,DEBIT,4369.52,2026-07-09,POS,CAD,SUCCESS
903758,50993,CREDIT,2486.97,2026-08-15,ATM,CAD,SUCCESS
903759,51128,CREDIT,4020.14,2026-08-08,POS,CAD,SUCCESS
903760,50123,DEBIT,1165.82,2026-08-24,BRANCH,CAD,SUCCESS
903761,51016,CREDIT,4912.42,2026-08-04,ONLINE,CAD,SUCCESS
903762,50778,DEBIT,1013.52,2026-08-10,POS,CAD,SUCCESS
903763,50571,DEBIT,4669.08,2026-08-18,ATM,CAD,SUCCESS
903764,50987,CREDIT,1452.17,2026-08-04,ATM,CAD,SUCCESS
903765,50408,DEBIT,4912.12,2026-09-23,ATM,CAD,SUCCESS
903766,50726,DEBIT,4848.97,2026-09-17,ATM,CAD,SUCCESS
903767,50531,DEBIT,3750.09,2026-08-27,ONLINE,CAD,SUCCESS
903768,50551,CREDIT,3715.95,2026-09-20,POS,CAD,SUCCESS
903769,51159,CREDIT,15.27,2026-09-06,ATM,CAD,SUCCESS
903770,51066,DEBIT,4954.5,2026-09-25,ATM,CAD,SUCCESS
903771,50976,DEBIT,3704.98,2026-07-15,ONLINE,CAD,SUCCESS
903772,50027,CREDIT,1620.97,2026-07-16,POS,CAD,SUCCESS
903773,50880,CREDIT,4596.71,2026-07-01,ATM,CAD,SUCCESS
903774,50766,DEBIT,2978.53,2026-09-27,BRANCH,CAD,SUCCESS
903775,51006,DEBIT,1538.7,2026-09-02,POS,CAD,SUCCESS
903776,50719,DEBIT,1702.76,2026-07-08,ONLINE,CAD,SUCCESS
903777,50241,CREDIT,1320.21,2026-08-16,ONLINE,CAD,SUCCESS
903778,50004,CREDIT,4633.61,2026-09-08,POS,CAD,SUCCESS
903779,50898,DEBIT,3836.73,2026-09-14,BRANCH,CAD,SUCCESS
903780,51155,CREDIT,3754.5,2026-09-18,BRANCH,CAD,SUCCESS
903781,51081,CREDIT,2360.47,2026-07-08,POS,CAD,SUCCESS
903782,50474,DEBIT,3778.79,2026-07-10,BRANCH,CAD,SUCCESS
903783,50675,CREDIT,1015.78,2026-07-06,BRANCH,CAD,SUCCESS
903784,50799,DEBIT,4525.9,2026-09-03,ATM,CAD,SUCCESS
903785,50478,DEBIT,1678.44,2026-08-19,BRANCH,CAD,SUCCESS
903786,50674,DEBIT,4247.79,2026-08-19,ONLINE,CAD,SUCCESS
903787,51007,CREDIT,2742.19,2026-08-05,ATM,CAD,SUCCESS
903788,50149,CREDIT,3347.81,2026-09-17,ATM,CAD,SUCCESS
903789,50067,DEBIT,2263.69,2026-07-05,BRANCH,CAD,SUCCESS
903790,51104,CREDIT,2446.26,2026-09-04,BRANCH,CAD,SUCCESS
903791,50432,CREDIT,3122.25,2026-07-29,BRANCH,CAD,SUCCESS
903792,50587,CREDIT,4279.06,2026-09-18,POS,CAD,SUCCESS
903793,51156,CREDIT,375.44,2026-08-31,ATM,CAD,SUCCESS
903794,50032,DEBIT,1767.52,2026-09-25,ATM,CAD,SUCCESS
903795,50900,CREDIT,2941.86,2026-07-23,ATM,CAD,SUCCESS
903796,50700,DEBIT,4339.96,2026-08-06,ATM,CAD,SUCCESS
903797,50905,CREDIT,4334.44,2026-08-25,POS,CAD,SUCCESS
903798,50582,DEBIT,1351.13,2026-08-19,ONLINE,CAD,SUCCESS
903799,51177,CREDIT,4444.78,2026-08-19,BRANCH,CAD,SUCCESS
903800,50914,CREDIT,1295.3,2026-09-06,BRANCH,CAD,SUCCESS
903801,51104,DEBIT,3941.73,2026-07-13,POS,CAD,SUCCESS
903802,50272,DEBIT,1540.29,2026-07-27,ATM,CAD,SUCCESS
903803,51073,CREDIT,1589.71,2026-09-14,BRANCH,CAD,SUCCESS
903804,51104,CREDIT,1499.27,2026-07-29,POS,CAD,SUCCESS
903805,50619,CREDIT,1480.18,2026-09-15,POS,CAD,SUCCESS
903806,50129,DEBIT,609.37,2026-07-04,BRANCH,CAD,SUCCESS
903807,51242,DEBIT,1930.8,2026-07-31,ONLINE,CAD,SUCCESS
903808,50926,CREDIT,1770.72,2026-07-09,ATM,CAD,SUCCESS
903809,51026,CREDIT,628.07,2026-08-19,ATM,CAD,SUCCESS
903810,50704,DEBIT,3990.87,2026-09-14,ONLINE,CAD,SUCCESS
903811,50392,CREDIT,3656.91,2026-09-21,ATM,CAD,SUCCESS
903812,50173,DEBIT,598.84,2026-07-11,BRANCH,CAD,SUCCESS
903813,50526,CREDIT,3567.25,2026-08-26,POS,CAD,SUCCESS
903814,51246,CREDIT,967.85,2026-07-14,ONLINE,CAD,SUCCESS
903815,50166,DEBIT,1079.03,2026-07-04,POS,CAD,SUCCESS
903816,51018,CREDIT,1492.09,2026-07-23,POS,CAD,SUCCESS
903817,50995,DEBIT,2113.72,2026-09-08,POS,CAD,SUCCESS
903818,50858,DEBIT,2877.24,2026-08-19,ONLINE,CAD,SUCCESS
903819,50953,DEBIT,2504.86,2026-09-29,POS,CAD,SUCCESS
903820,50045,CREDIT,3376.27,2026-09-10,ONLINE,CAD,SUCCESS
903821,50300,DEBIT,3542.26,2026-09-02,ATM,CAD,SUCCESS
903822,51150,CREDIT,955.09,2026-09-04,POS,CAD,SUCCESS
903823,50502,CREDIT,2165.25,2026-09-22,ONLINE,CAD,SUCCESS
903824,51033,DEBIT,3853.01,2026-07-12,POS,CAD,SUCCESS
903825,50510,CREDIT,4967.15,2026-07-18,POS,CAD,SUCCESS
903826,50327,CREDIT,3056.28,2026-08-18,BRANCH,CAD,SUCCESS
903827,51176,DEBIT,3496.26,2026-07-04,POS,CAD,SUCCESS
903828,51007,CREDIT,1788.77,2026-09-03,BRANCH,CAD,SUCCESS
903829,50485,DEBIT,2591.05,2026-07-13,ATM,CAD,SUCCESS
903830,50727,DEBIT,4354.43,2026-09-14,ATM,CAD,SUCCESS
903831,50552,CREDIT,2724.46,2026-08-25,ATM,CAD,SUCCESS
903832,51070,CREDIT,3687.99,2026-07-10,POS,CAD,SUCCESS
903833,50605,CREDIT,3779.68,2026-09-13,BRANCH,CAD,SUCCESS
903834,50336,DEBIT,3181.58,2026-07-22,ONLINE,CAD,SUCCESS
903835,51051,DEBIT,4075.36,2026-07-16,ATM,CAD,SUCCESS
903836,50700,CREDIT,925.28,2026-08-30,BRANCH,CAD,SUCCESS
903837,50099,CREDIT,2269.53,2026-08-02,BRANCH,CAD,SUCCESS
903838,50520,DEBIT,2380.65,2026-09-13,BRANCH,CAD,SUCCESS
903839,51056,DEBIT,1916.27,2026-08-19,POS,CAD,SUCCESS
903840,50392,CREDIT,885.5,2026-09-16,ONLINE,CAD,SUCCESS
903841,50531,CREDIT,368.38,2026-07-27,BRANCH,CAD,SUCCESS
903842,50109,DEBIT,295.57,2026-09-21,POS,CAD,SUCCESS
903843,50671,CREDIT,64.39,2026-08-09,ATM,CAD,SUCCESS
903844,50513,CREDIT,37.69,2026-08-19,ATM,CAD,SUCCESS
903845,50491,DEBIT,36.84,2026-07-26,ATM,CAD,SUCCESS
903846,51119,DEBIT,3365.76,2026-09-12,POS,CAD,SUCCESS
903847,50355,DEBIT,3836.57,2026-09-14,POS,CAD,SUCCESS
903848,50399,DEBIT,2789.28,2026-08-30,ATM,CAD,SUCCESS
903849,50396,CREDIT,4344.91,2026-07-25,POS,CAD,SUCCESS
903850,50006,CREDIT,1796.4,2026-08-26,ONLINE,CAD,SUCCESS
903851,50305,CREDIT,2058.99,2026-07-04,ONLINE,CAD,SUCCESS
903852,51209,DEBIT,62.75,2026-09-14,POS,CAD,SUCCESS
903853,50879,CREDIT,2195.93,2026-08-23,ONLINE,CAD,SUCCESS
903854,50851,CREDIT,358.95,2026-07-09,BRANCH,CAD,SUCCESS
903855,51228,DEBIT,1581.59,2026-07-25,ONLINE,CAD,SUCCESS
903856,50559,DEBIT,1333.61,2026-07-29,BRANCH,CAD,SUCCESS
903857,50367,CREDIT,1593.77,2026-09-08,POS,CAD,SUCCESS
903858,50434,CREDIT,3061.84,2026-07-02,BRANCH,CAD,SUCCESS
903859,50476,CREDIT,2279.47,2026-07-13,BRANCH,CAD,SUCCESS
903860,50838,DEBIT,1687.16,2026-07-10,ONLINE,CAD,SUCCESS
903861,50719,DEBIT,4471.65,2026-08-08,ATM,CAD,SUCCESS
903862,51123,CREDIT,3087.64,2026-08-22,ATM,CAD,SUCCESS
903863,51138,DEBIT,1679.53,2026-08-05,POS,CAD,SUCCESS
903864,51188,CREDIT,4081.71,2026-09-03,BRANCH,CAD,SUCCESS
903865,50852,DEBIT,1369.94,2026-09-09,ATM,CAD,SUCCESS
903866,51160,DEBIT,1096.81,2026-09-20,ONLINE,CAD,SUCCESS
903867,50314,CREDIT,2251.81,2026-07-12,ATM,CAD,SUCCESS
903868,50223,CREDIT,3942.72,2026-09-26,POS,CAD,SUCCESS
903869,51055,CREDIT,1256.05,2026-08-24,ONLINE,CAD,SUCCESS
903870,50897,CREDIT,3840.34,2026-08-11,ONLINE,CAD,SUCCESS
903871,50435,DEBIT,2985.56,2026-07-24,BRANCH,CAD,SUCCESS
903872,50680,DEBIT,2276.1,2026-09-25,POS,CAD,SUCCESS
903873,51067,CREDIT,2733.15,2026-07-21,ATM,CAD,SUCCESS
903874,50664,CREDIT,906.4,2026-09-23,ATM,CAD,SUCCESS
903875,51142,CREDIT,3247.3,2026-08-28,POS,CAD,SUCCESS
903876,50921,CREDIT,3151.75,2026-07-05,POS,CAD,SUCCESS
903877,50092,DEBIT,2615.29,2026-07-10,POS,CAD,SUCCESS
903878,50963,CREDIT,2663.64,2026-09-25,BRANCH,CAD,SUCCESS
903879,51241,DEBIT,1699.82,2026-09-12,BRANCH,CAD,SUCCESS
903880,51197,CREDIT,4041.91,2026-08-23,POS,CAD,SUCCESS
903881,50007,DEBIT,518.85,2026-07-22,BRANCH,CAD,SUCCESS
903882,50691,CREDIT,66.65,2026-07-17,POS,CAD,SUCCESS
903883,50726,CREDIT,1576.02,2026-09-01,BRANCH,CAD,SUCCESS
903884,50712,DEBIT,2791.43,2026-08-13,BRANCH,CAD,SUCCESS
903885,50005,CREDIT,1802.48,2026-09-24,ATM,CAD,SUCCESS
903886,50391,DEBIT,1306.76,2026-08-19,BRANCH,CAD,SUCCESS
903887,50075,DEBIT,3937.34,2026-09-01,ONLINE,CAD,SUCCESS
903888,50795,DEBIT,4391.92,2026-07-01,ONLINE,CAD,SUCCESS
903889,50741,DEBIT,1237.65,2026-08-25,POS,CAD,SUCCESS
903890,50058,DEBIT,4500.59,2026-09-06,ONLINE,CAD,SUCCESS
903891,50018,CREDIT,4710.05,2026-09-12,ATM,CAD,SUCCESS
903892,51132,CREDIT,4166.71,2026-09-11,ONLINE,CAD,SUCCESS
903893,50374,DEBIT,3988.13,2026-07-22,ONLINE,CAD,SUCCESS
903894,51096,CREDIT,2723.58,2026-08-24,POS,CAD,SUCCESS
903895,51164,DEBIT,1976.35,2026-09-26,BRANCH,CAD,SUCCESS
903896,50012,CREDIT,3880.01,2026-08-26,POS,CAD,SUCCESS
903897,51120,DEBIT,106.19,2026-09-13,ATM,CAD,SUCCESS
903898,50741,DEBIT,1270.99,2026-09-14,BRANCH,CAD,SUCCESS
903899,50588,DEBIT,1370.86,2026-08-27,BRANCH,CAD,SUCCESS
903900,50411,DEBIT,4696.74,2026-09-08,POS,CAD,SUCCESS
903901,50827,DEBIT,2016.84,2026-07-20,POS,CAD,SUCCESS
903902,50654,DEBIT,1968.28,2026-09-21,BRANCH,CAD,SUCCESS
903903,50079,DEBIT,4782.58,2026-07-07,ATM,CAD,SUCCESS
903904,50848,CREDIT,69.53,2026-08-31,BRANCH,CAD,SUCCESS
903905,50368,CREDIT,4032.93,2026-08-05,ATM,CAD,SUCCESS
903906,50822,DEBIT,4130.43,2026-08-12,ATM,CAD,SUCCESS
903907,50092,DEBIT,1532.92,2026-09-23,BRANCH,CAD,SUCCESS
903908,51113,CREDIT,2127.61,2026-09-22,ATM,CAD,SUCCESS
903909,50777,CREDIT,2696.95,2026-08-26,ATM,CAD,SUCCESS
903910,50141,DEBIT,4492.74,2026-07-20,ATM,CAD,SUCCESS
903911,50828,DEBIT,2404.09,2026-08-13,POS,CAD,SUCCESS
903912,51107,CREDIT,1582.98,2026-09-29,ONLINE,CAD,SUCCESS
903913,50265,CREDIT,604.85,2026-07-24,BRANCH,CAD,SUCCESS
903914,51156,CREDIT,598.36,2026-07-01,BRANCH,CAD,SUCCESS
903915,50547,DEBIT,1502.75,2026-07-15,ATM,CAD,SUCCESS
903916,51122,CREDIT,1832.19,2026-07-04,ATM,CAD,SUCCESS
903917,51015,DEBIT,2909.02,2026-08-27,BRANCH,CAD,SUCCESS
903918,50006,CREDIT,2878.92,2026-07-17,POS,CAD,SUCCESS
903919,50260,CREDIT,8.76,2026-07-28,POS,CAD,SUCCESS
903920,50701,CREDIT,3795.67,2026-09-01,ONLINE,CAD,SUCCESS
903921,51213,CREDIT,3139.45,2026-09-04,ATM,CAD,SUCCESS
903922,50422,CREDIT,1757.65,2026-09-28,POS,CAD,SUCCESS
903923,50132,CREDIT,4948.81,2026-08-24,ATM,CAD,SUCCESS
903924,50823,CREDIT,421.79,2026-09-17,BRANCH,CAD,SUCCESS
903925,51087,CREDIT,4925.98,2026-08-09,ATM,CAD,SUCCESS
903926,50457,DEBIT,427.72,2026-09-24,ONLINE,CAD,SUCCESS
903927,50959,DEBIT,1223.76,2026-07-10,POS,CAD,SUCCESS
903928,51147,DEBIT,4226.12,2026-09-07,ATM,CAD,SUCCESS
903929,50654,CREDIT,3540.45,2026-09-24,ATM,CAD,SUCCESS
903930,51090,DEBIT,4838.22,2026-09-02,ATM,CAD,SUCCESS
903931,50035,CREDIT,3449.76,2026-08-11,ONLINE,CAD,SUCCESS
903932,50809,CREDIT,1332.08,2026-07-27,BRANCH,CAD,SUCCESS
903933,50391,CREDIT,392.09,2026-07-14,ATM,CAD,SUCCESS
903934,50149,DEBIT,806.6,2026-07-24,POS,CAD,SUCCESS
903935,51130,CREDIT,2854.75,2026-08-25,BRANCH,CAD,SUCCESS
903936,50704,CREDIT,3694.59,2026-08-17,BRANCH,CAD,SUCCESS
903937,50607,DEBIT,3303.45,2026-07-16,POS,CAD,SUCCESS
903938,50034,DEBIT,1054.02,2026-08-27,POS,CAD,SUCCESS
903939,51035,DEBIT,447.73,2026-08-03,POS,CAD,SUCCESS
903940,50948,DEBIT,3757.96,2026-09-22,BRANCH,CAD,SUCCESS
903941,50555,CREDIT,793.77,2026-07-14,ATM,CAD,SUCCESS
903942,51151,CREDIT,2811.02,2026-07-23,POS,CAD,SUCCESS
903943,50333,CREDIT,4610.69,2026-09-07,ATM,CAD,SUCCESS
903944,50226,DEBIT,4421.72,2026-08-09,POS,CAD,SUCCESS
903945,50579,CREDIT,462.22,2026-07-05,ONLINE,CAD,SUCCESS
903946,50041,CREDIT,4484.14,2026-08-12,ATM,CAD,SUCCESS
903947,50398,DEBIT,4797.9,2026-09-05,BRANCH,CAD,SUCCESS
903948,50946,CREDIT,4116.07,2026-09-13,ATM,CAD,SUCCESS
903949,50214,CREDIT,4419.29,2026-09-08,POS,CAD,SUCCESS
903950,50507,CREDIT,3529.77,2026-07-18,POS,CAD,SUCCESS
903951,51081,DEBIT,777.32,2026-07-11,BRANCH,CAD,SUCCESS
903952,51166,DEBIT,4288.45,2026-07-23,POS,CAD,SUCCESS
903953,50869,CREDIT,4511.6,2026-09-18,POS,CAD,SUCCESS
903954,50299,DEBIT,2212.33,2026-09-02,ATM,CAD,SUCCESS
903955,50481,DEBIT,2949.58,2026-08-31,POS,CAD,SUCCESS
903956,50258,DEBIT,2494.78,2026-08-25,POS,CAD,SUCCESS
903957,50468,DEBIT,4354.25,2026-07-30,ATM,CAD,SUCCESS
903958,50656,DEBIT,1584.69,2026-07-20,ATM,CAD,SUCCESS
903959,50942,DEBIT,4225.68,2026-07-19,ONLINE,CAD,SUCCESS
903960,50206,DEBIT,2584.66,2026-09-07,BRANCH,CAD,SUCCESS
903961,50759,DEBIT,1969.56,2026-07-29,ATM,CAD,SUCCESS
903962,50969,DEBIT,1146.09,2026-09-26,ATM,CAD,SUCCESS
903963,50769,CREDIT,1326.4,2026-08-22,POS,CAD,SUCCESS
903964,51006,DEBIT,2908.68,2026-08-17,ONLINE,CAD,SUCCESS
903965,50158,CREDIT,4289.42,2026-09-29,ONLINE,CAD,SUCCESS
903966,51240,DEBIT,4626.74,2026-09-05,ONLINE,CAD,SUCCESS
903967,51056,DEBIT,16.11,2026-09-05,ATM,CAD,SUCCESS
903968,50475,CREDIT,1846.08,2026-09-17,ONLINE,CAD,SUCCESS
903969,50055,CREDIT,533.75,2026-08-03,ONLINE,CAD,SUCCESS
903970,51138,DEBIT,1869.55,2026-07-24,ATM,CAD,SUCCESS
903971,50576,DEBIT,4193.86,2026-07-10,ONLINE,CAD,SUCCESS
903972,51024,CREDIT,3585.1,2026-08-18,BRANCH,CAD,SUCCESS
903973,50302,DEBIT,2745.29,2026-08-25,POS,CAD,SUCCESS
903974,50712,DEBIT,2170.87,2026-08-12,POS,CAD,SUCCESS
903975,50554,DEBIT,3880.19,2026-09-04,POS,CAD,SUCCESS
903976,50185,DEBIT,3266.27,2026-07-31,POS,CAD,SUCCESS
903977,50451,DEBIT,3293.33,2026-08-20,ONLINE,CAD,SUCCESS
903978,50744,CREDIT,154.64,2026-08-22,ONLINE,CAD,SUCCESS
903979,50688,DEBIT,573.77,2026-08-26,POS,CAD,SUCCESS
903980,50753,CREDIT,3476.49,2026-08-14,POS,CAD,SUCCESS
903981,50739,DEBIT,1547.85,2026-09-27,BRANCH,CAD,SUCCESS
903982,50662,CREDIT,4391.92,2026-08-15,ATM,CAD,SUCCESS
903983,50214,DEBIT,533.49,2026-08-21,ONLINE,CAD,SUCCESS
903984,50259,DEBIT,2502.41,2026-09-09,POS,CAD,SUCCESS
903985,50536,CREDIT,4765.65,2026-09-13,BRANCH,CAD,SUCCESS
903986,50944,DEBIT,4347.59,2026-08-29,BRANCH,CAD,SUCCESS
903987,50264,CREDIT,4868.72,2026-07-15,BRANCH,CAD,SUCCESS
903988,50330,DEBIT,626.77,2026-08-19,BRANCH,CAD,SUCCESS
903989,50994,CREDIT,1033.54,2026-07-12,ONLINE,CAD,SUCCESS
903990,50823,DEBIT,2917.08,2026-08-20,BRANCH,CAD,SUCCESS
903991,50976,DEBIT,1204.96,2026-07-06,POS,CAD,SUCCESS
903992,50721,CREDIT,1490.44,2026-08-29,POS,CAD,SUCCESS
903993,50502,CREDIT,1111.46,2026-09-09,ATM,CAD,SUCCESS
903994,50149,CREDIT,4838.91,2026-09-15,BRANCH,CAD,SUCCESS
903995,50901,DEBIT,2298.1,2026-08-16,ATM,CAD,SUCCESS
903996,50147,CREDIT,2098.36,2026-07-23,ATM,CAD,SUCCESS
903997,51042,CREDIT,795.37,2026-08-17,BRANCH,CAD,SUCCESS
903998,50719,DEBIT,134.48,2026-07-24,POS,CAD,SUCCESS
903999,50939,CREDIT,3420.37,2026-07-01,ATM,CAD,SUCCESS
904000,50110,DEBIT,751.91,2026-08-09,BRANCH,CAD,SUCCESS
904001,50191,CREDIT,4343.69,2026-09-14,BRANCH,CAD,SUCCESS
904002,50328,DEBIT,3758.58,2026-07-19,ONLINE,CAD,SUCCESS
904003,50847,DEBIT,3587.24,2026-07-20,ONLINE,CAD,SUCCESS
904004,50102,CREDIT,304.08,2026-08-10,ONLINE,CAD,SUCCESS
904005,50636,DEBIT,1349.52,2026-08-11,POS,CAD,SUCCESS
904006,50736,CREDIT,3199.05,2026-08-07,POS,CAD,SUCCESS
904007,51231,DEBIT,4471.67,2026-08-10,BRANCH,CAD,SUCCESS
904008,50794,DEBIT,3821.26,2026-08-20,ATM,CAD,SUCCESS
904009,50035,DEBIT,81.2,2026-08-29,POS,CAD,SUCCESS
904010,50188,DEBIT,4388.64,2026-07-25,ONLINE,CAD,SUCCESS
904011,50346,CREDIT,583.65,2026-09-27,POS,CAD,SUCCESS
904012,50395,CREDIT,4971.31,2026-09-10,POS,CAD,SUCCESS
904013,50519,CREDIT,2387.24,2026-09-08,BRANCH,CAD,SUCCESS
904014,50964,DEBIT,4267.99,2026-08-14,ATM,CAD,SUCCESS
904015,50990,DEBIT,3533.96,2026-09-21,ONLINE,CAD,SUCCESS
904016,50792,CREDIT,1867.05,2026-08-22,BRANCH,CAD,SUCCESS
904017,50903,CREDIT,1188.23,2026-07-06,ATM,CAD,SUCCESS
904018,50487,DEBIT,2678.56,2026-08-16,BRANCH,CAD,SUCCESS
904019,50866,DEBIT,1249.3,2026-09-10,POS,CAD,SUCCESS
904020,50677,CREDIT,2145.51,2026-08-12,ONLINE,CAD,SUCCESS
904021,50617,DEBIT,8.83,2026-09-07,ONLINE,CAD,SUCCESS
904022,50417,CREDIT,2129.74,2026-07-25,ATM,CAD,SUCCESS
904023,50772,DEBIT,3297.45,2026-08-10,ATM,CAD,SUCCESS
904024,50568,CREDIT,196.63,2026-09-18,ATM,CAD,SUCCESS
904025,50980,DEBIT,1529.96,2026-08-10,POS,CAD,SUCCESS
904026,50033,DEBIT,417.85,2026-07-25,ONLINE,CAD,SUCCESS
904027,50769,CREDIT,3665.65,2026-07-18,ONLINE,CAD,SUCCESS
904028,50983,DEBIT,2071.8,2026-09-28,ONLINE,CAD,SUCCESS
904029,50798,DEBIT,49.2,2026-07-01,BRANCH,CAD,SUCCESS
904030,50109,DEBIT,1786.54,2026-07-12,ATM,CAD,SUCCESS
904031,50163,DEBIT,3349.94,2026-07-04,POS,CAD,SUCCESS
904032,50858,DEBIT,3596.23,2026-07-13,BRANCH,CAD,SUCCESS
904033,50775,DEBIT,1441.89,2026-07-06,ATM,CAD,SUCCESS
904034,50929,DEBIT,2758.11,2026-08-29,ATM,CAD,SUCCESS
904035,50505,CREDIT,4746.94,2026-07-07,BRANCH,CAD,SUCCESS
904036,50741,DEBIT,586.28,2026-08-02,POS,CAD,SUCCESS
904037,50976,CREDIT,4638.52,2026-07-11,POS,CAD,SUCCESS
904038,50361,DEBIT,2670.66,2026-07-23,ATM,CAD,SUCCESS
904039,50836,CREDIT,1529.31,2026-07-04,ATM,CAD,SUCCESS
904040,51052,DEBIT,2771.41,2026-07-01,POS,CAD,SUCCESS
904041,50465,DEBIT,665.48,2026-08-22,BRANCH,CAD,SUCCESS
904042,50553,CREDIT,3474.07,2026-09-29,BRANCH,CAD,SUCCESS
904043,50822,DEBIT,554.88,2026-07-14,ATM,CAD,SUCCESS
904044,50894,DEBIT,4499.07,2026-08-17,ONLINE,CAD,SUCCESS
904045,50073,DEBIT,4703.14,2026-08-26,ONLINE,CAD,SUCCESS
904046,50736,CREDIT,2767.96,2026-08-05,ONLINE,CAD,SUCCESS
904047,50190,DEBIT,2925.08,2026-09-27,BRANCH,CAD,SUCCESS
904048,50855,CREDIT,3784.45,2026-09-11,ATM,CAD,SUCCESS
904049,51109,DEBIT,938.57,2026-09-23,BRANCH,CAD,SUCCESS
904050,50372,CREDIT,1478.96,2026-07-02,ONLINE,CAD,SUCCESS
904051,50381,CREDIT,872.34,2026-09-25,ONLINE,CAD,SUCCESS
904052,50700,CREDIT,1272.84,2026-09-19,POS,CAD,SUCCESS
904053,50754,DEBIT,1307.17,2026-08-09,POS,CAD,SUCCESS
904054,50165,DEBIT,4246.48,2026-08-24,ONLINE,CAD,SUCCESS
904055,50845,DEBIT,2984.63,2026-08-05,BRANCH,CAD,SUCCESS
904056,50692,DEBIT,3791.51,2026-07-23,POS,CAD,SUCCESS
904057,50872,CREDIT,4716.4,2026-08-10,ONLINE,CAD,SUCCESS
904058,50368,DEBIT,4161.47,2026-09-22,ONLINE,CAD,SUCCESS
904059,50729,DEBIT,2666.71,2026-07-28,BRANCH,CAD,SUCCESS
904060,50194,CREDIT,424.84,2026-07-06,ONLINE,CAD,SUCCESS
904061,51030,CREDIT,2145.08,2026-07-05,ATM,CAD,SUCCESS
904062,50637,DEBIT,1779.01,2026-07-09,POS,CAD,SUCCESS
904063,50237,CREDIT,2747.59,2026-09-17,ONLINE,CAD,SUCCESS
904064,50575,CREDIT,4303.29,2026-08-08,BRANCH,CAD,SUCCESS
904065,51221,CREDIT,3786.84,2026-09-18,ONLINE,CAD,SUCCESS
904066,50577,CREDIT,2772.15,2026-07-26,ONLINE,CAD,SUCCESS
904067,50848,CREDIT,3818.3,2026-09-04,ONLINE,CAD,SUCCESS
904068,50077,CREDIT,3725.85,2026-08-31,ATM,CAD,SUCCESS
904069,51027,DEBIT,2119.09,2026-07-12,ONLINE,CAD,SUCCESS
904070,51056,DEBIT,4540.75,2026-08-02,BRANCH,CAD,SUCCESS
904071,50645,CREDIT,4046.61,2026-09-13,ONLINE,CAD,SUCCESS
904072,51131,CREDIT,2068.2,2026-08-12,ATM,CAD,SUCCESS
904073,51148,DEBIT,4491.49,2026-09-09,BRANCH,CAD,SUCCESS
904074,50961,CREDIT,3696.15,2026-08-25,BRANCH,CAD,SUCCESS
904075,50995,DEBIT,3054.47,2026-07-10,POS,CAD,SUCCESS
904076,50852,DEBIT,85.64,2026-08-28,ATM,CAD,SUCCESS
904077,50436,DEBIT,1388.13,2026-07-08,ATM,CAD,SUCCESS
904078,51239,DEBIT,1393.05,2026-08-12,ONLINE,CAD,SUCCESS
904079,50169,CREDIT,434.15,2026-08-02,ATM,CAD,SUCCESS
904080,50798,DEBIT,1980.54,2026-07-12,ATM,CAD,SUCCESS
904081,50531,CREDIT,3605.12,2026-08-02,ATM,CAD,SUCCESS
904082,50116,DEBIT,1521.64,2026-07-18,POS,CAD,SUCCESS
904083,50359,DEBIT,966.69,2026-07-30,POS,CAD,SUCCESS
904084,50093,DEBIT,2472.24,2026-07-29,BRANCH,CAD,SUCCESS
904085,50260,CREDIT,1151.36,2026-08-10,BRANCH,CAD,SUCCESS
904086,50764,DEBIT,973.56,2026-07-24,BRANCH,CAD,SUCCESS
904087,50473,DEBIT,2262.95,2026-07-21,POS,CAD,SUCCESS
904088,50265,CREDIT,148.44,2026-08-18,BRANCH,CAD,SUCCESS
904089,50449,CREDIT,482.48,2026-09-17,BRANCH,CAD,SUCCESS
904090,50266,CREDIT,1554.01,2026-09-26,POS,CAD,SUCCESS
904091,51186,CREDIT,482.44,2026-08-09,BRANCH,CAD,SUCCESS
904092,50974,DEBIT,3844.99,2026-09-17,ONLINE,CAD,SUCCESS
904093,51239,DEBIT,326.85,2026-09-21,ATM,CAD,SUCCESS
904094,51074,CREDIT,4485.83,2026-07-04,ONLINE,CAD,SUCCESS
904095,50952,DEBIT,2924.14,2026-09-13,ATM,CAD,SUCCESS
904096,50357,DEBIT,1000.64,2026-07-09,POS,CAD,SUCCESS
904097,50624,CREDIT,3631.09,2026-07-30,ATM,CAD,SUCCESS
904098,51036,DEBIT,218.17,2026-09-22,ATM,CAD,SUCCESS
904099,50869,DEBIT,4805.36,2026-08-23,ATM,CAD,SUCCESS
904100,50833,CREDIT,2063.27,2026-08-29,POS,CAD,SUCCESS
904101,51173,DEBIT,1192.62,2026-07-21,ATM,CAD,SUCCESS
904102,50637,DEBIT,1262.36,2026-09-06,ONLINE,CAD,SUCCESS
904103,50755,DEBIT,4606.88,2026-07-20,BRANCH,CAD,SUCCESS
904104,51163,DEBIT,1601.18,2026-09-26,ONLINE,CAD,SUCCESS
904105,51209,CREDIT,2891.46,2026-09-29,BRANCH,CAD,SUCCESS
904106,50241,CREDIT,1379.8,2026-08-26,POS,CAD,SUCCESS
904107,50808,DEBIT,4361.64,2026-07-18,BRANCH,CAD,SUCCESS
904108,50246,CREDIT,2891.65,2026-07-20,ONLINE,CAD,SUCCESS
904109,50016,CREDIT,1916.16,2026-09-09,POS,CAD,SUCCESS
904110,50316,DEBIT,4714.02,2026-09-20,ATM,CAD,SUCCESS
904111,50250,CREDIT,3472.97,2026-09-09,ONLINE,CAD,SUCCESS
904112,50580,DEBIT,1120.98,2026-07-01,ONLINE,CAD,SUCCESS
904113,50138,DEBIT,1954.95,2026-07-18,ATM,CAD,SUCCESS
904114,50942,DEBIT,570.16,2026-09-27,BRANCH,CAD,SUCCESS
904115,51171,CREDIT,2498.2,2026-08-09,BRANCH,CAD,SUCCESS
904116,50362,CREDIT,4513.04,2026-07-28,ATM,CAD,SUCCESS
904117,50139,DEBIT,209.2,2026-07-10,ATM,CAD,SUCCESS
904118,50731,CREDIT,3164.22,2026-07-17,BRANCH,CAD,SUCCESS
904119,50301,CREDIT,684.35,2026-08-18,ONLINE,CAD,SUCCESS
904120,50058,CREDIT,758.43,2026-08-04,POS,CAD,SUCCESS
904121,50800,CREDIT,3824.27,2026-07-17,ATM,CAD,SUCCESS
904122,50439,DEBIT,4816.17,2026-08-24,POS,CAD,SUCCESS
904123,51147,CREDIT,2218.75,2026-07-02,POS,CAD,SUCCESS
904124,50923,CREDIT,3676.88,2026-07-20,ONLINE,CAD,SUCCESS
904125,50920,CREDIT,2318.03,2026-08-09,ATM,CAD,SUCCESS
904126,50901,CREDIT,1967.95,2026-08-12,POS,CAD,SUCCESS
904127,50099,CREDIT,766.17,2026-09-10,ATM,CAD,SUCCESS
904128,50819,CREDIT,4766.63,2026-09-09,ATM,CAD,SUCCESS
904129,50147,DEBIT,3778.52,2026-08-11,ONLINE,CAD,SUCCESS
904130,50031,DEBIT,4040.42,2026-09-13,ATM,CAD,SUCCESS
904131,51161,DEBIT,4899.57,2026-08-10,BRANCH,CAD,SUCCESS
904132,50610,DEBIT,4192.56,2026-08-04,POS,CAD,SUCCESS
904133,50180,CREDIT,1451.78,2026-09-12,BRANCH,CAD,SUCCESS
904134,50299,CREDIT,2776.1,2026-09-07,ATM,CAD,SUCCESS
904135,50995,DEBIT,226.25,2026-07-04,ATM,CAD,SUCCESS
904136,50533,CREDIT,2911.7,2026-09-07,BRANCH,CAD,SUCCESS
904137,50083,CREDIT,1075.25,2026-07-17,POS,CAD,SUCCESS
904138,51188,DEBIT,3540.97,2026-08-22,ONLINE,CAD,SUCCESS
904139,50867,DEBIT,16.81,2026-08-18,ONLINE,CAD,SUCCESS
904140,50368,DEBIT,3042.14,2026-07-07,BRANCH,CAD,SUCCESS
904141,50758,CREDIT,3083.65,2026-09-16,POS,CAD,SUCCESS
904142,50079,DEBIT,3339.78,2026-09-20,ATM,CAD,SUCCESS
904143,50658,DEBIT,20.73,2026-09-27,BRANCH,CAD,SUCCESS
904144,51194,CREDIT,1527.14,2026-07-11,BRANCH,CAD,SUCCESS
904145,50131,CREDIT,825.0,2026-08-16,POS,CAD,SUCCESS
904146,50853,DEBIT,45.66,2026-07-30,BRANCH,CAD,SUCCESS
904147,50163,CREDIT,3037.42,2026-08-29,ONLINE,CAD,SUCCESS
904148,51005,DEBIT,960.74,2026-07-27,BRANCH,CAD,SUCCESS
904149,51220,DEBIT,1992.47,2026-07-28,POS,CAD,SUCCESS
904150,50594,CREDIT,1220.78,2026-07-21,POS,CAD,SUCCESS
904151,50442,DEBIT,3415.48,2026-08-25,ATM,CAD,SUCCESS
904152,50337,DEBIT,657.09,2026-07-29,ONLINE,CAD,SUCCESS
904153,50102,CREDIT,2812.17,2026-07-08,POS,CAD,SUCCESS
904154,50642,CREDIT,2422.61,2026-08-20,BRANCH,CAD,SUCCESS
904155,51233,CREDIT,1480.92,2026-07-07,BRANCH,CAD,SUCCESS
904156,51091,CREDIT,327.13,2026-09-13,ATM,CAD,SUCCESS
904157,50494,CREDIT,4432.91,2026-07-31,POS,CAD,SUCCESS
904158,50914,CREDIT,4659.33,2026-07-27,POS,CAD,SUCCESS
904159,50985,CREDIT,3368.72,2026-07-11,BRANCH,CAD,SUCCESS
904160,50016,DEBIT,4756.6,2026-08-21,POS,CAD,SUCCESS
904161,50133,DEBIT,212.34,2026-07-29,ONLINE,CAD,SUCCESS
904162,50740,DEBIT,4700.04,2026-07-20,BRANCH,CAD,SUCCESS
904163,51072,DEBIT,299.16,2026-09-11,ONLINE,CAD,SUCCESS
904164,50598,DEBIT,2539.87,2026-09-16,ATM,CAD,SUCCESS
904165,50402,DEBIT,1811.25,2026-08-26,POS,CAD,SUCCESS
904166,51011,CREDIT,217.9,2026-07-10,ATM,CAD,SUCCESS
904167,50043,CREDIT,1102.16,2026-08-22,POS,CAD,SUCCESS
904168,50387,DEBIT,47.35,2026-07-13,BRANCH,CAD,SUCCESS
904169,50938,CREDIT,421.55,2026-08-25,ONLINE,CAD,SUCCESS
904170,50618,CREDIT,1868.69,2026-07-31,ONLINE,CAD,SUCCESS
904171,50255,DEBIT,2652.33,2026-07-12,BRANCH,CAD,SUCCESS
904172,51244,DEBIT,4889.78,2026-07-01,BRANCH,CAD,SUCCESS
904173,50131,DEBIT,2156.12,2026-09-20,BRANCH,CAD,SUCCESS
904174,50455,DEBIT,4766.9,2026-09-03,ONLINE,CAD,SUCCESS
904175,50954,DEBIT,281.85,2026-08-01,ATM,CAD,SUCCESS
904176,50502,DEBIT,173.18,2026-09-12,POS,CAD,SUCCESS
904177,50811,DEBIT,966.68,2026-07-18,POS,CAD,SUCCESS
904178,50036,CREDIT,4060.46,2026-08-27,ONLINE,CAD,SUCCESS
904179,51191,DEBIT,982.78,2026-09-04,ONLINE,CAD,SUCCESS
904180,50085,CREDIT,3135.87,2026-08-11,POS,CAD,SUCCESS
904181,50084,CREDIT,2930.56,2026-09-26,POS,CAD,SUCCESS
904182,50898,DEBIT,494.63,2026-09-29,BRANCH,CAD,SUCCESS
904183,50360,CREDIT,4093.8,2026-07-04,ATM,CAD,SUCCESS
904184,50442,CREDIT,1093.03,2026-09-25,ATM,CAD,SUCCESS
904185,50037,DEBIT,2786.22,2026-07-11,ONLINE,CAD,SUCCESS
904186,50548,DEBIT,1490.13,2026-09-20,POS,CAD,SUCCESS
904187,51050,CREDIT,2770.21,2026-09-10,POS,CAD,SUCCESS
904188,50860,DEBIT,1664.64,2026-08-20,ONLINE,CAD,SUCCESS
904189,50193,CREDIT,214.72,2026-08-03,BRANCH,CAD,SUCCESS
904190,50562,CREDIT,3452.22,2026-09-05,BRANCH,CAD,SUCCESS
904191,50928,CREDIT,2786.97,2026-07-31,ONLINE,CAD,SUCCESS
904192,50799,DEBIT,3624.11,2026-09-04,ATM,CAD,SUCCESS
904193,50507,DEBIT,2963.88,2026-09-19,POS,CAD,SUCCESS
904194,50079,DEBIT,2343.91,2026-08-29,POS,CAD,SUCCESS
904195,50982,DEBIT,3266.07,2026-08-26,ATM,CAD,SUCCESS
904196,50491,CREDIT,1025.86,2026-07-16,BRANCH,CAD,SUCCESS
904197,50198,DEBIT,1200.05,2026-07-22,BRANCH,CAD,SUCCESS
904198,50280,CREDIT,2047.14,2026-07-12,ATM,CAD,SUCCESS
904199,50013,CREDIT,386.81,2026-08-20,ONLINE,CAD,SUCCESS
904200,50467,DEBIT,633.2,2026-09-19,ONLINE,CAD,SUCCESS
904201,51083,CREDIT,496.36,2026-09-02,POS,CAD,SUCCESS
904202,50149,DEBIT,481.39,2026-09-24,BRANCH,CAD,SUCCESS
904203,50056,CREDIT,4652.7,2026-07-19,ATM,CAD,SUCCESS
904204,50554,CREDIT,990.59,2026-08-28,BRANCH,CAD,SUCCESS
904205,50125,CREDIT,1763.24,2026-07-13,ONLINE,CAD,SUCCESS
904206,50279,CREDIT,4323.13,2026-07-21,ATM,CAD,SUCCESS
904207,50811,DEBIT,3623.84,2026-07-01,ATM,CAD,SUCCESS
904208,50204,DEBIT,1514.32,2026-09-29,BRANCH,CAD,SUCCESS
904209,50098,DEBIT,2435.37,2026-08-09,POS,CAD,SUCCESS
904210,50639,DEBIT,3215.58,2026-07-10,ATM,CAD,SUCCESS
904211,50565,DEBIT,2744.61,2026-09-29,BRANCH,CAD,SUCCESS
904212,51245,DEBIT,4663.68,2026-08-23,ONLINE,CAD,SUCCESS
904213,50146,DEBIT,3959.8,2026-08-28,POS,CAD,SUCCESS
904214,51083,DEBIT,1560.98,2026-09-04,BRANCH,CAD,SUCCESS
904215,50957,CREDIT,4193.14,2026-07-10,POS,CAD,SUCCESS
904216,50681,DEBIT,4989.89,2026-07-25,ONLINE,CAD,SUCCESS
904217,50626,CREDIT,1916.92,2026-07-07,POS,CAD,SUCCESS
904218,51017,CREDIT,2660.19,2026-07-04,POS,CAD,SUCCESS
904219,50624,CREDIT,834.5,2026-08-03,ATM,CAD,SUCCESS
904220,50544,CREDIT,4502.25,2026-09-17,POS,CAD,SUCCESS
904221,50100,CREDIT,2836.32,2026-08-21,ATM,CAD,SUCCESS
904222,50743,CREDIT,947.04,2026-07-03,ONLINE,CAD,SUCCESS
904223,51008,CREDIT,1562.59,2026-08-19,POS,CAD,SUCCESS
904224,50757,DEBIT,1465.2,2026-07-12,BRANCH,CAD,SUCCESS
904225,50479,DEBIT,2070.95,2026-07-26,BRANCH,CAD,SUCCESS
904226,50205,CREDIT,3184.17,2026-07-01,ONLINE,CAD,SUCCESS
904227,50120,DEBIT,4517.46,2026-07-18,POS,CAD,SUCCESS
904228,50165,CREDIT,2416.6,2026-07-25,POS,CAD,SUCCESS
904229,50591,CREDIT,4214.44,2026-08-11,ATM,CAD,SUCCESS
904230,50160,CREDIT,3802.46,2026-09-02,POS,CAD,SUCCESS
904231,51193,CREDIT,1844.4,2026-08-10,BRANCH,CAD,SUCCESS
904232,50541,DEBIT,2980.9,2026-08-20,POS,CAD,SUCCESS
904233,50366,DEBIT,2831.02,2026-07-11,POS,CAD,SUCCESS
904234,50545,DEBIT,557.06,2026-08-08,POS,CAD,SUCCESS
904235,50309,CREDIT,2141.15,2026-09-08,POS,CAD,SUCCESS
904236,50253,DEBIT,382.91,2026-08-25,ATM,CAD,SUCCESS
904237,50828,DEBIT,725.42,2026-07-19,ONLINE,CAD,SUCCESS
904238,50621,CREDIT,1936.41,2026-07-06,POS,CAD,SUCCESS
904239,51026,DEBIT,3471.49,2026-08-12,POS,CAD,SUCCESS
904240,50818,CREDIT,1381.34,2026-07-06,POS,CAD,SUCCESS
904241,50557,DEBIT,4331.02,2026-08-04,BRANCH,CAD,SUCCESS
904242,51133,CREDIT,2765.23,2026-09-10,ATM,CAD,SUCCESS
904243,51032,CREDIT,2779.15,2026-09-15,ONLINE,CAD,SUCCESS
904244,51232,DEBIT,3258.75,2026-08-05,ATM,CAD,SUCCESS
904245,50152,CREDIT,904.42,2026-07-10,POS,CAD,SUCCESS
904246,50889,CREDIT,3130.87,2026-08-05,ONLINE,CAD,SUCCESS
904247,50167,DEBIT,1428.01,2026-08-18,ATM,CAD,SUCCESS
904248,51039,CREDIT,4059.63,2026-08-08,ONLINE,CAD,SUCCESS
904249,50243,DEBIT,3393.04,2026-08-03,ONLINE,CAD,SUCCESS
904250,51194,CREDIT,140.7,2026-09-06,ATM,CAD,SUCCESS
904251,50631,CREDIT,3758.25,2026-07-16,POS,CAD,SUCCESS
904252,50148,CREDIT,4692.61,2026-09-03,POS,CAD,SUCCESS
904253,51166,DEBIT,809.01,2026-07-09,POS,CAD,SUCCESS
904254,50547,CREDIT,2161.02,2026-08-14,ONLINE,CAD,SUCCESS
904255,51002,DEBIT,3293.0,2026-07-21,ATM,CAD,SUCCESS
904256,50261,DEBIT,3058.16,2026-08-13,BRANCH,CAD,SUCCESS
904257,50442,DEBIT,3830.47,2026-08-03,ATM,CAD,SUCCESS
904258,50573,DEBIT,757.69,2026-07-06,ATM,CAD,SUCCESS
904259,50417,DEBIT,4968.24,2026-09-19,BRANCH,CAD,SUCCESS
904260,50640,DEBIT,4905.46,2026-08-02,ONLINE,CAD,SUCCESS
904261,50723,CREDIT,3695.67,2026-08-20,BRANCH,CAD,SUCCESS
904262,50340,DEBIT,2577.57,2026-07-13,POS,CAD,SUCCESS
904263,50449,CREDIT,1607.92,2026-07-10,ONLINE,CAD,SUCCESS
904264,50526,DEBIT,4928.74,2026-08-29,ONLINE,CAD,SUCCESS
904265,50700,DEBIT,3921.2,2026-07-12,ONLINE,CAD,SUCCESS
904266,50623,DEBIT,4525.34,2026-09-12,POS,CAD,SUCCESS
904267,50645,CREDIT,584.67,2026-08-28,BRANCH,CAD,SUCCESS
904268,50926,CREDIT,1688.51,2026-07-31,BRANCH,CAD,SUCCESS
904269,50205,CREDIT,114.42,2026-09-28,BRANCH,CAD,SUCCESS
904270,50398,CREDIT,3070.27,2026-07-24,BRANCH,CAD,SUCCESS
904271,50971,DEBIT,3910.34,2026-09-02,POS,CAD,SUCCESS
904272,51065,CREDIT,616.91,2026-09-11,POS,CAD,SUCCESS
904273,51111,CREDIT,2032.72,2026-07-30,ONLINE,CAD,SUCCESS
904274,50024,CREDIT,4316.79,2026-08-19,ONLINE,CAD,SUCCESS
904275,50843,CREDIT,3188.07,2026-07-03,POS,CAD,SUCCESS
904276,50357,DEBIT,2770.85,2026-08-05,ONLINE,CAD,SUCCESS
904277,50354,DEBIT,4830.92,2026-08-22,BRANCH,CAD,SUCCESS
904278,51016,CREDIT,4027.65,2026-08-25,ONLINE,CAD,SUCCESS
904279,50131,DEBIT,2419.73,2026-07-18,POS,CAD,SUCCESS
904280,51019,DEBIT,2518.08,2026-08-16,POS,CAD,SUCCESS
904281,50058,DEBIT,3310.01,2026-09-11,BRANCH,CAD,SUCCESS
904282,50847,DEBIT,423.28,2026-09-19,ONLINE,CAD,SUCCESS
904283,51132,DEBIT,2117.59,2026-07-19,BRANCH,CAD,SUCCESS
904284,50726,DEBIT,4729.28,2026-09-15,POS,CAD,SUCCESS
904285,50359,DEBIT,2559.05,2026-07-22,BRANCH,CAD,SUCCESS
904286,50480,CREDIT,2032.7,2026-08-09,POS,CAD,SUCCESS
904287,51204,CREDIT,1051.92,2026-07-02,BRANCH,CAD,SUCCESS
904288,50057,CREDIT,3931.27,2026-07-29,ONLINE,CAD,SUCCESS
904289,51121,DEBIT,1989.44,2026-08-28,BRANCH,CAD,SUCCESS
904290,50489,CREDIT,1754.53,2026-09-28,BRANCH,CAD,SUCCESS
904291,50513,DEBIT,2801.67,2026-08-24,BRANCH,CAD,SUCCESS
904292,50058,CREDIT,2296.76,2026-07-05,POS,CAD,SUCCESS
904293,50083,CREDIT,1550.53,2026-07-02,POS,CAD,SUCCESS
904294,50961,CREDIT,4922.07,2026-08-26,ONLINE,CAD,SUCCESS
904295,50704,CREDIT,3012.66,2026-07-22,ONLINE,CAD,SUCCESS
904296,50432,CREDIT,225.02,2026-07-07,ONLINE,CAD,SUCCESS
904297,50270,DEBIT,3845.58,2026-07-03,POS,CAD,SUCCESS
904298,50104,DEBIT,4713.35,2026-08-21,ONLINE,CAD,SUCCESS
904299,51108,DEBIT,389.34,2026-09-04,POS,CAD,SUCCESS
904300,50031,CREDIT,1351.93,2026-08-31,ONLINE,CAD,SUCCESS
904301,51207,DEBIT,314.53,2026-09-07,ATM,CAD,SUCCESS
904302,50517,CREDIT,3053.59,2026-08-13,POS,CAD,SUCCESS
904303,50545,DEBIT,4509.51,2026-08-29,POS,CAD,SUCCESS
904304,50614,DEBIT,2596.56,2026-09-07,BRANCH,CAD,SUCCESS
904305,50597,CREDIT,2458.38,2026-07-18,POS,CAD,SUCCESS
904306,50263,DEBIT,1373.03,2026-09-22,BRANCH,CAD,SUCCESS
904307,50436,DEBIT,4472.21,2026-09-16,ONLINE,CAD,SUCCESS
904308,51188,DEBIT,2797.84,2026-07-27,ONLINE,CAD,SUCCESS
904309,51159,DEBIT,4124.25,2026-09-12,ONLINE,CAD,SUCCESS
904310,51025,DEBIT,3261.33,2026-09-17,ONLINE,CAD,SUCCESS
904311,50961,DEBIT,4509.59,2026-08-19,ONLINE,CAD,SUCCESS
904312,50958,CREDIT,4688.73,2026-07-27,POS,CAD,SUCCESS
904313,51136,CREDIT,3913.98,2026-09-21,BRANCH,CAD,SUCCESS
904314,50870,CREDIT,2488.02,2026-09-21,BRANCH,CAD,SUCCESS
904315,50614,CREDIT,4390.55,2026-07-06,ONLINE,CAD,SUCCESS
904316,50166,CREDIT,2662.97,2026-07-13,ONLINE,CAD,SUCCESS
904317,50127,CREDIT,3430.62,2026-08-11,POS,CAD,SUCCESS
904318,50647,DEBIT,2219.56,2026-08-31,ONLINE,CAD,SUCCESS
904319,50069,CREDIT,2159.25,2026-07-04,POS,CAD,SUCCESS
904320,50805,DEBIT,975.37,2026-08-11,BRANCH,CAD,SUCCESS
904321,51036,CREDIT,3564.79,2026-07-22,BRANCH,CAD,SUCCESS
904322,51177,DEBIT,1466.41,2026-09-17,ATM,CAD,SUCCESS
904323,50711,DEBIT,4451.12,2026-07-31,POS,CAD,SUCCESS
904324,50135,CREDIT,3821.59,2026-09-18,ONLINE,CAD,SUCCESS
904325,50999,DEBIT,4191.62,2026-09-28,POS,CAD,SUCCESS
904326,50859,CREDIT,198.51,2026-09-27,POS,CAD,SUCCESS
904327,50307,CREDIT,1646.8,2026-09-17,POS,CAD,SUCCESS
904328,50307,CREDIT,4417.92,2026-08-23,POS,CAD,SUCCESS
904329,50643,DEBIT,1207.7,2026-09-04,POS,CAD,SUCCESS
904330,50714,DEBIT,656.36,2026-07-05,BRANCH,CAD,SUCCESS
904331,50035,DEBIT,1600.91,2026-09-13,ATM,CAD,SUCCESS
904332,50603,DEBIT,1796.99,2026-07-14,ONLINE,CAD,SUCCESS
904333,50357,DEBIT,279.24,2026-08-30,POS,CAD,SUCCESS
904334,51077,CREDIT,650.62,2026-09-24,ONLINE,CAD,SUCCESS
904335,50047,DEBIT,1169.81,2026-09-13,BRANCH,CAD,SUCCESS
904336,50133,DEBIT,2770.7,2026-09-21,POS,CAD,SUCCESS
904337,50208,DEBIT,315.86,2026-07-10,BRANCH,CAD,SUCCESS
904338,50033,DEBIT,2222.01,2026-08-16,ATM,CAD,SUCCESS
904339,50604,CREDIT,126.96,2026-09-09,BRANCH,CAD,SUCCESS
904340,50816,CREDIT,1930.27,2026-07-16,ATM,CAD,SUCCESS
904341,50786,CREDIT,4834.93,2026-08-27,ATM,CAD,SUCCESS
904342,50265,CREDIT,411.83,2026-09-21,ONLINE,CAD,SUCCESS
904343,50071,DEBIT,4949.44,2026-07-15,BRANCH,CAD,SUCCESS
904344,50623,DEBIT,2400.4,2026-09-15,ATM,CAD,SUCCESS
904345,50008,CREDIT,3572.79,2026-07-09,ONLINE,CAD,SUCCESS
904346,50721,DEBIT,1672.33,2026-09-11,ONLINE,CAD,SUCCESS
904347,50264,DEBIT,4389.58,2026-09-15,POS,CAD,SUCCESS
904348,50407,CREDIT,2278.01,2026-09-29,POS,CAD,SUCCESS
904349,50294,DEBIT,661.47,2026-09-19,BRANCH,CAD,SUCCESS
904350,50542,CREDIT,2782.74,2026-07-03,ONLINE,CAD,SUCCESS
904351,51058,CREDIT,1768.21,2026-08-20,BRANCH,CAD,SUCCESS
904352,50308,CREDIT,1142.52,2026-08-27,ATM,CAD,SUCCESS
904353,50205,CREDIT,4302.82,2026-08-29,POS,CAD,SUCCESS
904354,51202,CREDIT,220.1,2026-09-01,ONLINE,CAD,SUCCESS
904355,51017,DEBIT,2803.08,2026-08-23,ONLINE,CAD,SUCCESS
904356,50505,CREDIT,4432.92,2026-07-03,BRANCH,CAD,SUCCESS
904357,51049,CREDIT,1802.72,2026-07-28,ONLINE,CAD,SUCCESS
904358,50435,DEBIT,2765.85,2026-07-19,POS,CAD,SUCCESS
904359,50012,CREDIT,455.87,2026-09-14,BRANCH,CAD,SUCCESS
904360,50940,CREDIT,3539.0,2026-08-29,POS,CAD,SUCCESS
904361,50250,DEBIT,2862.89,2026-08-19,ATM,CAD,SUCCESS
904362,50729,DEBIT,122.41,2026-08-08,ONLINE,CAD,SUCCESS
904363,50685,CREDIT,4245.38,2026-08-02,ONLINE,CAD,SUCCESS
904364,50755,CREDIT,3877.6,2026-08-01,POS,CAD,SUCCESS
904365,51161,DEBIT,3951.5,2026-09-19,ONLINE,CAD,SUCCESS
904366,50038,CREDIT,1914.75,2026-08-16,ATM,CAD,SUCCESS
904367,50341,CREDIT,4596.29,2026-09-01,BRANCH,CAD,SUCCESS
904368,50504,DEBIT,4327.88,2026-08-02,ONLINE,CAD,SUCCESS
904369,50120,DEBIT,810.43,2026-09-14,ONLINE,CAD,SUCCESS
904370,50672,CREDIT,4192.24,2026-09-10,BRANCH,CAD,SUCCESS
904371,50058,DEBIT,298.42,2026-07-16,POS,CAD,SUCCESS
904372,50714,CREDIT,4925.17,2026-09-07,BRANCH,CAD,SUCCESS
904373,50180,CREDIT,3711.48,2026-09-20,BRANCH,CAD,SUCCESS
904374,50891,CREDIT,2837.78,2026-07-19,ONLINE,CAD,SUCCESS
904375,50081,CREDIT,3093.09,2026-08-24,POS,CAD,SUCCESS
904376,50725,CREDIT,4859.43,2026-08-06,BRANCH,CAD,SUCCESS
904377,50367,DEBIT,2618.95,2026-09-10,ATM,CAD,SUCCESS
904378,50042,CREDIT,411.36,2026-08-14,ATM,CAD,SUCCESS
904379,50193,DEBIT,3876.74,2026-09-04,BRANCH,CAD,SUCCESS
904380,50113,CREDIT,3138.1,2026-08-03,ATM,CAD,SUCCESS
904381,50109,CREDIT,2807.78,2026-08-07,BRANCH,CAD,SUCCESS
904382,50574,CREDIT,4152.79,2026-09-20,POS,CAD,SUCCESS
904383,50434,CREDIT,783.51,2026-07-07,POS,CAD,SUCCESS
904384,50142,DEBIT,3700.46,2026-08-01,BRANCH,CAD,SUCCESS
904385,50611,CREDIT,365.96,2026-09-19,ONLINE,CAD,SUCCESS
904386,51209,CREDIT,1329.36,2026-07-08,ATM,CAD,SUCCESS
904387,50397,DEBIT,908.95,2026-09-29,BRANCH,CAD,SUCCESS
904388,50434,DEBIT,4798.67,2026-09-14,ATM,CAD,SUCCESS
904389,51083,CREDIT,1568.46,2026-09-22,ATM,CAD,SUCCESS
904390,50300,DEBIT,2695.06,2026-07-31,BRANCH,CAD,SUCCESS
904391,50858,DEBIT,4018.5,2026-09-11,POS,CAD,SUCCESS
904392,50368,CREDIT,575.14,2026-07-13,ONLINE,CAD,SUCCESS
904393,50514,DEBIT,4536.96,2026-07-10,ATM,CAD,SUCCESS
904394,50481,DEBIT,3806.65,2026-09-05,ATM,CAD,SUCCESS
904395,50270,DEBIT,548.64,2026-08-23,BRANCH,CAD,SUCCESS
904396,50206,DEBIT,734.95,2026-07-21,ONLINE,CAD,SUCCESS
904397,51201,DEBIT,2315.94,2026-09-29,ATM,CAD,SUCCESS
904398,50692,DEBIT,4551.91,2026-09-14,POS,CAD,SUCCESS
904399,50789,DEBIT,3275.74,2026-08-06,ATM,CAD,SUCCESS
904400,50499,DEBIT,1570.9,2026-09-03,BRANCH,CAD,SUCCESS
904401,50763,DEBIT,1036.47,2026-09-20,BRANCH,CAD,SUCCESS
904402,50516,DEBIT,1015.33,2026-07-19,POS,CAD,SUCCESS
904403,50941,CREDIT,2780.1,2026-07-16,ONLINE,CAD,SUCCESS
904404,50479,DEBIT,2637.7,2026-08-12,ATM,CAD,SUCCESS
904405,50082,DEBIT,4793.34,2026-09-04,POS,CAD,SUCCESS
904406,50829,DEBIT,2623.71,2026-07-13,POS,CAD,SUCCESS
904407,50567,DEBIT,3577.61,2026-07-17,BRANCH,CAD,SUCCESS
904408,51026,DEBIT,3962.88,2026-08-23,ATM,CAD,SUCCESS
904409,50204,DEBIT,3504.31,2026-09-16,ONLINE,CAD,SUCCESS
904410,50361,CREDIT,4826.29,2026-09-12,BRANCH,CAD,SUCCESS
904411,50579,DEBIT,1657.78,2026-08-09,ATM,CAD,SUCCESS
904412,50594,CREDIT,4769.31,2026-09-23,ATM,CAD,SUCCESS
904413,50522,CREDIT,255.22,2026-09-17,ONLINE,CAD,SUCCESS
904414,50088,DEBIT,1694.16,2026-07-24,BRANCH,CAD,SUCCESS
904415,50263,CREDIT,352.5,2026-08-26,BRANCH,CAD,SUCCESS
904416,50153,CREDIT,1295.53,2026-07-09,ONLINE,CAD,SUCCESS
904417,51012,CREDIT,4512.16,2026-08-13,ONLINE,CAD,SUCCESS
904418,50648,CREDIT,4252.17,2026-08-02,ATM,CAD,SUCCESS
904419,51119,CREDIT,2903.59,2026-08-26,BRANCH,CAD,SUCCESS
904420,50757,DEBIT,3514.69,2026-08-02,ONLINE,CAD,SUCCESS
904421,50695,CREDIT,1934.81,2026-07-10,POS,CAD,SUCCESS
904422,50677,DEBIT,3890.6,2026-09-29,ONLINE,CAD,SUCCESS
904423,50110,CREDIT,1029.69,2026-08-13,POS,CAD,SUCCESS
904424,50602,CREDIT,822.56,2026-08-17,ATM,CAD,SUCCESS
904425,50424,CREDIT,3567.26,2026-07-28,ATM,CAD,SUCCESS
904426,50207,CREDIT,923.19,2026-08-25,POS,CAD,SUCCESS
904427,50669,DEBIT,90.39,2026-07-21,ATM,CAD,SUCCESS
904428,50862,CREDIT,3706.56,2026-09-08,ATM,CAD,SUCCESS
904429,50261,DEBIT,2933.62,2026-08-08,BRANCH,CAD,SUCCESS
904430,51195,DEBIT,2952.47,2026-08-11,POS,CAD,SUCCESS
904431,50434,DEBIT,4828.59,2026-07-08,BRANCH,CAD,SUCCESS
904432,50471,DEBIT,4734.55,2026-07-27,BRANCH,CAD,SUCCESS
904433,50892,CREDIT,31.92,2026-09-25,POS,CAD,SUCCESS
904434,51030,CREDIT,2139.64,2026-07-11,POS,CAD,SUCCESS
904435,50103,CREDIT,6.9,2026-09-29,BRANCH,CAD,SUCCESS
904436,50437,CREDIT,1776.01,2026-08-27,ATM,CAD,SUCCESS
904437,50354,DEBIT,4247.66,2026-08-03,BRANCH,CAD,SUCCESS
904438,50806,DEBIT,4580.31,2026-07-21,BRANCH,CAD,SUCCESS
904439,50585,CREDIT,624.24,2026-08-18,POS,CAD,SUCCESS
904440,50778,DEBIT,4373.72,2026-08-08,BRANCH,CAD,SUCCESS
904441,50138,DEBIT,2098.68,2026-07-17,POS,CAD,SUCCESS
904442,50087,CREDIT,4831.29,2026-09-18,BRANCH,CAD,SUCCESS
904443,50532,DEBIT,2770.34,2026-09-09,POS,CAD,SUCCESS
904444,50132,CREDIT,34.66,2026-07-10,BRANCH,CAD,SUCCESS
904445,50022,CREDIT,1189.48,2026-08-03,ONLINE,CAD,SUCCESS
904446,50038,DEBIT,3693.56,2026-07-26,POS,CAD,SUCCESS
904447,50092,DEBIT,379.96,2026-07-11,POS,CAD,SUCCESS
904448,51027,CREDIT,446.98,2026-08-19,BRANCH,CAD,SUCCESS
904449,50476,CREDIT,2163.63,2026-08-19,POS,CAD,SUCCESS
904450,50683,CREDIT,3321.66,2026-08-03,ATM,CAD,SUCCESS
904451,50607,CREDIT,3395.15,2026-08-09,ONLINE,CAD,SUCCESS
904452,50918,CREDIT,2092.72,2026-09-12,BRANCH,CAD,SUCCESS
904453,50651,DEBIT,1350.42,2026-09-16,POS,CAD,SUCCESS
904454,50700,DEBIT,2483.81,2026-09-22,ATM,CAD,SUCCESS
904455,50707,CREDIT,4082.67,2026-08-05,ATM,CAD,SUCCESS
904456,50964,CREDIT,4640.36,2026-09-12,POS,CAD,SUCCESS
904457,50170,DEBIT,3117.61,2026-09-07,ONLINE,CAD,SUCCESS
904458,51083,DEBIT,4874.89,2026-07-26,BRANCH,CAD,SUCCESS
904459,50943,DEBIT,2239.02,2026-07-30,BRANCH,CAD,SUCCESS
904460,50028,CREDIT,4084.17,2026-07-01,BRANCH,CAD,SUCCESS
904461,50829,CREDIT,1875.55,2026-08-12,POS,CAD,SUCCESS
904462,50231,CREDIT,541.77,2026-09-04,BRANCH,CAD,SUCCESS
904463,50348,CREDIT,1669.03,2026-09-23,ATM,CAD,SUCCESS
904464,50580,DEBIT,2787.51,2026-07-25,BRANCH,CAD,SUCCESS
904465,50392,CREDIT,1218.83,2026-07-23,ATM,CAD,SUCCESS
904466,50785,DEBIT,1087.86,2026-09-23,BRANCH,CAD,SUCCESS
904467,50417,DEBIT,4485.6,2026-07-16,BRANCH,CAD,SUCCESS
904468,50037,CREDIT,3164.16,2026-09-02,ONLINE,CAD,SUCCESS
904469,50378,CREDIT,1509.88,2026-09-03,BRANCH,CAD,SUCCESS
904470,50805,CREDIT,3375.73,2026-07-21,ATM,CAD,SUCCESS
904471,50356,DEBIT,765.31,2026-07-23,ONLINE,CAD,SUCCESS
904472,51211,CREDIT,4004.56,2026-07-19,ATM,CAD,SUCCESS
904473,50883,CREDIT,9.72,2026-09-05,ONLINE,CAD,SUCCESS
904474,51087,CREDIT,4210.01,2026-09-28,POS,CAD,SUCCESS
904475,50952,DEBIT,1073.16,2026-08-04,BRANCH,CAD,SUCCESS
904476,50754,CREDIT,1402.3,2026-08-18,ATM,CAD,SUCCESS
904477,51050,CREDIT,4139.09,2026-07-16,BRANCH,CAD,SUCCESS
904478,51146,DEBIT,4393.36,2026-08-20,BRANCH,CAD,SUCCESS
904479,50679,CREDIT,3337.05,2026-09-21,ATM,CAD,SUCCESS
904480,50878,CREDIT,2253.38,2026-08-21,ONLINE,CAD,SUCCESS
904481,50486,CREDIT,4595.09,2026-07-23,POS,CAD,SUCCESS
904482,50259,DEBIT,1562.5,2026-08-20,ATM,CAD,SUCCESS
904483,50157,DEBIT,1897.2,2026-09-17,ATM,CAD,SUCCESS
904484,50091,CREDIT,2828.94,2026-07-08,BRANCH,CAD,SUCCESS
904485,50449,CREDIT,374.16,2026-09-23,POS,CAD,SUCCESS
904486,50276,CREDIT,2821.21,2026-07-27,POS,CAD,SUCCESS
904487,50211,CREDIT,2625.11,2026-08-28,ONLINE,CAD,SUCCESS
904488,51220,CREDIT,681.97,2026-09-25,ATM,CAD,SUCCESS
904489,50713,DEBIT,174.36,2026-09-04,POS,CAD,SUCCESS
904490,51028,DEBIT,2824.41,2026-08-04,ONLINE,CAD,SUCCESS
904491,50534,DEBIT,2764.5,2026-07-08,BRANCH,CAD,SUCCESS
904492,50111,CREDIT,3377.92,2026-09-24,ATM,CAD,SUCCESS
904493,51039,DEBIT,4827.32,2026-08-21,ONLINE,CAD,SUCCESS
904494,50637,DEBIT,4043.03,2026-08-16,BRANCH,CAD,SUCCESS
904495,51152,CREDIT,2995.34,2026-09-13,ONLINE,CAD,SUCCESS
904496,50791,DEBIT,1764.73,2026-07-20,ONLINE,CAD,SUCCESS
904497,50510,DEBIT,1707.26,2026-09-09,ATM,CAD,SUCCESS
904498,51157,DEBIT,4579.14,2026-08-08,ATM,CAD,SUCCESS
904499,50091,DEBIT,2146.7,2026-08-01,ONLINE,CAD,SUCCESS
904500,50662,DEBIT,3633.33,2026-07-31,ONLINE,CAD,SUCCESS
904501,50187,DEBIT,4821.79,2026-07-22,BRANCH,CAD,SUCCESS
904502,51195,DEBIT,3530.38,2026-07-23,BRANCH,CAD,SUCCESS
904503,50677,CREDIT,4035.78,2026-08-25,ATM,CAD,SUCCESS
904504,50610,CREDIT,4189.06,2026-08-08,ONLINE,CAD,SUCCESS
904505,51182,CREDIT,4681.33,2026-09-19,BRANCH,CAD,SUCCESS
904506,50880,CREDIT,4599.1,2026-09-28,ONLINE,CAD,SUCCESS
904507,50631,CREDIT,603.48,2026-07-18,POS,CAD,SUCCESS
904508,50239,DEBIT,2629.15,2026-09-09,ONLINE,CAD,SUCCESS
904509,51143,DEBIT,532.8,2026-08-25,POS,CAD,SUCCESS
904510,50339,CREDIT,2145.13,2026-08-20,ATM,CAD,SUCCESS
904511,50956,DEBIT,4693.62,2026-09-22,ONLINE,CAD,SUCCESS
904512,50565,DEBIT,1816.39,2026-09-29,ONLINE,CAD,SUCCESS
904513,50903,DEBIT,60.86,2026-07-22,BRANCH,CAD,SUCCESS
904514,50119,DEBIT,3953.46,2026-07-27,ONLINE,CAD,SUCCESS
904515,50719,CREDIT,815.29,2026-07-19,POS,CAD,SUCCESS
904516,50584,DEBIT,3375.74,2026-07-19,ONLINE,CAD,SUCCESS
904517,50194,DEBIT,2049.61,2026-07-27,ONLINE,CAD,SUCCESS
904518,50202,CREDIT,4160.76,2026-07-14,ONLINE,CAD,SUCCESS
904519,50990,DEBIT,2172.75,2026-08-07,ONLINE,CAD,SUCCESS
904520,50591,DEBIT,456.34,2026-08-02,POS,CAD,SUCCESS
904521,50991,CREDIT,2787.4,2026-08-02,ONLINE,CAD,SUCCESS
904522,50417,DEBIT,622.8,2026-08-27,BRANCH,CAD,SUCCESS
904523,50748,CREDIT,2617.58,2026-07-05,BRANCH,CAD,SUCCESS
904524,50439,DEBIT,982.18,2026-09-10,ATM,CAD,SUCCESS
904525,51072,CREDIT,2702.98,2026-09-05,BRANCH,CAD,SUCCESS
904526,50330,CREDIT,1228.04,2026-08-27,POS,CAD,SUCCESS
904527,50818,DEBIT,1678.17,2026-08-14,ATM,CAD,SUCCESS
904528,50417,DEBIT,2855.88,2026-08-02,ONLINE,CAD,SUCCESS
904529,51146,DEBIT,4782.09,2026-09-06,ATM,CAD,SUCCESS
904530,50025,DEBIT,298.35,2026-08-25,BRANCH,CAD,SUCCESS
904531,50101,DEBIT,4585.91,2026-08-29,ONLINE,CAD,SUCCESS
904532,50605,CREDIT,4283.04,2026-09-03,BRANCH,CAD,SUCCESS
904533,51138,DEBIT,4158.01,2026-08-25,ONLINE,CAD,SUCCESS
904534,50063,CREDIT,1095.16,2026-07-25,ATM,CAD,SUCCESS
904535,50290,DEBIT,757.34,2026-08-22,ONLINE,CAD,SUCCESS
904536,50626,DEBIT,2633.28,2026-07-25,POS,CAD,SUCCESS
904537,50058,DEBIT,4480.5,2026-07-19,BRANCH,CAD,SUCCESS
904538,50340,DEBIT,3740.53,2026-08-06,ATM,CAD,SUCCESS
904539,50705,DEBIT,4416.2,2026-07-06,POS,CAD,SUCCESS
904540,50472,CREDIT,2648.89,2026-08-06,ATM,CAD,SUCCESS
904541,50484,CREDIT,4939.45,2026-08-30,ONLINE,CAD,SUCCESS
904542,50083,CREDIT,1172.32,2026-08-23,BRANCH,CAD,SUCCESS
904543,50221,CREDIT,3034.39,2026-08-06,ONLINE,CAD,SUCCESS
904544,50415,CREDIT,415.37,2026-07-03,BRANCH,CAD,SUCCESS
904545,50029,CREDIT,2741.0,2026-08-08,POS,CAD,SUCCESS
904546,50195,DEBIT,1323.53,2026-08-27,ATM,CAD,SUCCESS
904547,50566,CREDIT,4664.21,2026-09-20,BRANCH,CAD,SUCCESS
904548,50871,DEBIT,2636.38,2026-09-10,POS,CAD,SUCCESS
904549,51227,CREDIT,2059.07,2026-08-24,ATM,CAD,SUCCESS
904550,50173,DEBIT,2421.43,2026-08-03,ATM,CAD,SUCCESS
904551,50220,CREDIT,871.59,2026-07-08,POS,CAD,SUCCESS
904552,50847,CREDIT,1420.22,2026-08-16,ONLINE,CAD,SUCCESS
904553,50253,CREDIT,4661.21,2026-08-02,ATM,CAD,SUCCESS
904554,51243,DEBIT,2789.76,2026-08-06,ONLINE,CAD,SUCCESS
904555,50203,DEBIT,4958.18,2026-08-30,BRANCH,CAD,SUCCESS
904556,50481,CREDIT,4571.56,2026-07-17,ATM,CAD,SUCCESS
904557,50422,CREDIT,1941.03,2026-09-01,ATM,CAD,SUCCESS
904558,50107,CREDIT,1344.7,2026-07-30,BRANCH,CAD,SUCCESS
904559,50393,CREDIT,3003.9,2026-08-03,ONLINE,CAD,SUCCESS
904560,51064,CREDIT,4949.49,2026-09-25,ATM,CAD,SUCCESS
904561,50082,DEBIT,4897.78,2026-07-11,BRANCH,CAD,SUCCESS
904562,51183,DEBIT,3472.57,2026-08-24,POS,CAD,SUCCESS
904563,51237,DEBIT,4252.18,2026-09-03,ATM,CAD,SUCCESS
904564,51214,DEBIT,2475.61,2026-07-04,BRANCH,CAD,SUCCESS
904565,50547,DEBIT,4637.91,2026-09-01,ATM,CAD,SUCCESS
904566,50862,CREDIT,3913.61,2026-07-28,ONLINE,CAD,SUCCESS
904567,50306,DEBIT,3451.19,2026-08-13,POS,CAD,SUCCESS
904568,50996,CREDIT,2926.26,2026-08-14,BRANCH,CAD,SUCCESS
904569,50399,DEBIT,3981.45,2026-08-23,ONLINE,CAD,SUCCESS
904570,51075,DEBIT,750.54,2026-08-23,BRANCH,CAD,SUCCESS
904571,50212,DEBIT,336.72,2026-09-04,ATM,CAD,SUCCESS
904572,50848,DEBIT,3674.04,2026-09-17,ONLINE,CAD,SUCCESS
904573,50699,CREDIT,3972.21,2026-07-11,ATM,CAD,SUCCESS
904574,50274,CREDIT,302.85,2026-07-08,BRANCH,CAD,SUCCESS
904575,50660,CREDIT,3561.38,2026-07-04,POS,CAD,SUCCESS
904576,50222,CREDIT,4727.27,2026-09-04,POS,CAD,SUCCESS
904577,51220,CREDIT,4052.45,2026-09-09,BRANCH,CAD,SUCCESS
904578,51145,CREDIT,1997.16,2026-07-10,ATM,CAD,SUCCESS
904579,50504,CREDIT,1835.32,2026-07-08,BRANCH,CAD,SUCCESS
904580,50439,DEBIT,3096.85,2026-09-08,POS,CAD,SUCCESS
904581,51221,CREDIT,3620.62,2026-08-05,BRANCH,CAD,SUCCESS
904582,50443,CREDIT,2736.84,2026-09-26,POS,CAD,SUCCESS
904583,51229,DEBIT,4707.21,2026-07-25,POS,CAD,SUCCESS
904584,50004,DEBIT,576.11,2026-07-06,ONLINE,CAD,SUCCESS
904585,51004,DEBIT,3154.79,2026-08-31,POS,CAD,SUCCESS
904586,50225,DEBIT,2429.18,2026-07-01,POS,CAD,SUCCESS
904587,50527,DEBIT,727.13,2026-09-08,BRANCH,CAD,SUCCESS
904588,50146,DEBIT,4005.73,2026-07-16,BRANCH,CAD,SUCCESS
904589,50561,DEBIT,4832.44,2026-07-17,ATM,CAD,SUCCESS
904590,51056,CREDIT,3300.07,2026-08-09,BRANCH,CAD,SUCCESS
904591,50227,CREDIT,4879.81,2026-09-24,BRANCH,CAD,SUCCESS
904592,50478,CREDIT,3983.93,2026-07-16,ONLINE,CAD,SUCCESS
904593,50597,CREDIT,1304.28,2026-07-20,POS,CAD,SUCCESS
904594,50434,CREDIT,2807.92,2026-08-27,ATM,CAD,SUCCESS
904595,50893,CREDIT,2421.53,2026-08-11,ATM,CAD,SUCCESS
904596,50308,DEBIT,1107.85,2026-07-11,ATM,CAD,SUCCESS
904597,50354,CREDIT,1428.11,2026-07-27,BRANCH,CAD,SUCCESS
904598,51011,DEBIT,4929.47,2026-07-12,ONLINE,CAD,SUCCESS
904599,50958,DEBIT,3924.03,2026-08-01,BRANCH,CAD,SUCCESS
904600,50345,DEBIT,4985.68,2026-07-15,ATM,CAD,SUCCESS
904601,50837,DEBIT,2323.36,2026-09-10,BRANCH,CAD,SUCCESS
904602,50287,DEBIT,4965.08,2026-07-19,POS,CAD,SUCCESS
904603,51247,DEBIT,516.86,2026-07-22,POS,CAD,SUCCESS
904604,50228,DEBIT,518.31,2026-08-24,ATM,CAD,SUCCESS
904605,50591,DEBIT,4356.22,2026-09-20,POS,CAD,SUCCESS
904606,50096,CREDIT,3913.53,2026-07-02,ONLINE,CAD,SUCCESS
904607,50805,DEBIT,3673.82,2026-08-07,ONLINE,CAD,SUCCESS
904608,50113,CREDIT,721.53,2026-09-02,POS,CAD,SUCCESS
904609,50037,CREDIT,3347.83,2026-08-21,ATM,CAD,SUCCESS
904610,50255,DEBIT,1496.81,2026-07-23,POS,CAD,SUCCESS
904611,50989,DEBIT,2797.91,2026-08-21,BRANCH,CAD,SUCCESS
904612,50099,CREDIT,1664.52,2026-09-10,BRANCH,CAD,SUCCESS
904613,50758,DEBIT,983.36,2026-07-30,POS,CAD,SUCCESS
904614,50288,CREDIT,2858.8,2026-07-11,POS,CAD,SUCCESS
904615,50057,DEBIT,2370.71,2026-08-11,ONLINE,CAD,SUCCESS
904616,50845,CREDIT,4067.98,2026-07-03,BRANCH,CAD,SUCCESS
904617,50392,DEBIT,4794.86,2026-08-03,ONLINE,CAD,SUCCESS
904618,50379,CREDIT,1448.59,2026-09-28,ATM,CAD,SUCCESS
904619,50654,CREDIT,2571.83,2026-09-22,ATM,CAD,SUCCESS
904620,50359,CREDIT,2879.77,2026-07-22,BRANCH,CAD,SUCCESS
904621,50875,CREDIT,3288.13,2026-08-14,ONLINE,CAD,SUCCESS
904622,50494,CREDIT,1724.89,2026-08-14,POS,CAD,SUCCESS
904623,50618,CREDIT,4559.76,2026-08-02,BRANCH,CAD,SUCCESS
904624,51191,CREDIT,76.34,2026-07-10,POS,CAD,SUCCESS
904625,51096,DEBIT,1092.99,2026-08-02,BRANCH,CAD,SUCCESS
904626,50406,DEBIT,4317.85,2026-09-13,POS,CAD,SUCCESS
904627,50847,DEBIT,3738.69,2026-09-16,ATM,CAD,SUCCESS
904628,50378,DEBIT,2333.64,2026-09-18,ONLINE,CAD,SUCCESS
904629,50497,DEBIT,2464.45,2026-09-16,POS,CAD,SUCCESS
904630,50086,CREDIT,4174.14,2026-07-09,ATM,CAD,SUCCESS
904631,51109,DEBIT,2128.99,2026-08-08,ATM,CAD,SUCCESS
904632,50416,DEBIT,4921.47,2026-07-17,ONLINE,CAD,SUCCESS
904633,50638,DEBIT,4785.54,2026-09-23,POS,CAD,SUCCESS
904634,50779,DEBIT,4742.13,2026-09-27,ONLINE,CAD,SUCCESS
904635,50470,DEBIT,4432.57,2026-07-31,BRANCH,CAD,SUCCESS
904636,50142,CREDIT,993.46,2026-07-31,ONLINE,CAD,SUCCESS
904637,51107,DEBIT,4429.31,2026-08-08,POS,CAD,SUCCESS
904638,50850,DEBIT,640.82,2026-09-04,POS,CAD,SUCCESS
904639,50930,CREDIT,1104.06,2026-09-19,POS,CAD,SUCCESS
904640,50730,DEBIT,3777.66,2026-08-12,ATM,CAD,SUCCESS
904641,50801,CREDIT,1948.0,2026-08-01,ONLINE,CAD,SUCCESS
904642,51230,CREDIT,3526.9,2026-07-19,POS,CAD,SUCCESS
904643,50933,CREDIT,1475.01,2026-07-09,BRANCH,CAD,SUCCESS
904644,50203,DEBIT,1231.23,2026-08-12,POS,CAD,SUCCESS
904645,50243,CREDIT,3731.69,2026-07-06,ONLINE,CAD,SUCCESS
904646,50999,DEBIT,265.28,2026-08-23,ATM,CAD,SUCCESS
904647,50491,DEBIT,4574.42,2026-09-03,BRANCH,CAD,SUCCESS
904648,50709,CREDIT,389.79,2026-08-30,ONLINE,CAD,SUCCESS
904649,51089,CREDIT,2936.08,2026-09-01,BRANCH,CAD,SUCCESS
904650,50204,CREDIT,2250.5,2026-09-20,ATM,CAD,SUCCESS
904651,50482,CREDIT,895.34,2026-09-02,BRANCH,CAD,SUCCESS
904652,51251,DEBIT,2777.31,2026-08-23,ONLINE,CAD,SUCCESS
904653,50142,CREDIT,3347.26,2026-09-13,BRANCH,CAD,SUCCESS
904654,50419,CREDIT,3984.5,2026-07-16,BRANCH,CAD,SUCCESS
904655,50443,CREDIT,810.91,2026-08-20,ATM,CAD,SUCCESS
904656,51251,DEBIT,766.35,2026-08-18,POS,CAD,SUCCESS
904657,50677,DEBIT,3296.55,2026-08-20,POS,CAD,SUCCESS
904658,51119,DEBIT,527.19,2026-08-22,ONLINE,CAD,SUCCESS
904659,50310,CREDIT,4935.34,2026-09-29,BRANCH,CAD,SUCCESS
904660,51241,DEBIT,2707.16,2026-07-14,BRANCH,CAD,SUCCESS
904661,50120,DEBIT,245.09,2026-09-19,ATM,CAD,SUCCESS
904662,50982,CREDIT,4107.97,2026-07-09,BRANCH,CAD,SUCCESS
904663,50897,DEBIT,3789.19,2026-08-01,POS,CAD,SUCCESS
904664,50387,CREDIT,715.58,2026-08-21,ONLINE,CAD,SUCCESS
904665,51187,CREDIT,3245.44,2026-09-23,ATM,CAD,SUCCESS
904666,50481,CREDIT,2366.24,2026-09-24,POS,CAD,SUCCESS
904667,50729,CREDIT,4603.1,2026-07-12,POS,CAD,SUCCESS
904668,50976,DEBIT,3590.26,2026-07-23,ONLINE,CAD,SUCCESS
904669,50149,DEBIT,3928.88,2026-07-18,BRANCH,CAD,SUCCESS
904670,50748,CREDIT,3703.04,2026-08-14,ATM,CAD,SUCCESS
904671,50480,DEBIT,2458.72,2026-09-09,ONLINE,CAD,SUCCESS
904672,50361,DEBIT,542.67,2026-07-31,BRANCH,CAD,SUCCESS
904673,51183,CREDIT,3660.77,2026-07-23,BRANCH,CAD,SUCCESS
904674,50303,DEBIT,1424.77,2026-08-09,BRANCH,CAD,SUCCESS
904675,51215,CREDIT,3248.92,2026-09-19,ATM,CAD,SUCCESS
904676,50190,CREDIT,351.4,2026-08-05,POS,CAD,SUCCESS
904677,51236,CREDIT,1685.94,2026-09-12,ONLINE,CAD,SUCCESS
904678,50311,DEBIT,3183.24,2026-08-11,ATM,CAD,SUCCESS
904679,50074,DEBIT,826.02,2026-08-22,ATM,CAD,SUCCESS
904680,51108,DEBIT,423.51,2026-07-12,BRANCH,CAD,SUCCESS
904681,50864,CREDIT,660.16,2026-07-30,BRANCH,CAD,SUCCESS
904682,50088,CREDIT,1847.58,2026-07-25,ONLINE,CAD,SUCCESS
904683,50498,DEBIT,384.46,2026-07-19,ONLINE,CAD,SUCCESS
904684,50774,DEBIT,2537.16,2026-08-30,ATM,CAD,SUCCESS
904685,50783,DEBIT,76.8,2026-09-25,BRANCH,CAD,SUCCESS
904686,51206,CREDIT,4769.98,2026-09-15,ONLINE,CAD,SUCCESS
904687,50330,CREDIT,4987.11,2026-07-23,ONLINE,CAD,SUCCESS
904688,50785,CREDIT,113.65,2026-07-09,POS,CAD,SUCCESS
904689,50126,CREDIT,2558.71,2026-08-18,ATM,CAD,SUCCESS
904690,50301,DEBIT,3539.38,2026-08-24,ATM,CAD,SUCCESS
904691,50219,CREDIT,61.09,2026-09-27,ONLINE,CAD,SUCCESS
904692,50332,DEBIT,2259.32,2026-09-07,POS,CAD,SUCCESS
904693,51246,CREDIT,3425.73,2026-09-14,ONLINE,CAD,SUCCESS
904694,50156,DEBIT,4853.76,2026-07-22,ATM,CAD,SUCCESS
904695,50652,DEBIT,1583.56,2026-07-22,POS,CAD,SUCCESS
904696,50757,DEBIT,4981.87,2026-07-09,ATM,CAD,SUCCESS
904697,50871,DEBIT,601.63,2026-09-14,POS,CAD,SUCCESS
904698,50207,DEBIT,3587.33,2026-09-23,POS,CAD,SUCCESS
904699,51077,DEBIT,2621.13,2026-08-20,ATM,CAD,SUCCESS
904700,50193,CREDIT,3734.3,2026-09-29,ONLINE,CAD,SUCCESS
904701,50783,DEBIT,4466.71,2026-09-08,POS,CAD,SUCCESS
904702,50971,CREDIT,3527.89,2026-07-26,BRANCH,CAD,SUCCESS
904703,50249,DEBIT,2820.75,2026-09-11,BRANCH,CAD,SUCCESS
904704,51222,CREDIT,1401.3,2026-09-22,ONLINE,CAD,SUCCESS
904705,50698,DEBIT,4590.48,2026-09-20,ATM,CAD,SUCCESS
904706,50830,CREDIT,4628.61,2026-08-14,BRANCH,CAD,SUCCESS
904707,50538,DEBIT,2514.05,2026-08-05,ONLINE,CAD,SUCCESS
904708,50102,CREDIT,1598.81,2026-08-10,ONLINE,CAD,SUCCESS
904709,50592,CREDIT,4409.82,2026-07-03,POS,CAD,SUCCESS
904710,50505,CREDIT,4649.94,2026-09-03,BRANCH,CAD,SUCCESS
904711,50742,DEBIT,94.16,2026-08-26,BRANCH,CAD,SUCCESS
904712,50379,CREDIT,1304.28,2026-07-30,BRANCH,CAD,SUCCESS
904713,51083,CREDIT,318.32,2026-08-09,ATM,CAD,SUCCESS
904714,50013,DEBIT,1835.62,2026-08-07,BRANCH,CAD,SUCCESS
904715,50159,CREDIT,850.3,2026-09-10,ONLINE,CAD,SUCCESS
904716,50228,DEBIT,1042.18,2026-08-30,POS,CAD,SUCCESS
904717,51227,CREDIT,2222.17,2026-09-05,ATM,CAD,SUCCESS
904718,50373,CREDIT,3579.68,2026-07-05,BRANCH,CAD,SUCCESS
904719,50092,CREDIT,802.43,2026-09-18,POS,CAD,SUCCESS
904720,50640,CREDIT,2549.2,2026-07-03,POS,CAD,SUCCESS
904721,51030,CREDIT,1238.01,2026-07-15,BRANCH,CAD,SUCCESS
904722,50691,CREDIT,3241.81,2026-07-07,POS,CAD,SUCCESS
904723,51045,CREDIT,916.08,2026-09-26,ATM,CAD,SUCCESS
904724,50633,CREDIT,2982.93,2026-07-21,BRANCH,CAD,SUCCESS
904725,50466,DEBIT,4335.2,2026-08-09,POS,CAD,SUCCESS
904726,50049,DEBIT,4246.94,2026-07-18,POS,CAD,SUCCESS
904727,50219,DEBIT,3964.61,2026-08-06,BRANCH,CAD,SUCCESS
904728,51224,DEBIT,17.94,2026-07-26,ATM,CAD,SUCCESS
904729,50817,DEBIT,2146.98,2026-09-23,ATM,CAD,SUCCESS
904730,50699,CREDIT,2835.71,2026-08-09,ATM,CAD,SUCCESS
904731,50355,DEBIT,45.18,2026-08-13,ONLINE,CAD,SUCCESS
904732,50333,DEBIT,389.28,2026-08-08,BRANCH,CAD,SUCCESS
904733,50731,DEBIT,4871.29,2026-08-12,ONLINE,CAD,SUCCESS
904734,51183,CREDIT,1446.49,2026-09-26,BRANCH,CAD,SUCCESS
904735,51110,DEBIT,4353.99,2026-07-03,ONLINE,CAD,SUCCESS
904736,50007,CREDIT,3155.02,2026-07-24,ATM,CAD,SUCCESS
904737,50502,DEBIT,1768.24,2026-07-24,POS,CAD,SUCCESS
904738,50688,CREDIT,709.68,2026-07-22,ATM,CAD,SUCCESS
904739,50406,CREDIT,1575.51,2026-09-01,ATM,CAD,SUCCESS
904740,50350,CREDIT,604.31,2026-09-25,ONLINE,CAD,SUCCESS
904741,50318,CREDIT,143.44,2026-09-17,POS,CAD,SUCCESS
904742,50648,DEBIT,2949.84,2026-07-31,ONLINE,CAD,SUCCESS
904743,50459,CREDIT,2878.25,2026-09-29,POS,CAD,SUCCESS
904744,50238,CREDIT,1827.44,2026-08-09,ATM,CAD,SUCCESS
904745,51042,CREDIT,3499.63,2026-08-09,BRANCH,CAD,SUCCESS
904746,50097,CREDIT,2521.45,2026-07-01,ONLINE,CAD,SUCCESS
904747,50946,CREDIT,983.59,2026-08-11,POS,CAD,SUCCESS
904748,50468,CREDIT,1765.38,2026-07-10,ONLINE,CAD,SUCCESS
904749,50115,CREDIT,2223.83,2026-08-10,ONLINE,CAD,SUCCESS
904750,50668,CREDIT,3206.45,2026-08-29,POS,CAD,SUCCESS
904751,51109,CREDIT,2208.87,2026-09-18,ATM,CAD,SUCCESS
904752,50503,DEBIT,1409.96,2026-08-14,POS,CAD,SUCCESS
904753,50188,DEBIT,748.57,2026-09-10,ONLINE,CAD,SUCCESS
904754,51131,CREDIT,4092.82,2026-07-12,ONLINE,CAD,SUCCESS
904755,50782,DEBIT,2111.9,2026-08-28,BRANCH,CAD,SUCCESS
904756,51036,DEBIT,4540.51,2026-07-11,POS,CAD,SUCCESS
904757,50901,CREDIT,3548.81,2026-08-10,BRANCH,CAD,SUCCESS
904758,50868,CREDIT,1658.55,2026-08-16,ONLINE,CAD,SUCCESS
904759,50191,CREDIT,3098.49,2026-09-22,ONLINE,CAD,SUCCESS
904760,51220,CREDIT,3292.8,2026-07-25,POS,CAD,SUCCESS
904761,50311,DEBIT,2426.86,2026-09-19,ONLINE,CAD,SUCCESS
904762,51197,CREDIT,3757.56,2026-09-06,ATM,CAD,SUCCESS
904763,50964,DEBIT,715.64,2026-08-07,ATM,CAD,SUCCESS
904764,50792,DEBIT,761.65,2026-07-08,BRANCH,CAD,SUCCESS
904765,50434,DEBIT,4517.07,2026-08-17,POS,CAD,SUCCESS
904766,50043,DEBIT,3682.35,2026-09-02,BRANCH,CAD,SUCCESS
904767,50055,DEBIT,2664.59,2026-09-08,ONLINE,CAD,SUCCESS
904768,50578,CREDIT,749.46,2026-08-06,ATM,CAD,SUCCESS
904769,50354,CREDIT,1909.39,2026-09-26,POS,CAD,SUCCESS
904770,51059,DEBIT,4130.16,2026-07-14,POS,CAD,SUCCESS
904771,50610,CREDIT,3504.69,2026-07-15,BRANCH,CAD,SUCCESS
904772,50313,CREDIT,2434.19,2026-07-13,ATM,CAD,SUCCESS
904773,50312,CREDIT,800.63,2026-07-03,ONLINE,CAD,SUCCESS
904774,50403,CREDIT,2057.09,2026-09-29,ATM,CAD,SUCCESS
904775,50540,DEBIT,4711.87,2026-08-06,ONLINE,CAD,SUCCESS
904776,51155,DEBIT,1684.84,2026-09-26,ATM,CAD,SUCCESS
904777,50790,CREDIT,1763.03,2026-08-09,ATM,CAD,SUCCESS
904778,50082,CREDIT,843.68,2026-08-25,ONLINE,CAD,SUCCESS
904779,50512,DEBIT,187.32,2026-09-03,BRANCH,CAD,SUCCESS
904780,50409,CREDIT,157.37,2026-08-19,BRANCH,CAD,SUCCESS
904781,50497,CREDIT,4888.92,2026-08-01,BRANCH,CAD,SUCCESS
904782,50189,DEBIT,2472.57,2026-08-09,POS,CAD,SUCCESS
904783,50101,DEBIT,4161.9,2026-08-21,POS,CAD,SUCCESS
904784,51119,CREDIT,4220.52,2026-09-25,ONLINE,CAD,SUCCESS
904785,51033,CREDIT,1223.76,2026-09-25,BRANCH,CAD,SUCCESS
904786,50090,DEBIT,910.7,2026-09-02,POS,CAD,SUCCESS
904787,50946,CREDIT,3761.19,2026-09-12,ONLINE,CAD,SUCCESS
904788,50990,DEBIT,2612.95,2026-08-15,ONLINE,CAD,SUCCESS
904789,50058,CREDIT,4346.84,2026-09-13,BRANCH,CAD,SUCCESS
904790,50741,CREDIT,2660.95,2026-07-16,POS,CAD,SUCCESS
904791,50199,DEBIT,2574.48,2026-07-23,ONLINE,CAD,SUCCESS
904792,50681,DEBIT,4689.71,2026-09-20,ATM,CAD,SUCCESS
904793,50184,DEBIT,1423.64,2026-07-31,BRANCH,CAD,SUCCESS
904794,50901,CREDIT,3702.54,2026-08-19,POS,CAD,SUCCESS
904795,50654,CREDIT,1160.75,2026-08-07,BRANCH,CAD,SUCCESS
904796,51191,DEBIT,1720.23,2026-07-06,BRANCH,CAD,SUCCESS
904797,51056,DEBIT,1655.23,2026-07-22,POS,CAD,SUCCESS
904798,50063,DEBIT,4901.65,2026-09-21,BRANCH,CAD,SUCCESS
904799,50348,CREDIT,2578.31,2026-09-22,BRANCH,CAD,SUCCESS
904800,51086,CREDIT,337.63,2026-08-01,ATM,CAD,SUCCESS
904801,50373,CREDIT,3600.79,2026-07-10,BRANCH,CAD,SUCCESS
904802,50941,CREDIT,1921.17,2026-08-04,POS,CAD,SUCCESS
904803,50133,CREDIT,4709.53,2026-09-26,BRANCH,CAD,SUCCESS
904804,51205,DEBIT,37.59,2026-08-09,BRANCH,CAD,SUCCESS
904805,50681,DEBIT,203.6,2026-09-11,ONLINE,CAD,SUCCESS
904806,51212,DEBIT,3592.81,2026-09-12,ATM,CAD,SUCCESS
904807,50878,DEBIT,3999.51,2026-08-16,ONLINE,CAD,SUCCESS
904808,50764,DEBIT,3434.64,2026-08-26,ATM,CAD,SUCCESS
904809,50649,DEBIT,3477.02,2026-09-06,BRANCH,CAD,SUCCESS
904810,50580,CREDIT,3387.06,2026-07-15,ONLINE,CAD,SUCCESS
904811,51047,DEBIT,3257.86,2026-07-05,POS,CAD,SUCCESS
904812,50447,CREDIT,3083.24,2026-08-28,ATM,CAD,SUCCESS
904813,50688,CREDIT,3768.12,2026-08-15,POS,CAD,SUCCESS
904814,50543,CREDIT,4458.92,2026-08-26,POS,CAD,SUCCESS
904815,51226,DEBIT,847.41,2026-07-08,ATM,CAD,SUCCESS
904816,51086,DEBIT,2870.58,2026-07-28,ONLINE,CAD,SUCCESS
904817,50689,DEBIT,2807.6,2026-07-12,POS,CAD,SUCCESS
904818,50001,CREDIT,1764.9,2026-08-11,POS,CAD,SUCCESS
904819,50059,CREDIT,4624.53,2026-09-14,BRANCH,CAD,SUCCESS
904820,50517,DEBIT,1028.01,2026-07-24,ONLINE,CAD,SUCCESS
904821,50494,DEBIT,1539.99,2026-07-19,POS,CAD,SUCCESS
904822,50300,CREDIT,2400.33,2026-09-08,BRANCH,CAD,SUCCESS
904823,51236,CREDIT,77.11,2026-08-13,ONLINE,CAD,SUCCESS
904824,51184,CREDIT,997.0,2026-09-20,ATM,CAD,SUCCESS
904825,51212,DEBIT,2878.65,2026-08-22,POS,CAD,SUCCESS
904826,50555,CREDIT,2673.57,2026-08-24,ONLINE,CAD,SUCCESS
904827,51092,CREDIT,3996.04,2026-09-19,ATM,CAD,SUCCESS
904828,50279,CREDIT,2669.71,2026-09-18,POS,CAD,SUCCESS
904829,50558,CREDIT,1453.84,2026-07-28,POS,CAD,SUCCESS
904830,50884,DEBIT,766.15,2026-08-25,ONLINE,CAD,SUCCESS
904831,51114,CREDIT,2054.28,2026-08-26,ATM,CAD,SUCCESS
904832,50553,DEBIT,3917.67,2026-07-28,ONLINE,CAD,SUCCESS
904833,50492,DEBIT,1069.83,2026-09-19,ONLINE,CAD,SUCCESS
904834,50417,DEBIT,3714.45,2026-09-20,ONLINE,CAD,SUCCESS
904835,50770,CREDIT,4863.92,2026-08-08,ATM,CAD,SUCCESS
904836,51149,DEBIT,3821.24,2026-07-01,BRANCH,CAD,SUCCESS
904837,50942,CREDIT,4451.51,2026-07-07,ONLINE,CAD,SUCCESS
904838,51046,DEBIT,299.42,2026-07-26,BRANCH,CAD,SUCCESS
904839,50477,DEBIT,2435.04,2026-07-28,BRANCH,CAD,SUCCESS
904840,50462,CREDIT,4595.32,2026-08-09,ONLINE,CAD,SUCCESS
904841,51022,CREDIT,682.84,2026-08-23,BRANCH,CAD,SUCCESS
904842,50851,CREDIT,4145.16,2026-09-18,ONLINE,CAD,SUCCESS
904843,50771,DEBIT,437.8,2026-07-03,ONLINE,CAD,SUCCESS
904844,51192,DEBIT,2403.3,2026-08-07,ONLINE,CAD,SUCCESS
904845,50401,DEBIT,2567.78,2026-09-18,POS,CAD,SUCCESS
904846,50211,CREDIT,4627.85,2026-08-26,ATM,CAD,SUCCESS
904847,50683,DEBIT,1720.2,2026-08-14,POS,CAD,SUCCESS
904848,51039,CREDIT,3915.8,2026-09-19,POS,CAD,SUCCESS
904849,51078,CREDIT,4023.88,2026-07-04,POS,CAD,SUCCESS
904850,51230,DEBIT,3393.1,2026-08-01,ONLINE,CAD,SUCCESS
904851,50191,DEBIT,1742.75,2026-09-06,BRANCH,CAD,SUCCESS
904852,51172,DEBIT,3582.09,2026-09-25,ATM,CAD,SUCCESS
904853,50290,DEBIT,2019.42,2026-07-12,BRANCH,CAD,SUCCESS
904854,50685,DEBIT,987.92,2026-07-26,POS,CAD,SUCCESS
904855,50955,DEBIT,2031.17,2026-09-07,ATM,CAD,SUCCESS
904856,50435,DEBIT,3720.99,2026-09-25,ONLINE,CAD,SUCCESS
904857,51148,CREDIT,3695.13,2026-08-18,BRANCH,CAD,SUCCESS
904858,50034,DEBIT,330.73,2026-09-01,ONLINE,CAD,SUCCESS
904859,50329,DEBIT,3159.49,2026-08-05,BRANCH,CAD,SUCCESS
904860,50509,DEBIT,3700.33,2026-07-14,ONLINE,CAD,SUCCESS
904861,50631,DEBIT,1745.12,2026-09-04,ATM,CAD,SUCCESS
904862,50163,CREDIT,4413.39,2026-07-08,ATM,CAD,SUCCESS
904863,50448,DEBIT,1416.57,2026-09-21,ONLINE,CAD,SUCCESS
904864,50311,CREDIT,4663.16,2026-09-08,POS,CAD,SUCCESS
904865,51032,DEBIT,3060.59,2026-09-19,ONLINE,CAD,SUCCESS
904866,50793,DEBIT,3414.96,2026-08-13,POS,CAD,SUCCESS
904867,50592,DEBIT,3775.61,2026-08-30,ATM,CAD,SUCCESS
904868,50433,DEBIT,1839.71,2026-08-13,ONLINE,CAD,SUCCESS
904869,50366,DEBIT,4544.64,2026-08-27,ONLINE,CAD,SUCCESS
904870,50842,DEBIT,4253.4,2026-07-18,BRANCH,CAD,SUCCESS
904871,50119,CREDIT,2953.02,2026-08-20,ONLINE,CAD,SUCCESS
904872,50027,CREDIT,3596.14,2026-08-31,POS,CAD,SUCCESS
904873,50550,DEBIT,3347.99,2026-07-05,ATM,CAD,SUCCESS
904874,51029,CREDIT,4107.51,2026-08-10,ATM,CAD,SUCCESS
904875,50927,CREDIT,1797.96,2026-08-21,ONLINE,CAD,SUCCESS
904876,51229,DEBIT,2089.39,2026-07-31,BRANCH,CAD,SUCCESS
904877,50456,DEBIT,3346.19,2026-07-11,BRANCH,CAD,SUCCESS
904878,50126,CREDIT,1780.04,2026-08-13,POS,CAD,SUCCESS
904879,50156,CREDIT,2532.4,2026-08-12,ATM,CAD,SUCCESS
904880,50172,DEBIT,2960.5,2026-08-10,ATM,CAD,SUCCESS
904881,51054,DEBIT,3108.03,2026-07-27,POS,CAD,SUCCESS
904882,50579,CREDIT,1846.86,2026-07-04,ATM,CAD,SUCCESS
904883,50811,DEBIT,4739.45,2026-08-21,POS,CAD,SUCCESS
904884,50148,DEBIT,4202.29,2026-09-05,POS,CAD,SUCCESS
904885,51061,DEBIT,3678.06,2026-09-25,POS,CAD,SUCCESS
904886,50569,DEBIT,640.09,2026-07-06,ONLINE,CAD,SUCCESS
904887,51083,CREDIT,192.43,2026-09-10,ATM,CAD,SUCCESS
904888,51125,DEBIT,982.57,2026-07-14,POS,CAD,SUCCESS
904889,50166,CREDIT,1153.48,2026-08-28,ATM,CAD,SUCCESS
904890,50014,DEBIT,4404.17,2026-08-10,ATM,CAD,SUCCESS
904891,50937,DEBIT,2310.06,2026-09-15,ONLINE,CAD,SUCCESS
904892,50466,CREDIT,1514.15,2026-08-24,ATM,CAD,SUCCESS
904893,50430,DEBIT,776.49,2026-09-08,ATM,CAD,SUCCESS
904894,50763,CREDIT,3512.91,2026-08-02,ONLINE,CAD,SUCCESS
904895,50263,DEBIT,1482.64,2026-09-03,ATM,CAD,SUCCESS
904896,50240,DEBIT,706.52,2026-07-02,ATM,CAD,SUCCESS
904897,50921,DEBIT,1414.54,2026-08-22,ONLINE,CAD,SUCCESS
904898,50517,DEBIT,4792.62,2026-08-17,POS,CAD,SUCCESS
904899,50459,CREDIT,4457.56,2026-08-24,ATM,CAD,SUCCESS
904900,50290,CREDIT,1759.28,2026-07-23,ONLINE,CAD,SUCCESS
904901,50545,CREDIT,3950.75,2026-08-06,BRANCH,CAD,SUCCESS
904902,51072,CREDIT,2674.6,2026-09-14,POS,CAD,SUCCESS
904903,50978,CREDIT,1534.74,2026-09-15,ONLINE,CAD,SUCCESS
904904,50609,CREDIT,1613.8,2026-09-29,ATM,CAD,SUCCESS
904905,50309,DEBIT,2087.83,2026-08-29,POS,CAD,SUCCESS
904906,50570,DEBIT,2334.86,2026-09-16,POS,CAD,SUCCESS
904907,50582,DEBIT,3394.27,2026-09-09,BRANCH,CAD,SUCCESS
904908,50147,CREDIT,2234.03,2026-08-30,ATM,CAD,SUCCESS
904909,50967,DEBIT,2838.75,2026-07-25,POS,CAD,SUCCESS
904910,50120,DEBIT,3900.1,2026-07-07,ATM,CAD,SUCCESS
904911,50337,CREDIT,1333.36,2026-07-16,ATM,CAD,SUCCESS
904912,50423,CREDIT,340.03,2026-09-03,ONLINE,CAD,SUCCESS
904913,50610,CREDIT,4706.33,2026-07-14,ATM,CAD,SUCCESS
904914,50607,CREDIT,1059.41,2026-07-26,BRANCH,CAD,SUCCESS
904915,50631,CREDIT,3764.68,2026-08-07,POS,CAD,SUCCESS
904916,50228,CREDIT,170.94,2026-09-27,BRANCH,CAD,SUCCESS
904917,50891,DEBIT,1297.99,2026-07-01,ATM,CAD,SUCCESS
904918,50513,DEBIT,559.44,2026-09-16,ONLINE,CAD,SUCCESS
904919,50407,CREDIT,3540.79,2026-08-16,BRANCH,CAD,SUCCESS
904920,50957,DEBIT,2609.26,2026-07-14,ATM,CAD,SUCCESS
904921,50313,CREDIT,4347.5,2026-07-07,ATM,CAD,SUCCESS
904922,50979,DEBIT,3275.32,2026-08-19,POS,CAD,SUCCESS
904923,50087,CREDIT,1561.75,2026-09-27,POS,CAD,SUCCESS
904924,50911,CREDIT,2933.83,2026-07-24,ATM,CAD,SUCCESS
904925,50625,CREDIT,4759.09,2026-08-24,POS,CAD,SUCCESS
904926,51160,DEBIT,2233.15,2026-07-29,POS,CAD,SUCCESS
904927,50320,CREDIT,771.07,2026-07-07,BRANCH,CAD,SUCCESS
904928,50052,DEBIT,342.14,2026-08-30,ONLINE,CAD,SUCCESS
904929,50109,DEBIT,3200.16,2026-09-11,POS,CAD,SUCCESS
904930,50853,CREDIT,4289.5,2026-07-04,BRANCH,CAD,SUCCESS
904931,50129,DEBIT,2164.43,2026-07-09,BRANCH,CAD,SUCCESS
904932,50155,CREDIT,1433.96,2026-08-13,ONLINE,CAD,SUCCESS
904933,50452,DEBIT,97.92,2026-07-16,ONLINE,CAD,SUCCESS
904934,50854,DEBIT,1997.49,2026-08-08,BRANCH,CAD,SUCCESS
904935,50525,DEBIT,1490.89,2026-09-10,ATM,CAD,SUCCESS
904936,50189,CREDIT,3027.49,2026-08-13,ATM,CAD,SUCCESS
904937,50552,CREDIT,1547.05,2026-09-06,BRANCH,CAD,SUCCESS
904938,50337,DEBIT,2723.48,2026-07-16,ONLINE,CAD,SUCCESS
904939,50926,CREDIT,56.43,2026-08-09,ATM,CAD,SUCCESS
904940,50171,CREDIT,470.89,2026-09-19,BRANCH,CAD,SUCCESS
904941,50776,DEBIT,4694.54,2026-07-13,ONLINE,CAD,SUCCESS
904942,51231,DEBIT,4577.46,2026-08-25,ATM,CAD,SUCCESS
904943,50584,CREDIT,265.61,2026-09-16,POS,CAD,SUCCESS
904944,50910,DEBIT,1104.77,2026-07-26,BRANCH,CAD,SUCCESS
904945,50073,DEBIT,3984.33,2026-08-02,ONLINE,CAD,SUCCESS
904946,50602,CREDIT,3118.75,2026-09-20,ATM,CAD,SUCCESS
904947,50691,DEBIT,2448.04,2026-09-04,POS,CAD,SUCCESS
904948,50568,CREDIT,2667.21,2026-08-30,BRANCH,CAD,SUCCESS
904949,50136,DEBIT,4460.09,2026-09-15,ATM,CAD,SUCCESS
904950,51173,DEBIT,2566.89,2026-08-05,POS,CAD,SUCCESS
904951,51134,DEBIT,2399.38,2026-09-25,ATM,CAD,SUCCESS
904952,50256,CREDIT,4351.07,2026-07-27,POS,CAD,SUCCESS
904953,51083,CREDIT,401.73,2026-08-17,BRANCH,CAD,SUCCESS
904954,50095,DEBIT,3979.89,2026-08-03,BRANCH,CAD,SUCCESS
904955,50743,DEBIT,514.13,2026-09-04,ONLINE,CAD,SUCCESS
904956,50396,DEBIT,1807.6,2026-07-30,ATM,CAD,SUCCESS
904957,50615,CREDIT,1722.48,2026-07-15,POS,CAD,SUCCESS
904958,51064,DEBIT,1597.04,2026-08-01,ONLINE,CAD,SUCCESS
904959,50054,DEBIT,4033.89,2026-07-12,ATM,CAD,SUCCESS
904960,50323,DEBIT,2800.1,2026-07-16,BRANCH,CAD,SUCCESS
904961,50774,CREDIT,3995.56,2026-07-12,ONLINE,CAD,SUCCESS
904962,51239,DEBIT,3837.64,2026-08-01,ATM,CAD,SUCCESS
904963,50033,CREDIT,2381.08,2026-08-31,BRANCH,CAD,SUCCESS
904964,50603,DEBIT,4366.8,2026-07-15,BRANCH,CAD,SUCCESS
904965,50371,CREDIT,3905.87,2026-07-05,BRANCH,CAD,SUCCESS
904966,50472,CREDIT,3773.19,2026-07-13,ATM,CAD,SUCCESS
904967,50298,CREDIT,23.66,2026-09-21,BRANCH,CAD,SUCCESS
904968,50944,CREDIT,1341.85,2026-07-31,BRANCH,CAD,SUCCESS
904969,51099,CREDIT,1804.0,2026-09-24,BRANCH,CAD,SUCCESS
904970,50074,DEBIT,4568.13,2026-08-03,POS,CAD,SUCCESS
904971,50636,DEBIT,3070.56,2026-07-28,ONLINE,CAD,SUCCESS
904972,50776,DEBIT,3267.14,2026-09-20,POS,CAD,SUCCESS
904973,50926,CREDIT,2714.86,2026-09-26,POS,CAD,SUCCESS
904974,50936,DEBIT,629.06,2026-08-19,BRANCH,CAD,SUCCESS
904975,50999,DEBIT,581.36,2026-07-29,BRANCH,CAD,SUCCESS
904976,50803,CREDIT,2620.74,2026-08-08,ATM,CAD,SUCCESS
904977,51082,DEBIT,2585.19,2026-09-21,POS,CAD,SUCCESS
904978,50779,CREDIT,4308.46,2026-09-26,POS,CAD,SUCCESS
904979,50038,CREDIT,170.01,2026-08-08,ATM,CAD,SUCCESS
904980,51180,CREDIT,440.7,2026-08-15,POS,CAD,SUCCESS
904981,50584,DEBIT,4354.16,2026-07-13,BRANCH,CAD,SUCCESS
904982,50675,CREDIT,4074.4,2026-09-05,BRANCH,CAD,SUCCESS
904983,50923,DEBIT,980.96,2026-08-14,POS,CAD,SUCCESS
904984,51112,CREDIT,4753.44,2026-07-08,ATM,CAD,SUCCESS
904985,50277,CREDIT,4824.26,2026-08-13,ATM,CAD,SUCCESS
904986,50397,CREDIT,4915.25,2026-08-08,POS,CAD,SUCCESS
904987,51009,CREDIT,1624.34,2026-09-27,BRANCH,CAD,SUCCESS
904988,50401,CREDIT,867.78,2026-08-21,BRANCH,CAD,SUCCESS
904989,50934,CREDIT,2272.38,2026-09-26,ATM,CAD,SUCCESS
904990,51184,DEBIT,3163.21,2026-09-23,BRANCH,CAD,SUCCESS
904991,50123,DEBIT,2804.51,2026-09-19,ATM,CAD,SUCCESS
904992,50529,DEBIT,619.61,2026-07-17,POS,CAD,SUCCESS
904993,51246,CREDIT,4975.75,2026-09-10,POS,CAD,SUCCESS
904994,50446,CREDIT,4517.94,2026-08-17,ONLINE,CAD,SUCCESS
904995,50938,DEBIT,412.68,2026-09-06,BRANCH,CAD,SUCCESS
904996,51120,CREDIT,2657.9,2026-09-02,POS,CAD,SUCCESS
904997,51086,CREDIT,4171.53,2026-09-28,POS,CAD,SUCCESS
904998,50677,CREDIT,2273.25,2026-09-14,BRANCH,CAD,SUCCESS
904999,50801,DEBIT,388.0,2026-09-09,ONLINE,CAD,SUCCESS
905000,50366,DEBIT,1602.01,2026-07-06,ATM,CAD,SUCCESS
